model,disk_id,drive_score,drive_label,n_final_windows,final_window_start,final_window_end
MB1,70,0.4931526780128479,0,30,2019-10-03,2019-11-01
MB1,237,0.4931526780128479,0,30,2019-11-02,2019-12-01
MB1,302,0.4931526780128479,0,30,2019-11-02,2019-12-01
MB1,409,0.4931526780128479,0,30,2019-11-02,2019-12-01
MB1,435,0.4931526780128479,0,30,2019-11-02,2019-12-01
MB1,536,0.4931526780128479,0,30,2019-11-02,2019-12-01
MB1,702,0.4931526780128479,0,30,2019-11-02,2019-12-01
MB1,704,0.4931526780128479,0,30,2019-11-02,2019-12-01
MB1,808,0.4931526780128479,0,18,2019-11-14,2019-12-01
MB1,931,0.4931526780128479,0,30,2019-11-02,2019-12-01
MB1,955,0.4931526780128479,0,30,2019-11-02,2019-12-01
MB1,1103,0.4931526780128479,0,30,2019-11-02,2019-12-01
MB1,1197,0.4931526780128479,0,30,2019-11-02,2019-12-01
MB1,1249,0.4931526780128479,0,30,2019-11-02,2019-12-01
MB1,1307,0.4931526780128479,0,30,2019-11-02,2019-12-01
MB1,1332,0.4931526780128479,0,30,2019-11-02,2019-12-01
MB1,1335,0.4931526780128479,0,30,2019-11-02,2019-12-01
MB1,1358,0.4931526780128479,0,30,2019-11-02,2019-12-01
MB1,1380,0.4931526780128479,0,30,2019-11-02,2019-12-01
MB1,1447,0.4931526780128479,0,30,2019-11-02,2019-12-01
MB1,1448,0.4931526780128479,0,30,2019-11-02,2019-12-01
MB1,1558,0.4931526780128479,0,30,2019-11-02,2019-12-01
MB1,1625,0.4931526780128479,0,30,2019-11-02,2019-12-01
MB1,1647,0.4931526780128479,0,30,2019-11-02,2019-12-01
MB1,1778,0.4931526780128479,0,30,2019-11-02,2019-12-01
MB1,1906,0.4931526780128479,0,30,2019-11-02,2019-12-01
MB1,1911,0.4931526780128479,0,30,2019-11-02,2019-12-01
MB1,2192,0.4931526780128479,0,30,2019-11-02,2019-12-01
MB1,2328,0.4931526780128479,0,30,2019-11-02,2019-12-01
MB1,2369,0.4931526780128479,0,30,2019-10-19,2019-11-17
MB1,2450,0.4931526780128479,0,30,2019-11-02,2019-12-01
MB1,2594,0.4931526780128479,0,30,2019-11-02,2019-12-01
MB1,2632,0.4931526780128479,0,30,2019-11-02,2019-12-01
MB1,2634,0.4931526780128479,0,30,2019-11-02,2019-12-01
MB1,2746,0.4931526780128479,0,30,2019-11-02,2019-12-01
MB1,2749,0.4931526780128479,0,30,2019-11-02,2019-12-01
MB1,2973,0.4931526780128479,0,30,2019-11-02,2019-12-01
MB1,3020,0.4931526780128479,0,30,2019-11-02,2019-12-01
MB1,3027,0.4931526780128479,0,30,2019-11-02,2019-12-01
MB1,3133,0.4931526780128479,0,30,2019-11-02,2019-12-01
MB1,3423,0.4931526780128479,0,30,2019-11-02,2019-12-01
MB1,3429,0.4931526780128479,0,30,2019-11-02,2019-12-01
MB1,3465,0.4931526780128479,0,30,2019-11-02,2019-12-01
MB1,3546,0.4931526780128479,0,30,2019-11-02,2019-12-01
MB1,3668,0.4931526780128479,0,30,2019-11-02,2019-12-01
MB1,4119,0.4931526780128479,0,30,2019-11-02,2019-12-01
MB1,4196,0.4931526780128479,0,30,2019-11-02,2019-12-01
MB1,4526,0.4931526780128479,0,30,2019-11-02,2019-12-01
MB1,4619,0.4931526780128479,0,30,2019-10-31,2019-11-29
MB1,4738,0.4931526780128479,0,30,2019-11-02,2019-12-01
MB1,4867,0.4931526780128479,0,30,2019-11-02,2019-12-01
MB1,4882,0.4931526780128479,0,30,2019-11-02,2019-12-01
MB1,5031,0.4931526780128479,0,30,2019-11-02,2019-12-01
MB1,5079,0.4931526780128479,1,30,2019-06-22,2019-07-21
MB1,5097,0.4931526780128479,0,30,2019-11-02,2019-12-01
MB1,5140,0.4931526780128479,0,30,2019-11-02,2019-12-01
MB1,5243,0.4931526780128479,0,30,2019-11-02,2019-12-01
MB1,5283,0.4931526780128479,0,30,2019-11-02,2019-12-01
MB1,5845,0.4931526780128479,0,30,2019-11-02,2019-12-01
MB1,5921,0.4931526780128479,0,30,2019-10-19,2019-11-17
MB1,6021,0.4931526780128479,0,30,2019-11-02,2019-12-01
MB1,6140,0.4931526780128479,0,30,2019-10-29,2019-11-27
MB1,6196,0.4931526780128479,0,30,2019-10-19,2019-11-17
MB1,6226,0.4931526780128479,0,30,2019-11-02,2019-12-01
MB1,6241,0.4931526780128479,0,30,2019-11-02,2019-12-01
MB1,6249,0.4931526780128479,0,30,2019-10-07,2019-11-05
MB1,6479,0.4931526780128479,0,30,2019-11-02,2019-12-01
MB1,6589,0.4931526780128479,0,30,2019-11-02,2019-12-01
MB1,6814,0.4931526780128479,0,30,2019-11-02,2019-12-01
MB1,6960,0.4931526780128479,0,30,2019-10-19,2019-11-17
MB1,7007,0.4931526780128479,0,30,2019-11-02,2019-12-01
MB1,7082,0.4931526780128479,0,30,2019-11-02,2019-12-01
MB1,7247,0.4931526780128479,0,30,2019-11-02,2019-12-01
MB1,7376,0.4931526780128479,0,30,2019-11-02,2019-12-01
MB1,7496,0.4931526780128479,0,30,2019-11-02,2019-12-01
MB1,7602,0.4931526780128479,0,30,2019-10-19,2019-11-17
MB1,7680,0.4931526780128479,0,30,2019-11-02,2019-12-01
MB1,7962,0.4931526780128479,0,30,2019-11-02,2019-12-01
MB1,7976,0.4931526780128479,0,30,2019-11-02,2019-12-01
MB1,8012,0.4931526780128479,0,30,2019-11-02,2019-12-01
MB1,8075,0.4931526780128479,0,30,2019-11-02,2019-12-01
MB1,8140,0.4931526780128479,0,30,2019-11-02,2019-12-01
MB1,8166,0.4931526780128479,0,30,2019-11-02,2019-12-01
MB1,8393,0.4931526780128479,0,30,2019-11-02,2019-12-01
MB1,8516,0.4931526780128479,0,30,2019-11-02,2019-12-01
MB1,8883,0.4931526780128479,0,30,2019-11-02,2019-12-01
MB1,8928,0.4931526780128479,0,30,2019-11-02,2019-12-01
MB1,8979,0.4931526780128479,0,30,2019-11-02,2019-12-01
MB1,8993,0.4931526780128479,0,30,2019-11-02,2019-12-01
MB1,9086,0.4931526780128479,0,30,2019-11-02,2019-12-01
MB1,9227,0.4931526780128479,0,30,2019-11-02,2019-12-01
MB1,9301,0.4931526780128479,0,30,2019-11-02,2019-12-01
MB1,9781,0.4931526780128479,0,30,2019-11-02,2019-12-01
MB1,9990,0.4931526780128479,0,30,2019-11-02,2019-12-01
MB1,10004,0.4931526780128479,0,30,2019-11-02,2019-12-01
MB1,10021,0.4931526780128479,0,30,2019-11-02,2019-12-01
MB1,10216,0.4931526780128479,0,30,2019-11-02,2019-12-01
MB1,10274,0.4931526780128479,0,30,2019-11-02,2019-12-01
MB1,10460,0.4931526780128479,0,30,2019-11-02,2019-12-01
MB1,10481,0.4931526780128479,0,30,2019-11-02,2019-12-01
MB1,10913,0.4931526780128479,0,30,2019-11-02,2019-12-01
MB1,10949,0.4931526780128479,0,30,2019-06-18,2019-07-17
MB1,11248,0.4931526780128479,0,30,2019-11-02,2019-12-01
MB1,11330,0.4931526780128479,0,30,2019-11-02,2019-12-01
MB1,11404,0.4931526780128479,0,30,2019-11-02,2019-12-01
MB1,11626,0.4931526780128479,0,30,2019-11-02,2019-12-01
MB1,11758,0.4931526780128479,0,30,2019-11-02,2019-12-01
MB1,11902,0.4931526780128479,0,30,2019-11-02,2019-12-01
MB1,12002,0.4931526780128479,0,30,2019-11-02,2019-12-01
MB1,12181,0.4931526780128479,0,30,2019-11-02,2019-12-01
MB1,12190,0.4931526780128479,0,30,2019-11-02,2019-12-01
MB1,12203,0.4931526780128479,0,30,2019-11-02,2019-12-01
MB1,12361,0.4931526780128479,0,30,2019-11-02,2019-12-01
MB1,12651,0.4931526780128479,0,30,2019-11-02,2019-12-01
MB1,12817,0.4931526780128479,0,30,2019-11-02,2019-12-01
MB1,12846,0.4931526780128479,0,30,2019-11-02,2019-12-01
MB1,12856,0.4931526780128479,0,30,2019-11-02,2019-12-01
MB1,12966,0.4931526780128479,1,30,2018-07-30,2018-08-28
MB1,12976,0.4931526780128479,0,30,2019-11-02,2019-12-01
MB1,13045,0.4931526780128479,0,30,2019-11-02,2019-12-01
MB1,13177,0.4931526780128479,0,30,2019-10-06,2019-11-04
MB1,13454,0.4931526780128479,0,30,2019-11-02,2019-12-01
MB1,13609,0.4931526780128479,0,30,2019-11-02,2019-12-01
MB1,13636,0.4931526780128479,0,30,2019-11-02,2019-12-01
MB1,13705,0.4931526780128479,0,30,2019-11-02,2019-12-01
MB1,13807,0.4931526780128479,0,30,2019-10-20,2019-11-18
MB1,14068,0.4931526780128479,0,30,2019-11-02,2019-12-01
MB1,14135,0.4931526780128479,0,30,2018-03-17,2018-04-15
MB1,14332,0.4931526780128479,0,30,2019-11-02,2019-12-01
MB1,14360,0.4931526780128479,0,30,2019-11-02,2019-12-01
MB1,14420,0.4931526780128479,0,30,2019-11-02,2019-12-01
MB1,14435,0.4931526780128479,0,30,2019-11-02,2019-12-01
MB1,14558,0.4931526780128479,0,30,2019-11-02,2019-12-01
MB1,14628,0.4931526780128479,0,30,2019-11-02,2019-12-01
MB1,14814,0.4931526780128479,0,30,2019-11-02,2019-12-01
MB1,14841,0.4931526780128479,0,30,2019-10-19,2019-11-17
MB1,14866,0.4931526780128479,0,30,2019-10-19,2019-11-17
MB1,14882,0.4931526780128479,0,30,2019-11-02,2019-12-01
MB1,15064,0.4931526780128479,0,30,2019-11-02,2019-12-01
MB1,15190,0.4931526780128479,0,30,2019-11-02,2019-12-01
MB1,15213,0.4931526780128479,0,30,2019-11-02,2019-12-01
MB1,15242,0.4931526780128479,0,30,2019-11-02,2019-12-01
MB1,15425,0.4931526780128479,0,30,2019-11-02,2019-12-01
MB1,15682,0.4931526780128479,0,30,2019-11-02,2019-12-01
MB1,15703,0.4931526780128479,0,30,2019-11-02,2019-12-01
MB1,15865,0.4931526780128479,0,30,2019-11-02,2019-12-01
MB1,16272,0.4931526780128479,0,30,2019-11-02,2019-12-01
MB1,16396,0.4931526780128479,0,30,2019-11-02,2019-12-01
MB1,16445,0.4931526780128479,0,30,2019-11-02,2019-12-01
MB1,16450,0.4931526780128479,0,30,2019-11-02,2019-12-01
MB1,16627,0.4931526780128479,0,30,2019-11-02,2019-12-01
MB1,16763,0.4931526780128479,0,30,2019-11-02,2019-12-01
MB1,16807,0.4931526780128479,0,30,2019-11-02,2019-12-01
MB1,16946,0.4931526780128479,0,30,2019-11-02,2019-12-01
MB1,16971,0.4931526780128479,0,30,2019-11-02,2019-12-01
MB1,16983,0.4931526780128479,0,30,2019-11-02,2019-12-01
MB1,17134,0.4931526780128479,0,30,2019-11-02,2019-12-01
MB1,17182,0.4931526780128479,0,30,2019-11-02,2019-12-01
MB1,17295,0.4931526780128479,0,30,2019-10-19,2019-11-17
MB1,17344,0.4931526780128479,0,30,2019-11-02,2019-12-01
MB1,17367,0.4931526780128479,0,30,2019-11-02,2019-12-01
MB1,17606,0.4931526780128479,0,30,2019-01-12,2019-02-10
MB1,17614,0.4931526780128479,1,30,2018-11-08,2018-12-07
MB1,17768,0.4931526780128479,0,30,2019-11-02,2019-12-01
MB1,17990,0.4931526780128479,0,30,2019-11-02,2019-12-01
MB1,18139,0.4931526780128479,0,30,2019-11-02,2019-12-01
MB1,18150,0.4931526780128479,0,30,2019-10-27,2019-11-25
MB1,18304,0.4931526780128479,0,30,2019-11-02,2019-12-01
MB1,18409,0.4931526780128479,0,30,2019-11-02,2019-12-01
MB1,18410,0.4931526780128479,0,30,2019-11-02,2019-12-01
MB1,18795,0.4931526780128479,0,30,2019-11-02,2019-12-01
MB1,18850,0.4931526780128479,0,30,2019-09-16,2019-10-15
MB1,18943,0.4931526780128479,0,30,2019-11-02,2019-12-01
MB1,18957,0.4931526780128479,0,30,2019-11-02,2019-12-01
MB1,18980,0.4931526780128479,0,30,2019-11-02,2019-12-01
MB1,19260,0.4931526780128479,0,30,2019-11-02,2019-12-01
MB1,19410,0.4931526780128479,0,30,2019-11-02,2019-12-01
MB1,19640,0.4931526780128479,0,30,2019-10-27,2019-11-25
MB1,19743,0.4931526780128479,1,30,2019-06-04,2019-07-03
MB1,19907,0.4931526780128479,0,30,2019-11-02,2019-12-01
MB1,20083,0.4931526780128479,0,30,2019-11-02,2019-12-01
MB1,20138,0.4931526780128479,0,30,2019-10-19,2019-11-17
MB1,20155,0.4931526780128479,0,30,2019-11-02,2019-12-01
MB1,20178,0.4931526780128479,0,30,2019-08-30,2019-09-28
MB1,20194,0.4931526780128479,0,30,2019-11-02,2019-12-01
MB1,20233,0.4931526780128479,0,30,2019-11-02,2019-12-01
MB1,20559,0.4931526780128479,0,30,2019-11-02,2019-12-01
MB1,20565,0.4931526780128479,0,30,2019-11-02,2019-12-01
MB1,20597,0.4931526780128479,0,30,2019-11-02,2019-12-01
MB1,20627,0.4931526780128479,0,30,2019-11-02,2019-12-01
MB1,20665,0.4931526780128479,0,30,2019-11-02,2019-12-01
MB1,20808,0.4931526780128479,0,30,2019-11-02,2019-12-01
MB1,20848,0.4931526780128479,0,30,2019-11-02,2019-12-01
MB1,21305,0.4931526780128479,0,30,2019-10-24,2019-11-22
MB1,21329,0.4931526780128479,0,30,2019-11-02,2019-12-01
MB1,21362,0.4931526780128479,0,30,2019-11-02,2019-12-01
MB1,21520,0.4931526780128479,0,30,2019-11-02,2019-12-01
MB1,21575,0.4931526780128479,1,30,2018-11-10,2018-12-09
MB1,21638,0.4931526780128479,0,30,2019-11-02,2019-12-01
MB1,21648,0.4931526780128479,0,30,2019-11-02,2019-12-01
MB1,21750,0.4931526780128479,0,30,2019-11-02,2019-12-01
MB1,21759,0.4931526780128479,0,30,2019-11-02,2019-12-01
MB1,21773,0.4931526780128479,0,30,2019-11-02,2019-12-01
MB1,21781,0.4931526780128479,0,30,2019-10-19,2019-11-17
MB1,21822,0.4931526780128479,0,30,2019-11-02,2019-12-01
MB1,21993,0.4931526780128479,0,30,2019-11-02,2019-12-01
MB1,22086,0.4931526780128479,0,30,2019-11-02,2019-12-01
MB1,22157,0.4931526780128479,0,30,2019-11-02,2019-12-01
MB1,22175,0.4931526780128479,0,30,2019-10-19,2019-11-17
MB1,22444,0.4931526780128479,0,30,2019-10-19,2019-11-17
MB1,22514,0.4931526780128479,0,30,2019-11-02,2019-12-01
MB1,22546,0.4931526780128479,0,30,2019-11-02,2019-12-01
MB1,22621,0.4931526780128479,0,30,2019-11-02,2019-12-01
MB1,22812,0.4931526780128479,0,30,2019-11-02,2019-12-01
MB1,22827,0.4931526780128479,0,30,2019-11-02,2019-12-01
MB1,22860,0.4931526780128479,1,30,2018-04-24,2018-05-23
MB1,23015,0.4931526780128479,0,30,2019-11-02,2019-12-01
MB1,23022,0.4931526780128479,0,30,2019-11-02,2019-12-01
MB1,23158,0.4931526780128479,0,30,2019-11-02,2019-12-01
MB1,23182,0.4931526780128479,0,30,2019-11-02,2019-12-01
MB1,23256,0.4931526780128479,0,30,2019-11-02,2019-12-01
MB1,23325,0.4931526780128479,0,30,2019-11-02,2019-12-01
MB1,23376,0.4931526780128479,0,30,2019-11-02,2019-12-01
MB1,23483,0.4931526780128479,0,30,2019-11-02,2019-12-01
MB1,23507,0.4931526780128479,0,30,2019-11-02,2019-12-01
MB1,23537,0.4931526780128479,0,30,2019-11-02,2019-12-01
MB1,23580,0.4931526780128479,0,30,2019-11-02,2019-12-01
MB1,23599,0.4931526780128479,0,30,2019-10-19,2019-11-17
MB1,23790,0.4931526780128479,0,30,2019-11-02,2019-12-01
MB1,23826,0.4931526780128479,0,30,2019-11-02,2019-12-01
MB1,24070,0.4931526780128479,0,30,2019-11-02,2019-12-01
MB1,24075,0.4931526780128479,0,30,2019-11-02,2019-12-01
MB1,24105,0.4931526780128479,1,30,2018-07-25,2018-08-23
MB1,24112,0.4931526780128479,0,30,2019-11-02,2019-12-01
MB1,24244,0.4931526780128479,0,30,2019-11-02,2019-12-01
MB1,24380,0.4931526780128479,0,30,2019-11-02,2019-12-01
MB1,24394,0.4931526780128479,0,20,2019-11-12,2019-12-01
MB1,24503,0.4931526780128479,1,30,2018-12-28,2019-01-26
MB1,24578,0.4931526780128479,0,30,2019-11-02,2019-12-01
MB1,24641,0.4931526780128479,0,30,2019-11-02,2019-12-01
MB1,24642,0.4931526780128479,0,30,2019-11-02,2019-12-01
MB1,24647,0.4931526780128479,0,30,2019-11-02,2019-12-01
MB1,24724,0.4931526780128479,0,30,2019-11-02,2019-12-01
MB1,24735,0.4931526780128479,0,30,2019-11-02,2019-12-01
MB1,24886,0.4931526780128479,0,30,2019-11-02,2019-12-01
MB1,24941,0.4931526780128479,0,30,2019-11-02,2019-12-01
MB1,25136,0.4931526780128479,0,30,2019-11-02,2019-12-01
MB1,25310,0.4931526780128479,0,30,2019-11-02,2019-12-01
MB1,25405,0.4931526780128479,0,30,2019-11-02,2019-12-01
MB1,25662,0.4931526780128479,0,30,2019-11-02,2019-12-01
MB1,26356,0.4931526780128479,0,30,2019-11-02,2019-12-01
MB1,26367,0.4931526780128479,0,30,2019-11-02,2019-12-01
MB1,26640,0.4931526780128479,0,30,2019-11-02,2019-12-01
MB1,26835,0.4931526780128479,0,30,2019-11-02,2019-12-01
MB1,26948,0.4931526780128479,0,30,2019-08-11,2019-09-09
MB1,26951,0.4931526780128479,0,30,2019-11-02,2019-12-01
MB1,27029,0.4931526780128479,0,30,2019-11-02,2019-12-01
MB1,27552,0.4931526780128479,0,30,2019-11-02,2019-12-01
MB1,27577,0.4931526780128479,1,30,2019-11-25,2019-12-24
MB1,27678,0.4931526780128479,0,30,2019-11-02,2019-12-01
MB1,27747,0.4931526780128479,0,30,2019-11-02,2019-12-01
MB1,27795,0.4931526780128479,0,30,2019-11-02,2019-12-01
MB1,27969,0.4931526780128479,0,30,2019-11-02,2019-12-01
MB1,27971,0.4931526780128479,0,30,2019-11-02,2019-12-01
MB1,28013,0.4931526780128479,0,30,2019-11-02,2019-12-01
MB1,28553,0.4931526780128479,0,22,2019-11-10,2019-12-01
MB1,28641,0.4931526780128479,0,30,2019-11-02,2019-12-01
MB1,28711,0.4931526780128479,0,30,2019-11-02,2019-12-01
MB1,28753,0.4931526780128479,0,30,2019-11-02,2019-12-01
MB1,28772,0.4931526780128479,0,30,2019-11-02,2019-12-01
MB1,29110,0.4931526780128479,0,30,2019-11-02,2019-12-01
MB1,29213,0.4931526780128479,0,30,2019-11-02,2019-12-01
MB1,29272,0.4931526780128479,0,30,2019-11-02,2019-12-01
MB1,29388,0.4931526780128479,0,30,2019-11-02,2019-12-01
MB1,29610,0.4931526780128479,0,30,2019-11-02,2019-12-01
MB1,29796,0.4931526780128479,0,30,2019-11-02,2019-12-01
MB1,29808,0.4931526780128479,0,30,2019-11-02,2019-12-01
MB1,30028,0.4931526780128479,0,30,2019-11-02,2019-12-01
MB1,30134,0.4931526780128479,0,30,2019-11-02,2019-12-01
MB1,30301,0.4931526780128479,0,30,2019-11-02,2019-12-01
MB1,30531,0.4931526780128479,0,30,2019-11-02,2019-12-01
MB1,30539,0.4931526780128479,0,30,2019-11-02,2019-12-01
MB1,30542,0.4931526780128479,0,30,2019-11-02,2019-12-01
MB1,30629,0.4931526780128479,0,30,2019-11-02,2019-12-01
MB1,30673,0.4931526780128479,0,30,2019-11-02,2019-12-01
MB1,30848,0.4931526780128479,1,30,2018-07-09,2018-08-07
MB1,30864,0.4931526780128479,0,30,2019-11-02,2019-12-01
MB1,30946,0.4931526780128479,0,30,2019-11-02,2019-12-01
MB1,31021,0.4931526780128479,0,30,2019-11-02,2019-12-01
MB1,31045,0.4931526780128479,0,30,2019-11-02,2019-12-01
MB1,31124,0.4931526780128479,0,30,2019-10-31,2019-11-29
MB1,31216,0.4931526780128479,0,30,2019-11-02,2019-12-01
MB1,31282,0.4931526780128479,0,30,2019-11-02,2019-12-01
MB1,31371,0.4931526780128479,0,30,2019-11-02,2019-12-01
MB1,31773,0.4931526780128479,0,30,2019-11-02,2019-12-01
MB1,31791,0.4931526780128479,0,30,2019-11-02,2019-12-01
MB1,31865,0.4931526780128479,0,30,2019-11-02,2019-12-01
MB1,31947,0.4931526780128479,0,30,2019-11-02,2019-12-01
MB1,31993,0.4931526780128479,0,30,2019-10-19,2019-11-17
MB1,32017,0.4931526780128479,0,30,2019-11-02,2019-12-01
MB1,32044,0.4931526780128479,0,30,2019-11-02,2019-12-01
MB1,32207,0.4931526780128479,0,30,2019-11-02,2019-12-01
MB1,32441,0.4931526780128479,0,30,2019-11-02,2019-12-01
MB1,32464,0.4931526780128479,0,30,2019-11-02,2019-12-01
MB1,32732,0.4931526780128479,0,30,2019-11-01,2019-11-30
MB1,32915,0.4931526780128479,0,30,2019-11-02,2019-12-01
MB1,33042,0.4931526780128479,0,30,2019-11-02,2019-12-01
MB1,33053,0.4931526780128479,0,30,2019-11-02,2019-12-01
MB1,33308,0.4931526780128479,0,30,2019-11-02,2019-12-01
MB1,33312,0.4931526780128479,0,30,2019-11-02,2019-12-01
MB1,33401,0.4931526780128479,0,30,2019-11-02,2019-12-01
MB1,33411,0.4931526780128479,0,30,2019-11-02,2019-12-01
MB1,33496,0.4931526780128479,0,30,2019-11-02,2019-12-01
MB1,33549,0.4931526780128479,0,30,2019-11-02,2019-12-01
MB1,33627,0.4931526780128479,0,30,2019-11-02,2019-12-01
MB1,33661,0.4931526780128479,0,30,2019-11-02,2019-12-01
MB1,33775,0.4931526780128479,0,30,2019-11-02,2019-12-01
MB1,33782,0.4931526780128479,0,30,2019-11-02,2019-12-01
MB1,33840,0.4931526780128479,0,30,2019-11-02,2019-12-01
MB1,34123,0.4931526780128479,0,30,2019-11-02,2019-12-01
MB1,34178,0.4931526780128479,0,30,2019-11-02,2019-12-01
MB1,34195,0.4931526780128479,0,30,2019-11-02,2019-12-01
MB1,34228,0.4931526780128479,0,30,2019-11-02,2019-12-01
MB1,34241,0.4931526780128479,0,30,2019-11-02,2019-12-01
MB1,34254,0.4931526780128479,0,30,2019-11-02,2019-12-01
MB1,34261,0.4931526780128479,0,30,2019-11-02,2019-12-01
MB1,34383,0.4931526780128479,0,30,2019-11-02,2019-12-01
MB1,34421,0.4931526780128479,0,30,2019-11-02,2019-12-01
MB1,34510,0.4931526780128479,0,30,2019-11-02,2019-12-01
MB1,34545,0.4931526780128479,0,30,2019-11-02,2019-12-01
MB1,34687,0.4931526780128479,0,30,2019-11-02,2019-12-01
MB1,34700,0.4931526780128479,0,30,2019-11-02,2019-12-01
MB1,34891,0.4931526780128479,0,30,2019-11-02,2019-12-01
MB1,35194,0.4931526780128479,0,30,2019-11-02,2019-12-01
MB1,35285,0.4931526780128479,0,30,2019-11-02,2019-12-01
MB1,35286,0.4931526780128479,0,30,2019-11-02,2019-12-01
MB1,35658,0.4931526780128479,0,30,2019-11-02,2019-12-01
MB1,35723,0.4931526780128479,0,30,2019-11-02,2019-12-01
MB1,35812,0.4931526780128479,0,30,2019-11-02,2019-12-01
MB1,35844,0.4931526780128479,0,30,2019-11-02,2019-12-01
MB1,35955,0.4931526780128479,0,30,2019-11-02,2019-12-01
MB1,36154,0.4931526780128479,0,30,2019-11-02,2019-12-01
MB1,36158,0.4931526780128479,0,30,2019-11-02,2019-12-01
MB1,36311,0.4931526780128479,0,30,2019-11-02,2019-12-01
MB1,36498,0.4931526780128479,0,30,2019-11-02,2019-12-01
MB1,36517,0.4931526780128479,0,30,2019-11-02,2019-12-01
MB1,36698,0.4931526780128479,0,30,2019-11-02,2019-12-01
MB1,36751,0.4931526780128479,0,30,2019-11-02,2019-12-01
MB1,36777,0.4931526780128479,0,30,2019-11-02,2019-12-01
MB1,36833,0.4931526780128479,0,30,2019-11-02,2019-12-01
MB1,37028,0.4931526780128479,0,30,2019-11-02,2019-12-01
MB1,37270,0.4931526780128479,0,30,2019-11-02,2019-12-01
MB1,37281,0.4931526780128479,0,30,2019-11-02,2019-12-01
MB1,37398,0.4931526780128479,0,30,2019-11-02,2019-12-01
MB1,37406,0.4931526780128479,0,30,2019-11-02,2019-12-01
MB1,37734,0.4931526780128479,0,30,2019-11-02,2019-12-01
MB1,37864,0.4931526780128479,0,30,2019-11-02,2019-12-01
MB1,38095,0.4931526780128479,1,30,2018-04-24,2018-05-23
MB1,38284,0.4931526780128479,0,30,2019-11-02,2019-12-01
MB1,38459,0.4931526780128479,0,30,2019-11-02,2019-12-01
MB1,38619,0.4931526780128479,0,30,2019-11-02,2019-12-01
MB1,38770,0.4931526780128479,0,30,2019-11-02,2019-12-01
MB1,38928,0.4931526780128479,0,30,2019-11-02,2019-12-01
MB1,38986,0.4931526780128479,0,30,2019-11-02,2019-12-01
MB1,39012,0.4931526780128479,0,30,2019-11-02,2019-12-01
MB1,39088,0.4931526780128479,0,30,2019-11-02,2019-12-01
MB1,39251,0.4931526780128479,0,30,2019-11-02,2019-12-01
MB1,39451,0.4931526780128479,0,30,2019-11-02,2019-12-01
MB1,39486,0.4931526780128479,0,30,2019-11-02,2019-12-01
MB1,39544,0.4931526780128479,0,30,2019-11-02,2019-12-01
MB1,39594,0.4931526780128479,0,30,2019-11-02,2019-12-01
MB1,39628,0.4931526780128479,0,30,2019-11-02,2019-12-01
MB1,39634,0.4931526780128479,0,30,2019-11-02,2019-12-01
MB1,39748,0.4931526780128479,0,30,2019-11-02,2019-12-01
MB1,39975,0.4931526780128479,0,30,2019-11-02,2019-12-01
MB1,40015,0.4931526780128479,0,30,2019-11-02,2019-12-01
MB1,40026,0.4931526780128479,0,30,2019-10-19,2019-11-17
MB1,40390,0.4931526780128479,0,30,2019-11-02,2019-12-01
MB1,40545,0.4931526780128479,0,30,2019-11-02,2019-12-01
MB1,40785,0.4931526780128479,0,30,2019-11-02,2019-12-01
MB1,40969,0.4931526780128479,0,30,2019-11-02,2019-12-01
MB1,41107,0.4931526780128479,0,30,2019-11-02,2019-12-01
MB1,41349,0.4931526780128479,0,30,2019-11-02,2019-12-01
MB1,41477,0.4931526780128479,0,30,2019-11-02,2019-12-01
MB1,41725,0.4931526780128479,0,30,2019-10-06,2019-11-04
MB1,41802,0.4931526780128479,0,30,2019-11-02,2019-12-01
MB1,41919,0.4931526780128479,0,30,2019-11-02,2019-12-01
MB1,41942,0.4931526780128479,0,30,2019-11-02,2019-12-01
MB1,41983,0.4931526780128479,0,30,2019-11-02,2019-12-01
MB1,42365,0.4931526780128479,1,30,2018-08-07,2018-09-05
MB1,42458,0.4931526780128479,0,30,2019-10-19,2019-11-17
MB1,42545,0.4931526780128479,0,30,2019-10-18,2019-11-16
MB1,42623,0.4931526780128479,0,30,2019-11-02,2019-12-01
MB1,43085,0.4931526780128479,0,30,2019-11-02,2019-12-01
MB1,43122,0.4931526780128479,0,30,2019-11-02,2019-12-01
MB1,43237,0.4931526780128479,0,30,2019-11-02,2019-12-01
MB1,43248,0.4931526780128479,0,30,2019-11-02,2019-12-01
MB1,43353,0.4931526780128479,0,30,2019-11-02,2019-12-01
MB1,43468,0.4931526780128479,0,30,2019-11-02,2019-12-01
MB1,43482,0.4931526780128479,0,30,2019-11-02,2019-12-01
MB1,43539,0.4931526780128479,0,30,2019-11-02,2019-12-01
MB1,43577,0.4931526780128479,0,30,2019-11-02,2019-12-01
MB1,43689,0.4931526780128479,0,30,2019-11-02,2019-12-01
MB1,43954,0.4931526780128479,0,30,2019-11-02,2019-12-01
MB1,43965,0.4931526780128479,0,30,2019-11-02,2019-12-01
MB2,217,0.4931526780128479,1,30,2018-10-21,2018-11-19
MB2,361,0.4931526780128479,0,30,2019-11-02,2019-12-01
MB2,476,0.4931526780128479,0,30,2019-09-27,2019-10-26
MB2,482,0.4931526780128479,0,30,2019-09-27,2019-10-26
MB2,503,0.4931526780128479,0,30,2019-11-02,2019-12-01
MB2,523,0.4931526780128479,0,30,2019-11-02,2019-12-01
MB2,563,0.4931526780128479,0,30,2019-11-02,2019-12-01
MB2,634,0.4931526780128479,0,30,2019-11-02,2019-12-01
MB2,1233,0.4931526780128479,0,30,2019-10-19,2019-11-17
MB2,1358,0.4931526780128479,0,30,2019-11-02,2019-12-01
MB2,1413,0.4931526780128479,0,30,2019-09-27,2019-10-26
MB2,1501,0.4931526780128479,1,30,2019-03-20,2019-04-18
MB2,1980,0.4931526780128479,0,30,2019-11-02,2019-12-01
MB2,2240,0.4931526780128479,0,30,2019-11-02,2019-12-01
MB2,2529,0.4931526780128479,0,30,2019-11-02,2019-12-01
MB2,2585,0.4931526780128479,0,30,2019-11-02,2019-12-01
MB2,2745,0.4931526780128479,0,30,2019-11-02,2019-12-01
MB2,2771,0.4931526780128479,0,30,2019-11-02,2019-12-01
MB2,3063,0.4931526780128479,0,30,2019-11-02,2019-12-01
MB2,3100,0.4931526780128479,0,30,2019-11-02,2019-12-01
MB2,3141,0.4931526780128479,0,30,2019-11-02,2019-12-01
MB2,3179,0.4931526780128479,0,30,2019-11-02,2019-12-01
MB2,3528,0.4931526780128479,0,30,2019-11-02,2019-12-01
MB2,3565,0.4931526780128479,0,30,2019-11-02,2019-12-01
MB2,3592,0.4931526780128479,0,30,2019-11-02,2019-12-01
MB2,3608,0.4931526780128479,0,30,2018-04-18,2018-05-17
MB2,3647,0.4931526780128479,0,30,2019-11-02,2019-12-01
MB2,3656,0.4931526780128479,0,30,2019-11-02,2019-12-01
MB2,3663,0.4931526780128479,0,30,2019-11-02,2019-12-01
MB2,3674,0.4931526780128479,0,30,2019-11-02,2019-12-01
MB2,4025,0.4931526780128479,0,30,2019-11-02,2019-12-01
MB2,4115,0.4931526780128479,0,30,2019-11-02,2019-12-01
MB2,4138,0.4931526780128479,0,30,2019-11-02,2019-12-01
MB2,4177,0.4931526780128479,0,30,2019-11-02,2019-12-01
MB2,4235,0.4931526780128479,0,30,2019-11-02,2019-12-01
MB2,4424,0.4931526780128479,0,30,2019-11-02,2019-12-01
MB2,4514,0.4931526780128479,0,30,2019-11-02,2019-12-01
MB2,4554,0.4931526780128479,0,30,2019-11-02,2019-12-01
MB2,4624,0.4931526780128479,0,30,2019-11-02,2019-12-01
MB2,4704,0.4931526780128479,0,30,2019-11-02,2019-12-01
MB2,4792,0.4931526780128479,0,30,2019-11-02,2019-12-01
MB2,4950,0.4931526780128479,0,30,2019-11-02,2019-12-01
MB2,5088,0.4931526780128479,0,30,2019-11-02,2019-12-01
MB2,5252,0.4931526780128479,0,30,2019-11-02,2019-12-01
MB2,5442,0.4931526780128479,0,30,2019-11-02,2019-12-01
MB2,5884,0.4931526780128479,0,30,2019-11-02,2019-12-01
MB2,6096,0.4931526780128479,0,30,2019-11-02,2019-12-01
MB2,6226,0.4931526780128479,0,30,2019-11-02,2019-12-01
MB2,6298,0.4931526780128479,0,30,2019-10-30,2019-11-28
MB2,6425,0.4931526780128479,0,30,2019-11-02,2019-12-01
MB2,6561,0.4931526780128479,0,30,2019-11-02,2019-12-01
MB2,6730,0.4931526780128479,0,30,2019-11-02,2019-12-01
MB2,7003,0.4931526780128479,0,30,2019-11-02,2019-12-01
MB2,7363,0.4931526780128479,0,30,2019-11-02,2019-12-01
MB2,7476,0.4931526780128479,0,30,2019-08-07,2019-09-05
MB2,7514,0.4931526780128479,0,30,2019-11-02,2019-12-01
MB2,7556,0.4931526780128479,0,30,2019-11-02,2019-12-01
MB2,7597,0.4931526780128479,0,30,2019-11-02,2019-12-01
MB2,7600,0.4931526780128479,0,30,2019-11-02,2019-12-01
MB2,7625,0.4931526780128479,0,30,2019-11-02,2019-12-01
MB2,7687,0.4931526780128479,0,30,2019-11-02,2019-12-01
MB2,7693,0.4931526780128479,0,30,2019-11-02,2019-12-01
MB2,7768,0.4931526780128479,0,30,2019-11-02,2019-12-01
MB2,7968,0.4931526780128479,0,30,2019-11-02,2019-12-01
MB2,8023,0.4931526780128479,0,30,2019-11-02,2019-12-01
MB2,8048,0.4931526780128479,0,30,2019-11-02,2019-12-01
MB2,8078,0.4931526780128479,0,30,2019-11-02,2019-12-01
MB2,8171,0.4931526780128479,0,30,2019-11-02,2019-12-01
MB2,8209,0.4931526780128479,0,30,2019-11-02,2019-12-01
MB2,8332,0.4931526780128479,0,30,2019-10-23,2019-11-21
MB2,8653,0.4931526780128479,0,30,2019-11-02,2019-12-01
MB2,8701,0.4931526780128479,0,30,2019-11-02,2019-12-01
MB2,8734,0.4931526780128479,0,30,2018-03-10,2018-04-08
MB2,8934,0.4931526780128479,0,30,2019-11-02,2019-12-01
MB2,8937,0.4931526780128479,0,30,2019-11-02,2019-12-01
MB2,8948,0.4931526780128479,0,30,2019-11-02,2019-12-01
MB2,8993,0.4931526780128479,0,30,2019-11-02,2019-12-01
MB2,9000,0.4931526780128479,0,30,2019-11-02,2019-12-01
MB2,9078,0.4931526780128479,0,30,2019-11-02,2019-12-01
MB2,9144,0.4931526780128479,0,30,2019-11-02,2019-12-01
MB2,9283,0.4931526780128479,1,30,2019-01-20,2019-02-18
MB2,9332,0.4931526780128479,0,30,2019-11-02,2019-12-01
MB2,9519,0.4931526780128479,0,30,2019-11-02,2019-12-01
MB2,9989,0.4931526780128479,0,30,2019-11-02,2019-12-01
MB2,10119,0.4931526780128479,0,30,2019-11-02,2019-12-01
MB2,10230,0.4931526780128479,0,30,2019-11-02,2019-12-01
MB2,10312,0.4931526780128479,0,30,2019-11-02,2019-12-01
MB2,10318,0.4931526780128479,0,30,2019-11-02,2019-12-01
MB2,10819,0.4931526780128479,0,30,2019-11-02,2019-12-01
MB2,10960,0.4931526780128479,0,30,2019-08-24,2019-09-22
MB2,11046,0.4931526780128479,0,30,2019-11-02,2019-12-01
MB2,11190,0.4931526780128479,0,30,2019-11-02,2019-12-01
MB2,11196,0.4931526780128479,0,30,2019-11-02,2019-12-01
MB2,11283,0.4931526780128479,0,30,2019-11-02,2019-12-01
MB2,11326,0.4931526780128479,0,30,2019-11-02,2019-12-01
MB2,11401,0.4931526780128479,0,30,2019-11-02,2019-12-01
MB2,11407,0.4931526780128479,0,30,2019-11-02,2019-12-01
MB2,11408,0.4931526780128479,0,30,2019-11-02,2019-12-01
MB2,11617,0.4931526780128479,0,30,2019-11-02,2019-12-01
MB2,11777,0.4931526780128479,0,30,2019-11-02,2019-12-01
MB2,11868,0.4931526780128479,0,30,2019-11-02,2019-12-01
MB2,11897,0.4931526780128479,0,30,2019-11-02,2019-12-01
MB2,12023,0.4931526780128479,0,30,2019-11-02,2019-12-01
MB2,12045,0.4931526780128479,0,30,2019-11-02,2019-12-01
MB2,12271,0.4931526780128479,0,30,2019-11-02,2019-12-01
MB2,12295,0.4931526780128479,0,30,2019-11-02,2019-12-01
MB2,12310,0.4931526780128479,0,30,2019-11-02,2019-12-01
MB2,12379,0.4931526780128479,0,30,2019-11-02,2019-12-01
MB2,12443,0.4931526780128479,0,30,2019-11-02,2019-12-01
MB2,12483,0.4931526780128479,0,30,2019-11-02,2019-12-01
MB2,12710,0.4931526780128479,0,30,2019-11-02,2019-12-01
MB2,13068,0.4931526780128479,0,30,2019-11-02,2019-12-01
MB2,13088,0.4931526780128479,0,30,2019-11-02,2019-12-01
MB2,13097,0.4931526780128479,0,30,2019-11-02,2019-12-01
MB2,13225,0.4931526780128479,0,30,2019-11-02,2019-12-01
MB2,13356,0.4931526780128479,0,30,2019-11-02,2019-12-01
MB2,13400,0.4931526780128479,0,30,2019-11-02,2019-12-01
MB2,13461,0.4931526780128479,0,30,2019-11-02,2019-12-01
MB2,13515,0.4931526780128479,0,30,2019-11-02,2019-12-01
MB2,13562,0.4931526780128479,0,30,2019-11-02,2019-12-01
MB2,13571,0.4931526780128479,0,30,2019-11-02,2019-12-01
MB2,13755,0.4931526780128479,0,30,2019-11-02,2019-12-01
MB2,13760,0.4931526780128479,0,30,2019-11-02,2019-12-01
MB2,13762,0.4931526780128479,0,30,2019-11-02,2019-12-01
MB2,13847,0.4931526780128479,0,30,2019-11-02,2019-12-01
MB2,13899,0.4931526780128479,0,30,2019-11-02,2019-12-01
MB2,13919,0.4931526780128479,0,30,2019-11-02,2019-12-01
MB2,13920,0.4931526780128479,0,30,2019-02-16,2019-03-17
MB2,14152,0.4931526780128479,0,30,2019-08-22,2019-09-20
MB2,14155,0.4931526780128479,0,30,2019-08-22,2019-09-20
MB2,14162,0.4931526780128479,0,30,2019-11-02,2019-12-01
MB2,14274,0.4931526780128479,0,30,2019-11-02,2019-12-01
MB2,14352,0.4931526780128479,0,30,2019-10-19,2019-11-17
MB2,14700,0.4931526780128479,0,30,2019-10-19,2019-11-17
MB2,14795,0.4931526780128479,0,30,2019-11-02,2019-12-01
MB2,14806,0.4931526780128479,0,30,2019-11-02,2019-12-01
MB2,15025,0.4931526780128479,0,30,2019-11-02,2019-12-01
MB2,15335,0.4931526780128479,0,30,2019-11-02,2019-12-01
MB2,15343,0.4931526780128479,0,30,2019-11-02,2019-12-01
MB2,15449,0.4931526780128479,0,30,2019-11-02,2019-12-01
MB2,15696,0.4931526780128479,0,30,2019-11-02,2019-12-01
MB2,15741,0.4931526780128479,0,30,2019-11-02,2019-12-01
MB2,15879,0.4931526780128479,0,30,2019-11-02,2019-12-01
MB2,16139,0.4931526780128479,0,30,2019-10-30,2019-11-28
MB2,16160,0.4931526780128479,0,30,2019-11-02,2019-12-01
MB2,16234,0.4931526780128479,0,30,2019-11-02,2019-12-01
MB2,16326,0.4931526780128479,0,30,2019-11-02,2019-12-01
MB2,16335,0.4931526780128479,0,30,2019-11-02,2019-12-01
MB2,16369,0.4931526780128479,0,30,2019-10-19,2019-11-17
MB2,16613,0.4931526780128479,0,30,2019-11-02,2019-12-01
MB2,16741,0.4931526780128479,0,30,2019-11-02,2019-12-01
MB2,16817,0.4931526780128479,0,30,2019-11-02,2019-12-01
MB2,17288,0.4931526780128479,0,30,2019-01-08,2019-02-06
MB2,17492,0.4931526780128479,0,30,2019-10-19,2019-11-17
MB2,17675,0.4931526780128479,0,30,2019-11-02,2019-12-01
MB2,17741,0.4931526780128479,0,30,2019-10-30,2019-11-28
MB2,17786,0.4931526780128479,0,30,2019-11-02,2019-12-01
MB2,17980,0.4931526780128479,0,30,2019-11-02,2019-12-01
MB2,18035,0.4931526780128479,0,30,2019-11-02,2019-12-01
MB2,18077,0.4931526780128479,0,30,2019-11-02,2019-12-01
MB2,18168,0.4931526780128479,0,30,2019-11-02,2019-12-01
MB2,18325,0.4931526780128479,0,30,2019-11-02,2019-12-01
MB2,18399,0.4931526780128479,0,30,2019-11-02,2019-12-01
MB2,18562,0.4931526780128479,0,30,2019-11-02,2019-12-01
MB2,18788,0.4931526780128479,0,30,2019-11-02,2019-12-01
MB2,18829,0.4931526780128479,0,30,2019-11-02,2019-12-01
MB2,18898,0.4931526780128479,0,30,2019-11-02,2019-12-01
MB2,19009,0.4931526780128479,0,30,2019-11-02,2019-12-01
MB2,19113,0.4931526780128479,0,30,2019-11-02,2019-12-01
MB2,19189,0.4931526780128479,0,30,2019-11-02,2019-12-01
MB2,19227,0.4931526780128479,0,30,2019-11-02,2019-12-01
MB2,19345,0.4931526780128479,0,30,2019-10-23,2019-11-21
MB2,19348,0.4931526780128479,0,30,2019-10-23,2019-11-21
MB2,19372,0.4931526780128479,0,30,2019-11-02,2019-12-01
MB2,19405,0.4931526780128479,0,30,2019-11-01,2019-11-30
MB2,19552,0.4931526780128479,0,30,2019-11-02,2019-12-01
MB2,19720,0.4931526780128479,0,30,2019-11-02,2019-12-01
MB2,19901,0.4931526780128479,0,30,2019-11-01,2019-11-30
MB2,20092,0.4931526780128479,0,30,2019-11-02,2019-12-01
MB2,20157,0.4931526780128479,0,30,2019-11-02,2019-12-01
MB2,20463,0.4931526780128479,0,30,2019-11-02,2019-12-01
MB2,20568,0.4931526780128479,0,30,2018-04-23,2018-05-22
MB2,20835,0.4931526780128479,0,30,2019-11-02,2019-12-01
MB2,21328,0.4931526780128479,0,30,2019-11-02,2019-12-01
MB2,21459,0.4931526780128479,0,30,2019-10-30,2019-11-28
MB2,21472,0.4931526780128479,0,30,2019-11-02,2019-12-01
MB2,21512,0.4931526780128479,0,30,2019-11-02,2019-12-01
MB2,21534,0.4931526780128479,0,30,2019-11-02,2019-12-01
MB2,21540,0.4931526780128479,0,30,2019-11-02,2019-12-01
MB2,21673,0.4931526780128479,0,30,2019-11-02,2019-12-01
MB2,21693,0.4931526780128479,0,30,2019-11-02,2019-12-01
MB2,21762,0.4931526780128479,0,30,2019-11-01,2019-11-30
MB2,21768,0.4931526780128479,0,30,2019-11-02,2019-12-01
MB2,21816,0.4931526780128479,0,30,2019-11-02,2019-12-01
MB2,22054,0.4931526780128479,0,30,2019-11-02,2019-12-01
MB2,22187,0.4931526780128479,0,30,2019-11-02,2019-12-01
MB2,22439,0.4931526780128479,0,30,2019-11-02,2019-12-01
MB2,22488,0.4931526780128479,0,30,2019-11-02,2019-12-01
MB2,22495,0.4931526780128479,0,30,2019-11-02,2019-12-01
MB2,22709,0.4931526780128479,0,30,2019-11-02,2019-12-01
MB2,22847,0.4931526780128479,0,30,2019-11-02,2019-12-01
MB2,23015,0.4931526780128479,0,30,2018-06-18,2018-07-17
MB2,23093,0.4931526780128479,0,30,2019-11-02,2019-12-01
MB2,23217,0.4931526780128479,0,30,2019-11-02,2019-12-01
MB2,23292,0.4931526780128479,0,30,2019-11-02,2019-12-01
MB2,23418,0.4931526780128479,0,30,2019-11-02,2019-12-01
MB2,23524,0.4931526780128479,0,30,2019-11-02,2019-12-01
MB2,23570,0.4931526780128479,0,30,2019-11-02,2019-12-01
MB2,23766,0.4931526780128479,0,30,2019-11-02,2019-12-01
MB2,23880,0.4931526780128479,0,30,2019-11-02,2019-12-01
MB2,24021,0.4931526780128479,0,30,2019-10-19,2019-11-17
MB2,24137,0.4931526780128479,0,30,2019-11-02,2019-12-01
MB2,24373,0.4931526780128479,0,30,2019-11-02,2019-12-01
MB2,24506,0.4931526780128479,0,30,2019-11-02,2019-12-01
MB2,24528,0.4931526780128479,0,30,2019-11-02,2019-12-01
MB2,24956,0.4931526780128479,0,30,2019-11-02,2019-12-01
MB2,25011,0.4931526780128479,0,30,2019-11-02,2019-12-01
MB2,25175,0.4931526780128479,0,30,2019-11-02,2019-12-01
MB2,25358,0.4931526780128479,0,30,2019-11-02,2019-12-01
MB2,25399,0.4931526780128479,0,30,2019-11-02,2019-12-01
MB2,25618,0.4931526780128479,0,30,2019-11-02,2019-12-01
MB2,25716,0.4931526780128479,0,30,2019-11-02,2019-12-01
MB2,25718,0.4931526780128479,0,30,2019-11-02,2019-12-01
MB2,25989,0.4931526780128479,0,30,2019-10-30,2019-11-28
MB2,25997,0.4931526780128479,0,30,2019-10-30,2019-11-28
MB2,26135,0.4931526780128479,0,30,2019-11-02,2019-12-01
MB2,26247,0.4931526780128479,0,30,2019-10-19,2019-11-17
MB2,26441,0.4931526780128479,0,30,2019-11-02,2019-12-01
MB2,26497,0.4931526780128479,0,30,2019-11-02,2019-12-01
MB2,26508,0.4931526780128479,0,30,2019-04-23,2019-05-22
MB2,26980,0.4931526780128479,0,30,2019-11-02,2019-12-01
MB2,27201,0.4931526780128479,0,30,2019-11-02,2019-12-01
MB2,27400,0.4931526780128479,0,30,2019-11-02,2019-12-01
MB2,27620,0.4931526780128479,0,30,2019-11-02,2019-12-01
MB2,27810,0.4931526780128479,0,30,2019-11-02,2019-12-01
MB2,27876,0.4931526780128479,0,30,2019-11-02,2019-12-01
MB2,27936,0.4931526780128479,0,30,2019-11-02,2019-12-01
MB2,27939,0.4931526780128479,0,30,2019-08-24,2019-09-22
MB2,28115,0.4931526780128479,0,30,2019-11-02,2019-12-01
MB2,28204,0.4931526780128479,0,30,2019-11-02,2019-12-01
MB2,28219,0.4931526780128479,0,30,2019-11-02,2019-12-01
MB2,28542,0.4931526780128479,0,30,2019-10-30,2019-11-28
MB2,28578,0.4931526780128479,0,30,2019-11-02,2019-12-01
MB2,28717,0.4931526780128479,1,30,2019-07-24,2019-08-22
MB2,28926,0.4931526780128479,0,30,2019-04-06,2019-05-05
MB2,28964,0.4931526780128479,0,30,2019-11-02,2019-12-01
MB2,29002,0.4931526780128479,0,30,2019-11-02,2019-12-01
MB2,29256,0.4931526780128479,0,30,2019-11-02,2019-12-01
MB2,29289,0.4931526780128479,0,30,2019-10-19,2019-11-17
MB2,29518,0.4931526780128479,0,30,2019-11-02,2019-12-01
MB2,29732,0.4931526780128479,0,30,2019-11-02,2019-12-01
MB2,29908,0.4931526780128479,0,30,2019-11-02,2019-12-01
MB2,30003,0.4931526780128479,0,30,2019-11-02,2019-12-01
MB2,30192,0.4931526780128479,0,30,2019-11-02,2019-12-01
MB2,30373,0.4931526780128479,0,30,2019-11-02,2019-12-01
MB2,30393,0.4931526780128479,0,30,2019-11-02,2019-12-01
MB2,30597,0.4931526780128479,0,30,2019-10-19,2019-11-17
MB2,30805,0.4931526780128479,0,30,2019-11-02,2019-12-01
MB2,30811,0.4931526780128479,0,30,2019-10-19,2019-11-17
MB2,30831,0.4931526780128479,0,30,2019-05-20,2019-06-18
MB2,31017,0.4931526780128479,0,30,2019-11-02,2019-12-01
MB2,31042,0.4931526780128479,0,30,2019-11-02,2019-12-01
MB2,31207,0.4931526780128479,0,30,2019-11-02,2019-12-01
MB2,31217,0.4931526780128479,0,30,2019-11-02,2019-12-01
MB2,31296,0.4931526780128479,0,30,2019-11-02,2019-12-01
MB2,31297,0.4931526780128479,0,30,2019-11-02,2019-12-01
MB2,31305,0.4931526780128479,0,30,2019-11-02,2019-12-01
MB2,31336,0.4931526780128479,0,30,2019-11-02,2019-12-01
MB2,31470,0.4931526780128479,0,30,2019-11-02,2019-12-01
MB2,31486,0.4931526780128479,0,30,2019-11-02,2019-12-01
MB2,31561,0.4931526780128479,0,30,2019-11-02,2019-12-01
MB2,31650,0.4931526780128479,0,30,2019-11-01,2019-11-30
MB2,31775,0.4931526780128479,0,30,2019-11-02,2019-12-01
MB2,31856,0.4931526780128479,0,30,2019-11-02,2019-12-01
MB2,31883,0.4931526780128479,0,30,2019-11-02,2019-12-01
MB2,31986,0.4931526780128479,0,30,2019-10-30,2019-11-28
MB2,32027,0.4931526780128479,0,30,2019-11-02,2019-12-01
MB2,32047,0.4931526780128479,0,30,2019-11-02,2019-12-01
MB2,32480,0.4931526780128479,0,30,2019-11-02,2019-12-01
MB2,32613,0.4931526780128479,0,30,2019-11-02,2019-12-01
MB2,32911,0.4931526780128479,0,30,2019-11-02,2019-12-01
MB2,33198,0.4931526780128479,0,30,2019-09-17,2019-10-16
MB2,33273,0.4931526780128479,0,30,2019-11-02,2019-12-01
MB2,33289,0.4931526780128479,0,30,2019-11-02,2019-12-01
MB2,33351,0.4931526780128479,0,30,2019-11-02,2019-12-01
MB2,33390,0.4931526780128479,0,30,2018-12-27,2019-01-25
MB2,33518,0.4931526780128479,0,30,2019-11-02,2019-12-01
MB2,33568,0.4931526780128479,0,30,2019-11-02,2019-12-01
MB2,33633,0.4931526780128479,0,30,2019-11-02,2019-12-01
MB2,33833,0.4931526780128479,0,30,2019-11-02,2019-12-01
MB2,33906,0.4931526780128479,0,30,2019-11-02,2019-12-01
MB2,34117,0.4931526780128479,0,30,2019-11-02,2019-12-01
MB2,34275,0.4931526780128479,0,30,2019-11-02,2019-12-01
MB2,34287,0.4931526780128479,0,30,2019-11-02,2019-12-01
MB2,34306,0.4931526780128479,0,30,2019-11-02,2019-12-01
MB2,34338,0.4931526780128479,0,30,2019-11-02,2019-12-01
MB2,34408,0.4931526780128479,0,30,2019-11-02,2019-12-01
MB2,34521,0.4931526780128479,0,30,2019-11-02,2019-12-01
MB2,34671,0.4931526780128479,0,30,2019-11-02,2019-12-01
MB2,34941,0.4931526780128479,0,30,2019-11-02,2019-12-01
MB2,35257,0.4931526780128479,0,30,2019-10-19,2019-11-17
MB2,35299,0.4931526780128479,0,30,2019-11-02,2019-12-01
MB2,35314,0.4931526780128479,0,30,2019-11-02,2019-12-01
MB2,35374,0.4931526780128479,0,30,2019-11-02,2019-12-01
MB2,35745,0.4931526780128479,0,30,2019-11-02,2019-12-01
MB2,35773,0.4931526780128479,0,30,2019-11-02,2019-12-01
MB2,35782,0.3850126336018244,0,30,2019-11-02,2019-12-01
MB2,36017,0.4931526780128479,0,30,2019-11-02,2019-12-01
MB2,36039,0.4931526780128479,0,30,2019-11-02,2019-12-01
MB2,36069,0.4931526780128479,0,30,2019-11-02,2019-12-01
MB2,36070,0.4931526780128479,0,30,2019-11-02,2019-12-01
MB2,36776,0.4931526780128479,1,30,2018-05-01,2018-05-30
MB2,37024,0.4931526780128479,0,21,2018-01-31,2018-02-20
MB2,37206,0.25661066770553587,0,30,2019-11-02,2019-12-01
MB2,37211,0.4931526780128479,0,30,2019-11-02,2019-12-01
MB2,37313,0.4931526780128479,0,30,2019-11-02,2019-12-01
MB2,37434,0.4931526780128479,0,30,2019-11-02,2019-12-01
MB2,37523,0.4931526780128479,0,30,2019-11-02,2019-12-01
MB2,37652,0.4931526780128479,0,30,2019-11-02,2019-12-01
MB2,37738,0.4931526780128479,0,30,2019-11-02,2019-12-01
MB2,38001,0.4931526780128479,0,30,2019-11-02,2019-12-01
MB2,38048,0.4931526780128479,0,30,2019-11-02,2019-12-01
MB2,38050,4.214147684057453e-25,0,30,2019-11-01,2019-11-30
MB2,38174,0.4931526780128479,0,30,2019-11-02,2019-12-01
MB2,38240,0.4931526780128479,0,30,2019-11-02,2019-12-01
MB2,38329,0.4931526780128479,0,30,2019-11-02,2019-12-01
MB2,38577,0.4931526780128479,0,30,2019-11-02,2019-12-01
MB2,38617,0.4931526780128479,0,30,2019-11-02,2019-12-01
MB2,38772,0.4931526780128479,0,30,2019-11-02,2019-12-01
MB2,38817,0.4931526780128479,0,30,2019-11-02,2019-12-01
MB2,38861,0.4931526780128479,0,30,2019-10-19,2019-11-17
MB2,38906,0.4931526780128479,0,30,2019-11-02,2019-12-01
MB2,39148,0.4931526780128479,0,30,2019-11-02,2019-12-01
MB2,39168,0.4931526780128479,0,30,2019-11-02,2019-12-01
MB2,39202,0.4931526780128479,0,30,2019-11-02,2019-12-01
MB2,39433,0.4931526780128479,0,30,2019-11-02,2019-12-01
MB2,39457,0.4931526780128479,0,30,2019-09-27,2019-10-26
MB2,39508,0.4931526780128479,0,30,2019-11-02,2019-12-01
MB2,39512,0.4931526780128479,0,30,2019-11-02,2019-12-01
MB2,39520,0.4931526780128479,0,30,2019-11-02,2019-12-01
MB2,39679,0.4931526780128479,0,30,2019-11-02,2019-12-01
MB2,39742,0.4931526780128479,0,30,2019-11-02,2019-12-01
MB2,39907,0.4931526780128479,0,30,2019-11-02,2019-12-01
MB2,39978,0.4931526780128479,0,30,2019-10-24,2019-11-22
MB2,40186,0.4931526780128479,0,30,2019-11-02,2019-12-01
MB2,40389,0.4931526780128479,0,30,2019-11-02,2019-12-01
MB2,40467,0.4931526780128479,0,30,2019-11-02,2019-12-01
MB2,40490,0.4931526780128479,0,30,2019-11-02,2019-12-01
MB2,40522,0.4931526780128479,0,30,2019-11-02,2019-12-01
MB2,40805,0.4931526780128479,0,30,2018-12-30,2019-01-28
MB2,40808,0.4931526780128479,0,30,2019-11-02,2019-12-01
MB2,40814,0.4931526780128479,0,30,2019-11-02,2019-12-01
MB2,40939,0.4931526780128479,0,30,2019-11-02,2019-12-01
MB2,40945,0.4931526780128479,0,30,2019-07-08,2019-08-06
MB2,41159,0.4931526780128479,0,30,2019-11-02,2019-12-01
MB2,41208,0.4931526780128479,0,30,2019-11-02,2019-12-01
MB2,41334,0.4931526780128479,0,30,2019-11-02,2019-12-01
MB2,41341,0.4931526780128479,0,30,2019-11-02,2019-12-01
MB2,41404,0.4931526780128479,0,30,2019-11-02,2019-12-01
MB2,41540,0.4931526780128479,0,30,2019-11-02,2019-12-01
MB2,41603,0.4931526780128479,0,30,2019-10-19,2019-11-17
MB2,41615,0.4931526780128479,0,30,2019-11-02,2019-12-01
MB2,41731,0.4931526780128479,0,30,2019-11-02,2019-12-01
MB2,41738,0.4931526780128479,0,30,2019-11-02,2019-12-01
MB2,41930,0.4931526780128479,0,30,2019-11-02,2019-12-01
MB2,42036,0.4931526780128479,0,30,2019-11-02,2019-12-01
MB2,42108,0.4931526780128479,0,30,2019-11-02,2019-12-01
MB2,42116,0.4931526780128479,0,30,2019-11-02,2019-12-01
MB2,42224,0.4931526780128479,0,30,2019-11-02,2019-12-01
MB2,42250,0.4931526780128479,0,30,2019-11-02,2019-12-01
MB2,42458,0.4931526780128479,0,30,2019-11-02,2019-12-01
MB2,42491,0.4931526780128479,0,30,2019-11-02,2019-12-01
MB2,42524,0.4931526780128479,0,30,2019-11-02,2019-12-01
MB2,42782,0.4931526780128479,0,30,2019-11-02,2019-12-01
MB2,42794,0.4931526780128479,0,30,2019-11-02,2019-12-01
MB2,42955,0.4931526780128479,0,30,2019-11-02,2019-12-01
MB2,42959,0.4931526780128479,0,30,2019-11-02,2019-12-01
MB2,43083,0.4931526780128479,0,30,2019-11-02,2019-12-01
MB2,43143,0.4931526780128479,0,30,2019-11-02,2019-12-01
MB2,43483,0.4931526780128479,0,30,2019-11-02,2019-12-01
MB2,43537,0.4931526780128479,0,30,2019-10-07,2019-11-05
MB2,43898,0.4931526780128479,0,30,2019-11-02,2019-12-01
MB2,43907,0.4931526780128479,0,30,2019-11-02,2019-12-01
MB2,44079,0.4931526780128479,0,30,2019-11-02,2019-12-01
MB2,44127,0.4931526780128479,0,30,2019-11-02,2019-12-01
MB2,44202,0.4931526780128479,0,30,2019-11-02,2019-12-01
MB2,44272,0.4931526780128479,0,30,2019-11-02,2019-12-01
MB2,44287,0.4931526780128479,0,30,2019-11-02,2019-12-01
MB2,44495,0.4931526780128479,0,30,2019-11-02,2019-12-01
MB2,44739,0.4931526780128479,0,30,2019-11-02,2019-12-01
MB2,44899,0.4931526780128479,0,30,2019-11-02,2019-12-01
MB2,44970,0.4931526780128479,0,30,2019-11-02,2019-12-01
MB2,44971,0.4931526780128479,0,30,2019-11-02,2019-12-01
MB2,45023,0.4931526780128479,0,30,2018-03-19,2018-04-17
MB2,45175,0.4931526780128479,0,30,2019-11-02,2019-12-01
MB2,45676,0.4931526780128479,0,30,2019-11-02,2019-12-01
MB2,45896,0.4931526780128479,0,30,2019-11-02,2019-12-01
MB2,46165,0.4931526780128479,0,30,2019-11-02,2019-12-01
MB2,46191,0.4931526780128479,0,30,2019-11-02,2019-12-01
MB2,46359,0.4931526780128479,0,30,2019-11-02,2019-12-01
MB2,46457,0.4931526780128479,0,30,2019-10-19,2019-11-17
MB2,46475,0.4931526780128479,0,30,2019-11-02,2019-12-01
MB2,46624,0.4931526780128479,0,30,2019-11-02,2019-12-01
MB2,46750,0.4931526780128479,0,30,2019-11-02,2019-12-01
MB2,46824,0.4931526780128479,0,30,2019-11-02,2019-12-01
MB2,46871,0.4931526780128479,0,30,2019-11-02,2019-12-01
MB2,46942,0.4931526780128479,0,30,2019-11-02,2019-12-01
MB2,46985,0.4931526780128479,0,30,2019-11-02,2019-12-01
MB2,47026,0.4931526780128479,0,30,2019-11-02,2019-12-01
MB2,47034,0.4931526780128479,0,30,2019-11-02,2019-12-01
MB2,47043,0.4931526780128479,0,30,2019-10-30,2019-11-28
MB2,47154,0.4931526780128479,0,30,2019-11-02,2019-12-01
MB2,47499,0.4931526780128479,0,30,2019-11-02,2019-12-01
MB2,47597,0.4931526780128479,0,30,2019-11-02,2019-12-01
MB2,47719,0.4931526780128479,0,30,2019-11-02,2019-12-01
MB2,47756,0.4931526780128479,0,30,2019-11-02,2019-12-01
MB2,47790,0.4931526780128479,0,30,2019-11-02,2019-12-01
MB2,47840,0.4931526780128479,0,30,2019-11-02,2019-12-01
MB2,48197,0.4931526780128479,0,30,2019-11-02,2019-12-01
MB2,48334,0.4931526780128479,0,30,2019-11-02,2019-12-01
MB2,48484,0.4931526780128479,0,30,2019-11-02,2019-12-01
MB2,48512,0.4931526780128479,0,30,2019-11-02,2019-12-01
MB2,48585,0.4931526780128479,0,30,2019-11-02,2019-12-01
MB2,48728,0.4931526780128479,0,30,2019-11-02,2019-12-01
MB2,48786,0.4931526780128479,0,30,2019-11-02,2019-12-01
MB2,49072,0.4931526780128479,0,30,2019-11-02,2019-12-01
MB2,49118,0.4931526780128479,0,30,2019-11-02,2019-12-01
