fold,drive_id,model,disk_id,drive_label,total_windows,positive_windows,first_window_date,last_window_date,first_positive_date,last_positive_date,first_positive_probability,last_positive_probability,max_positive_probability,max_probability,mean_probability,last_window_probability
B,MB1_10004,MB1,10004,0,670,0,2018-01-31,2019-12-01,,,,,,0.49315268,0.49315268,0.49315268
B,MB1_10021,MB1,10021,0,670,0,2018-01-31,2019-12-01,,,,,,0.49315268,0.49315268,0.49315268
B,MB1_10216,MB1,10216,0,670,0,2018-01-31,2019-12-01,,,,,,0.49315268,0.49315268,0.49315268
B,MB1_10274,MB1,10274,0,473,0,2018-08-16,2019-12-01,,,,,,0.49315268,0.49315265,0.49315268
B,MB1_10460,MB1,10460,0,670,0,2018-01-31,2019-12-01,,,,,,0.49315268,0.49315268,0.49315268
B,MB1_10481,MB1,10481,0,670,0,2018-01-31,2019-12-01,,,,,,0.49315268,0.49315268,0.49315268
B,MB1_10913,MB1,10913,0,257,0,2019-03-20,2019-12-01,,,,,,0.49315268,0.49315265,0.49315268
B,MB1_10949,MB1,10949,0,533,0,2018-01-31,2019-07-17,,,,,,0.49315268,0.49315268,0.49315268
B,MB1_1103,MB1,1103,0,670,0,2018-01-31,2019-12-01,,,,,,0.49315268,0.49315268,0.49315268
B,MB1_11248,MB1,11248,0,670,0,2018-01-31,2019-12-01,,,,,,0.49315268,0.49315268,0.49315268
B,MB1_11330,MB1,11330,0,247,0,2019-03-30,2019-12-01,,,,,,0.49315268,0.49315265,0.49315268
B,MB1_11404,MB1,11404,0,670,0,2018-01-31,2019-12-01,,,,,,0.49315268,0.49315268,0.49315268
B,MB1_11626,MB1,11626,0,527,0,2018-06-23,2019-12-01,,,,,,0.49315268,0.49315265,0.49315268
B,MB1_11758,MB1,11758,0,670,0,2018-01-31,2019-12-01,,,,,,0.49315268,0.49315268,0.49315268
B,MB1_11902,MB1,11902,0,670,0,2018-01-31,2019-12-01,,,,,,0.49315268,0.49315268,0.49315268
B,MB1_1197,MB1,1197,0,442,0,2018-09-16,2019-12-01,,,,,,0.49315268,0.49315268,0.49315268
B,MB1_12002,MB1,12002,0,670,0,2018-01-31,2019-12-01,,,,,,0.49315268,0.49315268,0.49315268
B,MB1_12181,MB1,12181,0,670,0,2018-01-31,2019-12-01,,,,,,0.49315268,0.49315268,0.49315268
B,MB1_12190,MB1,12190,0,374,0,2018-11-23,2019-12-01,,,,,,0.49315268,0.49315265,0.49315268
B,MB1_12203,MB1,12203,0,527,0,2018-06-23,2019-12-01,,,,,,0.49315268,0.49315265,0.49315268
B,MB1_12361,MB1,12361,0,670,0,2018-01-31,2019-12-01,,,,,,0.49315268,0.49315268,0.49315268
B,MB1_1249,MB1,1249,0,670,0,2018-01-31,2019-12-01,,,,,,0.49315268,0.49315268,0.49315268
B,MB1_12651,MB1,12651,0,670,0,2018-01-31,2019-12-01,,,,,,0.49315268,0.49315268,0.49315268
B,MB1_12817,MB1,12817,0,670,0,2018-01-31,2019-12-01,,,,,,0.49315268,0.49315268,0.49315268
B,MB1_12846,MB1,12846,0,670,0,2018-01-31,2019-12-01,,,,,,0.49315268,0.49315268,0.49315268
B,MB1_12856,MB1,12856,0,670,0,2018-01-31,2019-12-01,,,,,,0.49315268,0.49315268,0.49315268
B,MB1_12966,MB1,12966,1,210,29,2018-01-31,2018-08-28,2018-07-31,2018-08-28,0.4931526780128479,0.4931526780128479,0.4931526780128479,0.49315268,0.49315265,0.49315268
B,MB1_12976,MB1,12976,0,257,0,2019-03-20,2019-12-01,,,,,,0.49315268,0.49315265,0.49315268
B,MB1_13045,MB1,13045,0,670,0,2018-01-31,2019-12-01,,,,,,0.49315268,0.49315268,0.49315268
B,MB1_1307,MB1,1307,0,670,0,2018-01-31,2019-12-01,,,,,,0.49315268,0.49315268,0.49315268
B,MB1_13177,MB1,13177,0,433,0,2018-08-29,2019-11-04,,,,,,0.49315268,0.49315265,0.49315268
B,MB1_1332,MB1,1332,0,670,0,2018-01-31,2019-12-01,,,,,,0.49315268,0.49315268,0.49315268
B,MB1_1335,MB1,1335,0,444,0,2018-09-14,2019-12-01,,,,,,0.49315268,0.49315265,0.49315268
B,MB1_13454,MB1,13454,0,670,0,2018-01-31,2019-12-01,,,,,,0.49315268,0.49315268,0.49315268
B,MB1_1358,MB1,1358,0,670,0,2018-01-31,2019-12-01,,,,,,0.49315268,0.49315268,0.49315268
B,MB1_13609,MB1,13609,0,656,0,2018-02-14,2019-12-01,,,,,,0.49315268,0.49315268,0.49315268
B,MB1_13636,MB1,13636,0,670,0,2018-01-31,2019-12-01,,,,,,0.49315268,0.49315268,0.49315268
B,MB1_13705,MB1,13705,0,464,0,2018-08-25,2019-12-01,,,,,,0.49315268,0.49315265,0.49315268
B,MB1_1380,MB1,1380,0,670,0,2018-01-31,2019-12-01,,,,,,0.49315268,0.49315268,0.49315268
B,MB1_13807,MB1,13807,0,657,0,2018-01-31,2019-11-18,,,,,,0.49315268,0.49315265,0.49315268
B,MB1_14068,MB1,14068,0,670,0,2018-01-31,2019-12-01,,,,,,0.49315268,0.49315268,0.49315268
B,MB1_14135,MB1,14135,0,75,0,2018-01-31,2018-04-15,,,,,,0.49315268,0.49315268,0.49315268
B,MB1_14332,MB1,14332,0,670,0,2018-01-31,2019-12-01,,,,,,0.49315268,0.49315268,0.49315268
B,MB1_14360,MB1,14360,0,670,0,2018-01-31,2019-12-01,,,,,,0.49315268,0.49315268,0.49315268
B,MB1_14420,MB1,14420,0,670,0,2018-01-31,2019-12-01,,,,,,0.49315268,0.49315268,0.49315268
B,MB1_14435,MB1,14435,0,257,0,2019-03-20,2019-12-01,,,,,,0.49315268,0.49315265,0.49315268
B,MB1_1447,MB1,1447,0,670,0,2018-01-31,2019-12-01,,,,,,0.49315268,0.49315268,0.49315268
B,MB1_1448,MB1,1448,0,670,0,2018-01-31,2019-12-01,,,,,,0.49315268,0.49315268,0.49315268
B,MB1_14558,MB1,14558,0,670,0,2018-01-31,2019-12-01,,,,,,0.49315268,0.49315268,0.49315268
B,MB1_14628,MB1,14628,0,429,0,2018-09-29,2019-12-01,,,,,,0.49315268,0.49315268,0.49315268
B,MB1_14814,MB1,14814,0,670,0,2018-01-31,2019-12-01,,,,,,0.49315268,0.49315268,0.49315268
B,MB1_14841,MB1,14841,0,656,0,2018-01-31,2019-11-17,,,,,,0.49315268,0.49315268,0.49315268
B,MB1_14866,MB1,14866,0,656,0,2018-01-31,2019-11-17,,,,,,0.49315268,0.49315268,0.49315268
B,MB1_14882,MB1,14882,0,670,0,2018-01-31,2019-12-01,,,,,,0.49315268,0.49315268,0.49315268
B,MB1_15064,MB1,15064,0,669,0,2018-02-01,2019-12-01,,,,,,0.49315268,0.49315265,0.49315268
B,MB1_15190,MB1,15190,0,500,0,2018-07-20,2019-12-01,,,,,,0.49315268,0.49315265,0.49315268
B,MB1_15213,MB1,15213,0,670,0,2018-01-31,2019-12-01,,,,,,0.49315268,0.49315268,0.49315268
B,MB1_15242,MB1,15242,0,670,0,2018-01-31,2019-12-01,,,,,,0.49315268,0.49315268,0.49315268
B,MB1_15425,MB1,15425,0,670,0,2018-01-31,2019-12-01,,,,,,0.49315268,0.49315268,0.49315268
B,MB1_1558,MB1,1558,0,670,0,2018-01-31,2019-12-01,,,,,,0.49315268,0.49315268,0.49315268
B,MB1_15682,MB1,15682,0,670,0,2018-01-31,2019-12-01,,,,,,0.49315268,0.49315268,0.49315268
B,MB1_15703,MB1,15703,0,670,0,2018-01-31,2019-12-01,,,,,,0.49315268,0.49315268,0.49315268
B,MB1_15865,MB1,15865,0,355,0,2018-12-12,2019-12-01,,,,,,0.49315268,0.49315262,0.49315268
B,MB1_1625,MB1,1625,0,529,0,2018-06-21,2019-12-01,,,,,,0.49315268,0.49315265,0.49315268
B,MB1_16272,MB1,16272,0,494,0,2018-07-26,2019-12-01,,,,,,0.49315268,0.49315265,0.49315268
B,MB1_16396,MB1,16396,0,670,0,2018-01-31,2019-12-01,,,,,,0.49315268,0.49315268,0.49315268
B,MB1_16445,MB1,16445,0,670,0,2018-01-31,2019-12-01,,,,,,0.49315268,0.49315268,0.49315268
B,MB1_16450,MB1,16450,0,670,0,2018-01-31,2019-12-01,,,,,,0.49315268,0.49315268,0.49315268
B,MB1_1647,MB1,1647,0,529,0,2018-06-21,2019-12-01,,,,,,0.49315268,0.49315265,0.49315268
B,MB1_16627,MB1,16627,0,670,0,2018-01-31,2019-12-01,,,,,,0.49315268,0.49315268,0.49315268
B,MB1_16763,MB1,16763,0,670,0,2018-01-31,2019-12-01,,,,,,0.49315268,0.49315268,0.49315268
B,MB1_16807,MB1,16807,0,670,0,2018-01-31,2019-12-01,,,,,,0.49315268,0.49315268,0.49315268
B,MB1_16946,MB1,16946,0,670,0,2018-01-31,2019-12-01,,,,,,0.49315268,0.49315268,0.49315268
B,MB1_16971,MB1,16971,0,670,0,2018-01-31,2019-12-01,,,,,,0.49315268,0.49315268,0.49315268
B,MB1_16983,MB1,16983,0,670,0,2018-01-31,2019-12-01,,,,,,0.49315268,0.49315268,0.49315268
B,MB1_17134,MB1,17134,0,484,0,2018-08-05,2019-12-01,,,,,,0.49315268,0.49315265,0.49315268
B,MB1_17182,MB1,17182,0,670,0,2018-01-31,2019-12-01,,,,,,0.49315268,0.49315268,0.49315268
B,MB1_17295,MB1,17295,0,656,0,2018-01-31,2019-11-17,,,,,,0.49315268,0.49315268,0.49315268
B,MB1_17344,MB1,17344,0,670,0,2018-01-31,2019-12-01,,,,,,0.49315268,0.49315268,0.49315268
B,MB1_17367,MB1,17367,0,670,0,2018-01-31,2019-12-01,,,,,,0.49315268,0.49315268,0.49315268
B,MB1_17606,MB1,17606,0,145,0,2018-09-19,2019-02-10,,,,,,0.49315268,0.4931527,0.49315268
B,MB1_17614,MB1,17614,1,311,26,2018-01-31,2018-12-07,2018-11-08,2018-12-07,0.4931526780128479,0.4931526780128479,0.4931526780128479,0.49315268,0.49315268,0.49315268
B,MB1_17768,MB1,17768,0,670,0,2018-01-31,2019-12-01,,,,,,0.49315268,0.49315268,0.49315268
B,MB1_1778,MB1,1778,0,500,0,2018-07-20,2019-12-01,,,,,,0.49315268,0.49315265,0.49315268
B,MB1_17990,MB1,17990,0,670,0,2018-01-31,2019-12-01,,,,,,0.49315268,0.49315268,0.49315268
B,MB1_18139,MB1,18139,0,670,0,2018-01-31,2019-12-01,,,,,,0.49315268,0.49315268,0.49315268
B,MB1_18150,MB1,18150,0,167,0,2019-06-12,2019-11-25,,,,,,0.49315268,0.49315265,0.49315268
B,MB1_18304,MB1,18304,0,418,0,2018-10-10,2019-12-01,,,,,,0.49315268,0.49315268,0.49315268
B,MB1_18409,MB1,18409,0,670,0,2018-01-31,2019-12-01,,,,,,0.49315268,0.49315268,0.49315268
B,MB1_18410,MB1,18410,0,670,0,2018-01-31,2019-12-01,,,,,,0.49315268,0.49315268,0.49315268
B,MB1_18795,MB1,18795,0,670,0,2018-01-31,2019-12-01,,,,,,0.49315268,0.49315268,0.49315268
B,MB1_18850,MB1,18850,0,623,0,2018-01-31,2019-10-15,,,,,,0.49315268,0.4931527,0.49315268
B,MB1_18943,MB1,18943,0,670,0,2018-01-31,2019-12-01,,,,,,0.49315268,0.49315268,0.49315268
B,MB1_18957,MB1,18957,0,670,0,2018-01-31,2019-12-01,,,,,,0.49315268,0.49315268,0.49315268
B,MB1_18980,MB1,18980,0,670,0,2018-01-31,2019-12-01,,,,,,0.49315268,0.49315268,0.49315268
B,MB1_1906,MB1,1906,0,670,0,2018-01-31,2019-12-01,,,,,,0.49315268,0.49315268,0.49315268
B,MB1_1911,MB1,1911,0,401,0,2018-10-27,2019-12-01,,,,,,0.49315268,0.49315265,0.49315268
B,MB1_19260,MB1,19260,0,442,0,2018-09-16,2019-12-01,,,,,,0.49315268,0.49315268,0.49315268
B,MB1_19410,MB1,19410,0,670,0,2018-01-31,2019-12-01,,,,,,0.49315268,0.49315268,0.49315268
B,MB1_19640,MB1,19640,0,664,0,2018-01-31,2019-11-25,,,,,,0.49315268,0.49315268,0.49315268
B,MB1_19743,MB1,19743,1,519,29,2018-01-31,2019-07-03,2019-06-04,2019-07-03,0.4931526780128479,0.4931526780128479,0.4931526780128479,0.49315268,0.49315265,0.49315268
B,MB1_19907,MB1,19907,0,670,0,2018-01-31,2019-12-01,,,,,,0.49315268,0.49315268,0.49315268
B,MB1_20083,MB1,20083,0,509,0,2018-07-11,2019-12-01,,,,,,0.49315268,0.49315268,0.49315268
B,MB1_20138,MB1,20138,0,428,0,2018-09-16,2019-11-17,,,,,,0.49315268,0.49315265,0.49315268
B,MB1_20155,MB1,20155,0,670,0,2018-01-31,2019-12-01,,,,,,0.49315268,0.49315268,0.49315268
B,MB1_20178,MB1,20178,0,606,0,2018-01-31,2019-09-28,,,,,,0.49315268,0.49315268,0.49315268
B,MB1_20194,MB1,20194,0,670,0,2018-01-31,2019-12-01,,,,,,0.49315268,0.49315268,0.49315268
B,MB1_20233,MB1,20233,0,670,0,2018-01-31,2019-12-01,,,,,,0.49315268,0.49315268,0.49315268
B,MB1_20559,MB1,20559,0,670,0,2018-01-31,2019-12-01,,,,,,0.49315268,0.49315268,0.49315268
B,MB1_20565,MB1,20565,0,670,0,2018-01-31,2019-12-01,,,,,,0.49315268,0.49315268,0.49315268
B,MB1_20597,MB1,20597,0,670,0,2018-01-31,2019-12-01,,,,,,0.49315268,0.49315268,0.49315268
B,MB1_20627,MB1,20627,0,529,0,2018-06-21,2019-12-01,,,,,,0.49315268,0.49315265,0.49315268
B,MB1_20665,MB1,20665,0,257,0,2019-03-20,2019-12-01,,,,,,0.49315268,0.49315265,0.49315268
B,MB1_20808,MB1,20808,0,670,0,2018-01-31,2019-12-01,,,,,,0.49315268,0.49315268,0.49315268
B,MB1_20848,MB1,20848,0,670,0,2018-01-31,2019-12-01,,,,,,0.49315268,0.49315268,0.49315268
B,MB1_21305,MB1,21305,0,661,0,2018-01-31,2019-11-22,,,,,,0.49315268,0.4931527,0.49315268
B,MB1_21329,MB1,21329,0,670,0,2018-01-31,2019-12-01,,,,,,0.49315268,0.49315268,0.49315268
B,MB1_21362,MB1,21362,0,441,0,2018-09-17,2019-12-01,,,,,,0.49315268,0.49315265,0.49315268
B,MB1_21520,MB1,21520,0,499,0,2018-07-21,2019-12-01,,,,,,0.49315268,0.49315262,0.49315268
B,MB1_21575,MB1,21575,1,313,27,2018-01-31,2018-12-09,2018-11-13,2018-12-09,0.4931526780128479,0.4931526780128479,0.4931526780128479,0.49315268,0.49315265,0.49315268
B,MB1_21638,MB1,21638,0,670,0,2018-01-31,2019-12-01,,,,,,0.49315268,0.49315268,0.49315268
B,MB1_21648,MB1,21648,0,670,0,2018-01-31,2019-12-01,,,,,,0.49315268,0.49315268,0.49315268
B,MB1_21750,MB1,21750,0,670,0,2018-01-31,2019-12-01,,,,,,0.49315268,0.49315268,0.49315268
B,MB1_21759,MB1,21759,0,670,0,2018-01-31,2019-12-01,,,,,,0.49315268,0.49315268,0.49315268
B,MB1_21773,MB1,21773,0,670,0,2018-01-31,2019-12-01,,,,,,0.49315268,0.49315268,0.49315268
B,MB1_21781,MB1,21781,0,565,0,2018-05-02,2019-11-17,,,,,,0.49315268,0.4931527,0.49315268
B,MB1_21822,MB1,21822,0,442,0,2018-09-16,2019-12-01,,,,,,0.49315268,0.49315268,0.49315268
B,MB1_2192,MB1,2192,0,670,0,2018-01-31,2019-12-01,,,,,,0.49315268,0.49315268,0.49315268
B,MB1_21993,MB1,21993,0,482,0,2018-08-07,2019-12-01,,,,,,0.49315268,0.49315268,0.49315268
B,MB1_22086,MB1,22086,0,670,0,2018-01-31,2019-12-01,,,,,,0.49315268,0.49315268,0.49315268
B,MB1_22157,MB1,22157,0,670,0,2018-01-31,2019-12-01,,,,,,0.49315268,0.49315268,0.49315268
B,MB1_22175,MB1,22175,0,656,0,2018-01-31,2019-11-17,,,,,,0.49315268,0.49315268,0.49315268
B,MB1_22444,MB1,22444,0,656,0,2018-01-31,2019-11-17,,,,,,0.49315268,0.49315268,0.49315268
B,MB1_22514,MB1,22514,0,670,0,2018-01-31,2019-12-01,,,,,,0.49315268,0.49315268,0.49315268
B,MB1_22546,MB1,22546,0,670,0,2018-01-31,2019-12-01,,,,,,0.49315268,0.49315268,0.49315268
B,MB1_22621,MB1,22621,0,670,0,2018-01-31,2019-12-01,,,,,,0.49315268,0.49315268,0.49315268
B,MB1_22812,MB1,22812,0,670,0,2018-01-31,2019-12-01,,,,,,0.49315268,0.49315268,0.49315268
B,MB1_22827,MB1,22827,0,670,0,2018-01-31,2019-12-01,,,,,,0.49315268,0.49315268,0.49315268
B,MB1_22860,MB1,22860,1,113,30,2018-01-31,2018-05-23,2018-04-24,2018-05-23,0.4931526780128479,0.4931526780128479,0.4931526780128479,0.49315268,0.49315265,0.49315268
B,MB1_23015,MB1,23015,0,529,0,2018-06-21,2019-12-01,,,,,,0.49315268,0.49315265,0.49315268
B,MB1_23022,MB1,23022,0,467,0,2018-08-22,2019-12-01,,,,,,0.49315268,0.49315262,0.49315268
B,MB1_23158,MB1,23158,0,485,0,2018-08-04,2019-12-01,,,,,,0.49315268,0.49315268,0.49315268
B,MB1_23182,MB1,23182,0,670,0,2018-01-31,2019-12-01,,,,,,0.49315268,0.49315268,0.49315268
B,MB1_23256,MB1,23256,0,670,0,2018-01-31,2019-12-01,,,,,,0.49315268,0.49315268,0.49315268
B,MB1_2328,MB1,2328,0,670,0,2018-01-31,2019-12-01,,,,,,0.49315268,0.49315268,0.49315268
B,MB1_23325,MB1,23325,0,262,0,2019-03-15,2019-12-01,,,,,,0.49315268,0.49315265,0.49315268
B,MB1_23376,MB1,23376,0,670,0,2018-01-31,2019-12-01,,,,,,0.49315268,0.49315268,0.49315268
B,MB1_23483,MB1,23483,0,670,0,2018-01-31,2019-12-01,,,,,,0.49315268,0.49315268,0.49315268
B,MB1_23507,MB1,23507,0,670,0,2018-01-31,2019-12-01,,,,,,0.49315268,0.49315268,0.49315268
B,MB1_23537,MB1,23537,0,456,0,2018-09-02,2019-12-01,,,,,,0.49315268,0.49315265,0.49315268
B,MB1_23580,MB1,23580,0,494,0,2018-07-26,2019-12-01,,,,,,0.49315268,0.49315265,0.49315268
B,MB1_23599,MB1,23599,0,656,0,2018-01-31,2019-11-17,,,,,,0.49315268,0.49315268,0.49315268
B,MB1_2369,MB1,2369,0,656,0,2018-01-31,2019-11-17,,,,,,0.49315268,0.49315268,0.49315268
B,MB1_237,MB1,237,0,361,0,2018-12-06,2019-12-01,,,,,,0.49315268,0.49315265,0.49315268
B,MB1_23790,MB1,23790,0,670,0,2018-01-31,2019-12-01,,,,,,0.49315268,0.49315268,0.49315268
B,MB1_23826,MB1,23826,0,670,0,2018-01-31,2019-12-01,,,,,,0.49315268,0.49315268,0.49315268
B,MB1_24070,MB1,24070,0,442,0,2018-09-16,2019-12-01,,,,,,0.49315268,0.49315268,0.49315268
B,MB1_24075,MB1,24075,0,442,0,2018-09-16,2019-12-01,,,,,,0.49315268,0.49315268,0.49315268
B,MB1_24105,MB1,24105,1,205,17,2018-01-31,2018-08-23,2018-08-07,2018-08-23,0.4931526780128479,0.4931526780128479,0.4931526780128479,0.49315268,0.49315268,0.49315268
B,MB1_24112,MB1,24112,0,463,0,2018-08-26,2019-12-01,,,,,,0.49315268,0.49315265,0.49315268
B,MB1_24244,MB1,24244,0,670,0,2018-01-31,2019-12-01,,,,,,0.49315268,0.49315268,0.49315268
B,MB1_24380,MB1,24380,0,670,0,2018-01-31,2019-12-01,,,,,,0.49315268,0.49315268,0.49315268
B,MB1_24394,MB1,24394,0,20,0,2019-11-12,2019-12-01,,,,,,0.49315268,0.49315268,0.49315268
B,MB1_2450,MB1,2450,0,428,0,2018-09-30,2019-12-01,,,,,,0.49315268,0.49315265,0.49315268
B,MB1_24503,MB1,24503,1,361,30,2018-01-31,2019-01-26,2018-12-28,2019-01-26,0.4931526780128479,0.4931526780128479,0.4931526780128479,0.49315268,0.49315265,0.49315268
B,MB1_24578,MB1,24578,0,670,0,2018-01-31,2019-12-01,,,,,,0.49315268,0.49315268,0.49315268
B,MB1_24641,MB1,24641,0,670,0,2018-01-31,2019-12-01,,,,,,0.49315268,0.49315268,0.49315268
B,MB1_24642,MB1,24642,0,670,0,2018-01-31,2019-12-01,,,,,,0.49315268,0.49315268,0.49315268
B,MB1_24647,MB1,24647,0,670,0,2018-01-31,2019-12-01,,,,,,0.49315268,0.49315268,0.49315268
B,MB1_24724,MB1,24724,0,670,0,2018-01-31,2019-12-01,,,,,,0.49315268,0.49315268,0.49315268
B,MB1_24735,MB1,24735,0,76,0,2019-09-17,2019-12-01,,,,,,0.49315268,0.49315268,0.49315268
B,MB1_24886,MB1,24886,0,670,0,2018-01-31,2019-12-01,,,,,,0.49315268,0.49315268,0.49315268
B,MB1_24941,MB1,24941,0,670,0,2018-01-31,2019-12-01,,,,,,0.49315268,0.49315268,0.49315268
B,MB1_25136,MB1,25136,0,670,0,2018-01-31,2019-12-01,,,,,,0.49315268,0.49315268,0.49315268
B,MB1_25310,MB1,25310,0,670,0,2018-01-31,2019-12-01,,,,,,0.49315268,0.49315268,0.49315268
B,MB1_25405,MB1,25405,0,670,0,2018-01-31,2019-12-01,,,,,,0.49315268,0.49315268,0.49315268
B,MB1_25662,MB1,25662,0,499,0,2018-07-21,2019-12-01,,,,,,0.49315268,0.49315262,0.49315268
B,MB1_2594,MB1,2594,0,670,0,2018-01-31,2019-12-01,,,,,,0.49315268,0.49315268,0.49315268
B,MB1_2632,MB1,2632,0,670,0,2018-01-31,2019-12-01,,,,,,0.49315268,0.49315268,0.49315268
B,MB1_2634,MB1,2634,0,108,0,2019-08-16,2019-12-01,,,,,,0.49315268,0.49315265,0.49315268
B,MB1_26356,MB1,26356,0,670,0,2018-01-31,2019-12-01,,,,,,0.49315268,0.49315268,0.49315268
B,MB1_26367,MB1,26367,0,670,0,2018-01-31,2019-12-01,,,,,,0.49315268,0.49315268,0.49315268
B,MB1_26640,MB1,26640,0,428,0,2018-09-30,2019-12-01,,,,,,0.49315268,0.49315265,0.49315268
B,MB1_26835,MB1,26835,0,670,0,2018-01-31,2019-12-01,,,,,,0.49315268,0.49315268,0.49315268
B,MB1_26948,MB1,26948,0,587,0,2018-01-31,2019-09-09,,,,,,0.49315268,0.49315262,0.49315268
B,MB1_26951,MB1,26951,0,670,0,2018-01-31,2019-12-01,,,,,,0.49315268,0.49315268,0.49315268
B,MB1_27029,MB1,27029,0,375,0,2018-11-22,2019-12-01,,,,,,0.49315268,0.49315268,0.49315268
B,MB1_2746,MB1,2746,0,670,0,2018-01-31,2019-12-01,,,,,,0.49315268,0.49315268,0.49315268
B,MB1_2749,MB1,2749,0,670,0,2018-01-31,2019-12-01,,,,,,0.49315268,0.49315268,0.49315268
B,MB1_27552,MB1,27552,0,527,0,2018-06-23,2019-12-01,,,,,,0.49315268,0.49315265,0.49315268
B,MB1_27577,MB1,27577,1,693,25,2018-01-31,2019-12-24,2019-11-25,2019-12-24,0.4931526780128479,0.4931526780128479,0.4931526780128479,0.49315268,0.4931527,0.49315268
B,MB1_27678,MB1,27678,0,670,0,2018-01-31,2019-12-01,,,,,,0.49315268,0.49315268,0.49315268
B,MB1_27747,MB1,27747,0,670,0,2018-01-31,2019-12-01,,,,,,0.49315268,0.49315268,0.49315268
B,MB1_27795,MB1,27795,0,670,0,2018-01-31,2019-12-01,,,,,,0.49315268,0.49315268,0.49315268
B,MB1_27969,MB1,27969,0,670,0,2018-01-31,2019-12-01,,,,,,0.49315268,0.49315268,0.49315268
B,MB1_27971,MB1,27971,0,485,0,2018-08-04,2019-12-01,,,,,,0.49315268,0.49315268,0.49315268
B,MB1_28013,MB1,28013,0,110,0,2019-08-14,2019-12-01,,,,,,0.49315268,0.49315265,0.49315268
B,MB1_28553,MB1,28553,0,22,0,2019-11-10,2019-12-01,,,,,,0.49315268,0.49315265,0.49315268
B,MB1_28641,MB1,28641,0,587,0,2018-04-24,2019-12-01,,,,,,0.49315268,0.49315262,0.49315268
B,MB1_28711,MB1,28711,0,670,0,2018-01-31,2019-12-01,,,,,,0.49315268,0.49315268,0.49315268
B,MB1_28753,MB1,28753,0,670,0,2018-01-31,2019-12-01,,,,,,0.49315268,0.49315268,0.49315268
B,MB1_28772,MB1,28772,0,670,0,2018-01-31,2019-12-01,,,,,,0.49315268,0.49315268,0.49315268
B,MB1_29110,MB1,29110,0,670,0,2018-01-31,2019-12-01,,,,,,0.49315268,0.49315268,0.49315268
B,MB1_29213,MB1,29213,0,421,0,2018-10-07,2019-12-01,,,,,,0.49315268,0.49315268,0.49315268
B,MB1_29272,MB1,29272,0,670,0,2018-01-31,2019-12-01,,,,,,0.49315268,0.49315268,0.49315268
B,MB1_29388,MB1,29388,0,670,0,2018-01-31,2019-12-01,,,,,,0.49315268,0.49315268,0.49315268
B,MB1_29610,MB1,29610,0,670,0,2018-01-31,2019-12-01,,,,,,0.49315268,0.49315268,0.49315268
B,MB1_2973,MB1,2973,0,452,0,2018-09-06,2019-12-01,,,,,,0.49315268,0.49315265,0.49315268
B,MB1_29796,MB1,29796,0,670,0,2018-01-31,2019-12-01,,,,,,0.49315268,0.49315268,0.49315268
B,MB1_29808,MB1,29808,0,670,0,2018-01-31,2019-12-01,,,,,,0.49315268,0.49315268,0.49315268
B,MB1_30028,MB1,30028,0,442,0,2018-09-16,2019-12-01,,,,,,0.49315268,0.49315268,0.49315268
B,MB1_30134,MB1,30134,0,649,0,2018-02-21,2019-12-01,,,,,,0.49315268,0.49315268,0.49315268
B,MB1_302,MB1,302,0,670,0,2018-01-31,2019-12-01,,,,,,0.49315268,0.49315268,0.49315268
B,MB1_3020,MB1,3020,0,670,0,2018-01-31,2019-12-01,,,,,,0.49315268,0.49315268,0.49315268
B,MB1_3027,MB1,3027,0,670,0,2018-01-31,2019-12-01,,,,,,0.49315268,0.49315268,0.49315268
B,MB1_30301,MB1,30301,0,527,0,2018-06-23,2019-12-01,,,,,,0.49315268,0.49315265,0.49315268
B,MB1_30531,MB1,30531,0,670,0,2018-01-31,2019-12-01,,,,,,0.49315268,0.49315268,0.49315268
B,MB1_30539,MB1,30539,0,670,0,2018-01-31,2019-12-01,,,,,,0.49315268,0.49315268,0.49315268
B,MB1_30542,MB1,30542,0,670,0,2018-01-31,2019-12-01,,,,,,0.49315268,0.49315268,0.49315268
B,MB1_30629,MB1,30629,0,79,0,2019-09-14,2019-12-01,,,,,,0.49315268,0.49315268,0.49315268
B,MB1_30673,MB1,30673,0,670,0,2018-01-31,2019-12-01,,,,,,0.49315268,0.49315268,0.49315268
B,MB1_30848,MB1,30848,1,189,30,2018-01-31,2018-08-07,2018-07-09,2018-08-07,0.4931526780128479,0.4931526780128479,0.4931526780128479,0.49315268,0.49315268,0.49315268
B,MB1_30864,MB1,30864,0,670,0,2018-01-31,2019-12-01,,,,,,0.49315268,0.49315268,0.49315268
B,MB1_30946,MB1,30946,0,296,0,2019-02-09,2019-12-01,,,,,,0.49315268,0.49315268,0.49315268
B,MB1_31021,MB1,31021,0,529,0,2018-06-21,2019-12-01,,,,,,0.49315268,0.49315265,0.49315268
B,MB1_31045,MB1,31045,0,670,0,2018-01-31,2019-12-01,,,,,,0.49315268,0.49315268,0.49315268
B,MB1_31124,MB1,31124,0,668,0,2018-01-31,2019-11-29,,,,,,0.49315268,0.49315265,0.49315268
B,MB1_31216,MB1,31216,0,529,0,2018-06-21,2019-12-01,,,,,,0.49315268,0.49315265,0.49315268
B,MB1_31282,MB1,31282,0,670,0,2018-01-31,2019-12-01,,,,,,0.49315268,0.49315268,0.49315268
B,MB1_3133,MB1,3133,0,247,0,2019-03-30,2019-12-01,,,,,,0.49315268,0.49315265,0.49315268
B,MB1_31371,MB1,31371,0,579,0,2018-05-02,2019-12-01,,,,,,0.49315268,0.49315268,0.49315268
B,MB1_31773,MB1,31773,0,494,0,2018-07-26,2019-12-01,,,,,,0.49315268,0.49315265,0.49315268
B,MB1_31791,MB1,31791,0,670,0,2018-01-31,2019-12-01,,,,,,0.49315268,0.49315268,0.49315268
B,MB1_31865,MB1,31865,0,670,0,2018-01-31,2019-12-01,,,,,,0.49315268,0.49315268,0.49315268
B,MB1_31947,MB1,31947,0,670,0,2018-01-31,2019-12-01,,,,,,0.49315268,0.49315268,0.49315268
B,MB1_31993,MB1,31993,0,513,0,2018-06-23,2019-11-17,,,,,,0.49315268,0.49315265,0.49315268
B,MB1_32017,MB1,32017,0,670,0,2018-01-31,2019-12-01,,,,,,0.49315268,0.49315268,0.49315268
B,MB1_32044,MB1,32044,0,670,0,2018-01-31,2019-12-01,,,,,,0.49315268,0.49315268,0.49315268
B,MB1_32207,MB1,32207,0,424,0,2018-10-04,2019-12-01,,,,,,0.49315268,0.49315265,0.49315268
B,MB1_32441,MB1,32441,0,670,0,2018-01-31,2019-12-01,,,,,,0.49315268,0.49315268,0.49315268
B,MB1_32464,MB1,32464,0,670,0,2018-01-31,2019-12-01,,,,,,0.49315268,0.49315268,0.49315268
B,MB1_32732,MB1,32732,0,669,0,2018-01-31,2019-11-30,,,,,,0.49315268,0.49315265,0.49315268
B,MB1_32915,MB1,32915,0,670,0,2018-01-31,2019-12-01,,,,,,0.49315268,0.49315268,0.49315268
B,MB1_33042,MB1,33042,0,670,0,2018-01-31,2019-12-01,,,,,,0.49315268,0.49315268,0.49315268
B,MB1_33053,MB1,33053,0,670,0,2018-01-31,2019-12-01,,,,,,0.49315268,0.49315268,0.49315268
B,MB1_33308,MB1,33308,0,670,0,2018-01-31,2019-12-01,,,,,,0.49315268,0.49315268,0.49315268
B,MB1_33312,MB1,33312,0,670,0,2018-01-31,2019-12-01,,,,,,0.49315268,0.49315268,0.49315268
B,MB1_33401,MB1,33401,0,670,0,2018-01-31,2019-12-01,,,,,,0.49315268,0.49315268,0.49315268
B,MB1_33411,MB1,33411,0,670,0,2018-01-31,2019-12-01,,,,,,0.49315268,0.49315268,0.49315268
B,MB1_33496,MB1,33496,0,670,0,2018-01-31,2019-12-01,,,,,,0.49315268,0.49315268,0.49315268
B,MB1_33549,MB1,33549,0,670,0,2018-01-31,2019-12-01,,,,,,0.49315268,0.49315268,0.49315268
B,MB1_33627,MB1,33627,0,670,0,2018-01-31,2019-12-01,,,,,,0.49315268,0.49315268,0.49315268
B,MB1_33661,MB1,33661,0,670,0,2018-01-31,2019-12-01,,,,,,0.49315268,0.49315268,0.49315268
B,MB1_33775,MB1,33775,0,494,0,2018-07-26,2019-12-01,,,,,,0.49315268,0.49315265,0.49315268
B,MB1_33782,MB1,33782,0,494,0,2018-07-26,2019-12-01,,,,,,0.49315268,0.49315265,0.49315268
B,MB1_33840,MB1,33840,0,47,0,2019-10-16,2019-12-01,,,,,,0.49315268,0.49315265,0.49315268
B,MB1_34123,MB1,34123,0,670,0,2018-01-31,2019-12-01,,,,,,0.49315268,0.49315268,0.49315268
B,MB1_34178,MB1,34178,0,482,0,2018-08-07,2019-12-01,,,,,,0.49315268,0.49315268,0.49315268
B,MB1_34195,MB1,34195,0,670,0,2018-01-31,2019-12-01,,,,,,0.49315268,0.49315268,0.49315268
B,MB1_34228,MB1,34228,0,670,0,2018-01-31,2019-12-01,,,,,,0.49315268,0.49315268,0.49315268
B,MB1_3423,MB1,3423,0,670,0,2018-01-31,2019-12-01,,,,,,0.49315268,0.49315268,0.49315268
B,MB1_34241,MB1,34241,0,670,0,2018-01-31,2019-12-01,,,,,,0.49315268,0.49315268,0.49315268
B,MB1_34254,MB1,34254,0,670,0,2018-01-31,2019-12-01,,,,,,0.49315268,0.49315268,0.49315268
B,MB1_34261,MB1,34261,0,670,0,2018-01-31,2019-12-01,,,,,,0.49315268,0.49315268,0.49315268
B,MB1_3429,MB1,3429,0,670,0,2018-01-31,2019-12-01,,,,,,0.49315268,0.49315268,0.49315268
B,MB1_34383,MB1,34383,0,670,0,2018-01-31,2019-12-01,,,,,,0.49315268,0.49315268,0.49315268
B,MB1_34421,MB1,34421,0,500,0,2018-07-20,2019-12-01,,,,,,0.49315268,0.49315265,0.49315268
B,MB1_34510,MB1,34510,0,487,0,2018-08-02,2019-12-01,,,,,,0.49315268,0.49315265,0.49315268
B,MB1_34545,MB1,34545,0,257,0,2019-03-20,2019-12-01,,,,,,0.49315268,0.49315265,0.49315268
B,MB1_3465,MB1,3465,0,670,0,2018-01-31,2019-12-01,,,,,,0.49315268,0.49315268,0.49315268
B,MB1_34687,MB1,34687,0,670,0,2018-01-31,2019-12-01,,,,,,0.49315268,0.49315268,0.49315268
B,MB1_34700,MB1,34700,0,670,0,2018-01-31,2019-12-01,,,,,,0.49315268,0.49315268,0.49315268
B,MB1_34891,MB1,34891,0,670,0,2018-01-31,2019-12-01,,,,,,0.49315268,0.49315268,0.49315268
B,MB1_35194,MB1,35194,0,670,0,2018-01-31,2019-12-01,,,,,,0.49315268,0.49315268,0.49315268
B,MB1_35285,MB1,35285,0,114,0,2019-08-10,2019-12-01,,,,,,0.49315268,0.49315265,0.49315268
B,MB1_35286,MB1,35286,0,670,0,2018-01-31,2019-12-01,,,,,,0.49315268,0.49315268,0.49315268
B,MB1_3546,MB1,3546,0,482,0,2018-08-07,2019-12-01,,,,,,0.49315268,0.49315268,0.49315268
B,MB1_35658,MB1,35658,0,670,0,2018-01-31,2019-12-01,,,,,,0.49315268,0.49315268,0.49315268
B,MB1_35723,MB1,35723,0,527,0,2018-06-23,2019-12-01,,,,,,0.49315268,0.49315265,0.49315268
B,MB1_35812,MB1,35812,0,425,0,2018-10-03,2019-12-01,,,,,,0.49315268,0.49315265,0.49315268
B,MB1_35844,MB1,35844,0,670,0,2018-01-31,2019-12-01,,,,,,0.49315268,0.49315268,0.49315268
B,MB1_35955,MB1,35955,0,670,0,2018-01-31,2019-12-01,,,,,,0.49315268,0.4609589,0.49315268
B,MB1_36154,MB1,36154,0,670,0,2018-01-31,2019-12-01,,,,,,0.49315268,0.49315268,0.49315268
B,MB1_36158,MB1,36158,0,670,0,2018-01-31,2019-12-01,,,,,,0.49315268,0.49315268,0.49315268
B,MB1_36311,MB1,36311,0,670,0,2018-01-31,2019-12-01,,,,,,0.49315268,0.49315268,0.49315268
B,MB1_36498,MB1,36498,0,95,0,2019-08-29,2019-12-01,,,,,,0.49315268,0.49315265,0.49315268
B,MB1_36517,MB1,36517,0,670,0,2018-01-31,2019-12-01,,,,,,0.49315268,0.49315268,0.49315268
B,MB1_3668,MB1,3668,0,108,0,2019-08-16,2019-12-01,,,,,,0.49315268,0.49315265,0.49315268
B,MB1_36698,MB1,36698,0,670,0,2018-01-31,2019-12-01,,,,,,0.49315268,0.49315268,0.49315268
B,MB1_36751,MB1,36751,0,670,0,2018-01-31,2019-12-01,,,,,,0.49315268,0.49315268,0.49315268
B,MB1_36777,MB1,36777,0,670,0,2018-01-31,2019-12-01,,,,,,0.49315268,0.49315268,0.49315268
B,MB1_36833,MB1,36833,0,670,0,2018-01-31,2019-12-01,,,,,,0.49315268,0.49315268,0.49315268
B,MB1_37028,MB1,37028,0,670,0,2018-01-31,2019-12-01,,,,,,0.49315268,0.49315268,0.49315268
B,MB1_37270,MB1,37270,0,670,0,2018-01-31,2019-12-01,,,,,,0.49315268,0.49315268,0.49315268
B,MB1_37281,MB1,37281,0,670,0,2018-01-31,2019-12-01,,,,,,0.49315268,0.49315268,0.49315268
B,MB1_37398,MB1,37398,0,494,0,2018-07-26,2019-12-01,,,,,,0.49315268,0.49315265,0.49315268
B,MB1_37406,MB1,37406,0,670,0,2018-01-31,2019-12-01,,,,,,0.49315268,0.49315268,0.49315268
B,MB1_37734,MB1,37734,0,670,0,2018-01-31,2019-12-01,,,,,,0.49315268,0.49315268,0.49315268
B,MB1_37864,MB1,37864,0,670,0,2018-01-31,2019-12-01,,,,,,0.49315268,0.49315268,0.49315268
B,MB1_38095,MB1,38095,1,113,30,2018-01-31,2018-05-23,2018-04-24,2018-05-23,0.4931526780128479,0.4931526780128479,0.4931526780128479,0.49315268,0.49315265,0.49315268
B,MB1_38284,MB1,38284,0,670,0,2018-01-31,2019-12-01,,,,,,0.49315268,0.49315268,0.49315268
B,MB1_38459,MB1,38459,0,670,0,2018-01-31,2019-12-01,,,,,,0.49315268,0.49315268,0.49315268
B,MB1_38619,MB1,38619,0,500,0,2018-07-20,2019-12-01,,,,,,0.49315268,0.49315265,0.49315268
B,MB1_38770,MB1,38770,0,670,0,2018-01-31,2019-12-01,,,,,,0.49315268,0.49315268,0.49315268
B,MB1_38928,MB1,38928,0,529,0,2018-06-21,2019-12-01,,,,,,0.49315268,0.49315265,0.49315268
B,MB1_38986,MB1,38986,0,670,0,2018-01-31,2019-12-01,,,,,,0.49315268,0.49315268,0.49315268
B,MB1_39012,MB1,39012,0,670,0,2018-01-31,2019-12-01,,,,,,0.49315268,0.49315268,0.49315268
B,MB1_39088,MB1,39088,0,507,0,2018-07-13,2019-12-01,,,,,,0.49315268,0.49315262,0.49315268
B,MB1_39251,MB1,39251,0,482,0,2018-08-07,2019-12-01,,,,,,0.49315268,0.49315268,0.49315268
B,MB1_39451,MB1,39451,0,670,0,2018-01-31,2019-12-01,,,,,,0.49315268,0.49315268,0.49315268
B,MB1_39486,MB1,39486,0,670,0,2018-01-31,2019-12-01,,,,,,0.49315268,0.49315268,0.49315268
B,MB1_39544,MB1,39544,0,485,0,2018-08-04,2019-12-01,,,,,,0.49315268,0.49315268,0.49315268
B,MB1_39594,MB1,39594,0,670,0,2018-01-31,2019-12-01,,,,,,0.49315268,0.49315268,0.49315268
B,MB1_39628,MB1,39628,0,670,0,2018-01-31,2019-12-01,,,,,,0.49315268,0.49315268,0.49315268
B,MB1_39634,MB1,39634,0,670,0,2018-01-31,2019-12-01,,,,,,0.49315268,0.49315268,0.49315268
B,MB1_39748,MB1,39748,0,670,0,2018-01-31,2019-12-01,,,,,,0.49315268,0.49315268,0.49315268
B,MB1_39975,MB1,39975,0,670,0,2018-01-31,2019-12-01,,,,,,0.49315268,0.49315268,0.49315268
B,MB1_40015,MB1,40015,0,670,0,2018-01-31,2019-12-01,,,,,,0.49315268,0.49315268,0.49315268
B,MB1_40026,MB1,40026,0,656,0,2018-01-31,2019-11-17,,,,,,0.49315268,0.49315268,0.49315268
B,MB1_40390,MB1,40390,0,457,0,2018-09-01,2019-12-01,,,,,,0.49315268,0.49315265,0.49315268
B,MB1_40545,MB1,40545,0,670,0,2018-01-31,2019-12-01,,,,,,0.49315268,0.49315268,0.49315268
B,MB1_40785,MB1,40785,0,670,0,2018-01-31,2019-12-01,,,,,,0.49315268,0.49315268,0.49315268
B,MB1_409,MB1,409,0,500,0,2018-07-20,2019-12-01,,,,,,0.49315268,0.49315265,0.49315268
B,MB1_40969,MB1,40969,0,428,0,2018-09-30,2019-12-01,,,,,,0.49315268,0.49315265,0.49315268
B,MB1_41107,MB1,41107,0,494,0,2018-07-26,2019-12-01,,,,,,0.49315268,0.49315265,0.49315268
B,MB1_4119,MB1,4119,0,670,0,2018-01-31,2019-12-01,,,,,,0.49315268,0.49315268,0.49315268
B,MB1_41349,MB1,41349,0,670,0,2018-01-31,2019-12-01,,,,,,0.49315268,0.49315268,0.49315268
B,MB1_41477,MB1,41477,0,670,0,2018-01-31,2019-12-01,,,,,,0.49315268,0.49315268,0.49315268
B,MB1_41725,MB1,41725,0,405,0,2018-09-26,2019-11-04,,,,,,0.49315268,0.49315268,0.49315268
B,MB1_41802,MB1,41802,0,303,0,2019-02-02,2019-12-01,,,,,,0.49315268,0.49315268,0.49315268
B,MB1_41919,MB1,41919,0,670,0,2018-01-31,2019-12-01,,,,,,0.49315268,0.49315268,0.49315268
B,MB1_41942,MB1,41942,0,670,0,2018-01-31,2019-12-01,,,,,,0.49315268,0.49315268,0.49315268
B,MB1_4196,MB1,4196,0,257,0,2019-03-20,2019-12-01,,,,,,0.49315268,0.49315265,0.49315268
B,MB1_41983,MB1,41983,0,670,0,2018-01-31,2019-12-01,,,,,,0.49315268,0.49315268,0.49315268
B,MB1_42365,MB1,42365,1,218,28,2018-01-31,2018-09-05,2018-08-07,2018-09-05,0.4931526780128479,0.4931526780128479,0.4931526780128479,0.49315268,0.49315265,0.49315268
B,MB1_42458,MB1,42458,0,480,0,2018-07-26,2019-11-17,,,,,,0.49315268,0.49315265,0.49315268
B,MB1_42545,MB1,42545,0,242,0,2019-03-20,2019-11-16,,,,,,0.49315268,0.49315265,0.49315268
B,MB1_42623,MB1,42623,0,670,0,2018-01-31,2019-12-01,,,,,,0.49315268,0.49315268,0.49315268
B,MB1_43085,MB1,43085,0,670,0,2018-01-31,2019-12-01,,,,,,0.49315268,0.49315268,0.49315268
B,MB1_43122,MB1,43122,0,361,0,2018-12-06,2019-12-01,,,,,,0.49315268,0.49315265,0.49315268
B,MB1_43237,MB1,43237,0,670,0,2018-01-31,2019-12-01,,,,,,0.49315268,0.49315268,0.49315268
B,MB1_43248,MB1,43248,0,670,0,2018-01-31,2019-12-01,,,,,,0.49315268,0.49315268,0.49315268
B,MB1_43353,MB1,43353,0,670,0,2018-01-31,2019-12-01,,,,,,0.49315268,0.49315268,0.49315268
B,MB1_43468,MB1,43468,0,670,0,2018-01-31,2019-12-01,,,,,,0.49315268,0.49315268,0.49315268
B,MB1_43482,MB1,43482,0,670,0,2018-01-31,2019-12-01,,,,,,0.49315268,0.49315268,0.49315268
B,MB1_435,MB1,435,0,529,0,2018-06-21,2019-12-01,,,,,,0.49315268,0.49315265,0.49315268
B,MB1_43539,MB1,43539,0,670,0,2018-01-31,2019-12-01,,,,,,0.49315268,0.49315268,0.49315268
B,MB1_43577,MB1,43577,0,670,0,2018-01-31,2019-12-01,,,,,,0.49315268,0.49315268,0.49315268
B,MB1_43689,MB1,43689,0,257,0,2019-03-20,2019-12-01,,,,,,0.49315268,0.49315265,0.49315268
B,MB1_43954,MB1,43954,0,670,0,2018-01-31,2019-12-01,,,,,,0.49315268,0.49315268,0.49315268
B,MB1_43965,MB1,43965,0,670,0,2018-01-31,2019-12-01,,,,,,0.49315268,0.49315268,0.49315268
B,MB1_4526,MB1,4526,0,670,0,2018-01-31,2019-12-01,,,,,,0.49315268,0.49315268,0.49315268
B,MB1_4619,MB1,4619,0,668,0,2018-01-31,2019-11-29,,,,,,0.49315268,0.49315265,0.49315268
B,MB1_4738,MB1,4738,0,670,0,2018-01-31,2019-12-01,,,,,,0.49315268,0.49315268,0.49315268
B,MB1_4867,MB1,4867,0,670,0,2018-01-31,2019-12-01,,,,,,0.49315268,0.49315268,0.49315268
B,MB1_4882,MB1,4882,0,529,0,2018-06-21,2019-12-01,,,,,,0.49315268,0.49315265,0.49315268
B,MB1_5031,MB1,5031,0,670,0,2018-01-31,2019-12-01,,,,,,0.49315268,0.49315268,0.49315268
B,MB1_5079,MB1,5079,1,537,30,2018-01-31,2019-07-21,2019-06-22,2019-07-21,0.4931526780128479,0.4931526780128479,0.4931526780128479,0.49315268,0.4931527,0.49315268
B,MB1_5097,MB1,5097,0,670,0,2018-01-31,2019-12-01,,,,,,0.49315268,0.49315268,0.49315268
B,MB1_5140,MB1,5140,0,670,0,2018-01-31,2019-12-01,,,,,,0.49315268,0.49315268,0.49315268
B,MB1_5243,MB1,5243,0,670,0,2018-01-31,2019-12-01,,,,,,0.49315268,0.49315268,0.49315268
B,MB1_5283,MB1,5283,0,457,0,2018-09-01,2019-12-01,,,,,,0.49315268,0.49315265,0.49315268
B,MB1_536,MB1,536,0,670,0,2018-01-31,2019-12-01,,,,,,0.49315268,0.49315268,0.49315268
B,MB1_5845,MB1,5845,0,670,0,2018-01-31,2019-12-01,,,,,,0.49315268,0.49315268,0.49315268
B,MB1_5921,MB1,5921,0,656,0,2018-01-31,2019-11-17,,,,,,0.49315268,0.49315268,0.49315268
B,MB1_6021,MB1,6021,0,456,0,2018-09-02,2019-12-01,,,,,,0.49315268,0.49315265,0.49315268
B,MB1_6140,MB1,6140,0,392,0,2018-11-01,2019-11-27,,,,,,0.49315268,0.49315265,0.49315268
B,MB1_6196,MB1,6196,0,656,0,2018-01-31,2019-11-17,,,,,,0.49315268,0.49315268,0.49315268
B,MB1_6226,MB1,6226,0,670,0,2018-01-31,2019-12-01,,,,,,0.49315268,0.49315268,0.49315268
B,MB1_6241,MB1,6241,0,249,0,2019-03-28,2019-12-01,,,,,,0.49315268,0.49315268,0.49315268
B,MB1_6249,MB1,6249,0,644,0,2018-01-31,2019-11-05,,,,,,0.49315268,0.49315268,0.49315268
B,MB1_6479,MB1,6479,0,670,0,2018-01-31,2019-12-01,,,,,,0.49315268,0.49315268,0.49315268
B,MB1_6589,MB1,6589,0,670,0,2018-01-31,2019-12-01,,,,,,0.49315268,0.49315268,0.49315268
B,MB1_6814,MB1,6814,0,670,0,2018-01-31,2019-12-01,,,,,,0.49315268,0.49315268,0.49315268
B,MB1_6960,MB1,6960,0,656,0,2018-01-31,2019-11-17,,,,,,0.49315268,0.49315268,0.49315268
B,MB1_70,MB1,70,0,199,0,2019-04-17,2019-11-01,,,,,,0.49315268,0.49315265,0.49315268
B,MB1_7007,MB1,7007,0,670,0,2018-01-31,2019-12-01,,,,,,0.49315268,0.49315268,0.49315268
B,MB1_702,MB1,702,0,430,0,2018-09-28,2019-12-01,,,,,,0.49315268,0.49315265,0.49315268
B,MB1_704,MB1,704,0,670,0,2018-01-31,2019-12-01,,,,,,0.49315268,0.49315268,0.49315268
B,MB1_7082,MB1,7082,0,670,0,2018-01-31,2019-12-01,,,,,,0.49315268,0.49315268,0.49315268
B,MB1_7247,MB1,7247,0,670,0,2018-01-31,2019-12-01,,,,,,0.49315268,0.49315268,0.49315268
B,MB1_7376,MB1,7376,0,670,0,2018-01-31,2019-12-01,,,,,,0.49315268,0.49315268,0.49315268
B,MB1_7496,MB1,7496,0,670,0,2018-01-31,2019-12-01,,,,,,0.49315268,0.49315268,0.49315268
B,MB1_7602,MB1,7602,0,468,0,2018-08-07,2019-11-17,,,,,,0.49315268,0.49315265,0.49315268
B,MB1_7680,MB1,7680,0,482,0,2018-08-07,2019-12-01,,,,,,0.49315268,0.49315268,0.49315268
B,MB1_7962,MB1,7962,0,670,0,2018-01-31,2019-12-01,,,,,,0.49315268,0.49315268,0.49315268
B,MB1_7976,MB1,7976,0,670,0,2018-01-31,2019-12-01,,,,,,0.49315268,0.49315268,0.49315268
B,MB1_8012,MB1,8012,0,670,0,2018-01-31,2019-12-01,,,,,,0.49315268,0.49315268,0.49315268
B,MB1_8075,MB1,8075,0,670,0,2018-01-31,2019-12-01,,,,,,0.49315268,0.49315268,0.49315268
B,MB1_808,MB1,808,0,18,0,2019-11-14,2019-12-01,,,,,,0.49315268,0.49315268,0.49315268
B,MB1_8140,MB1,8140,0,670,0,2018-01-31,2019-12-01,,,,,,0.49315268,0.49315268,0.49315268
B,MB1_8166,MB1,8166,0,670,0,2018-01-31,2019-12-01,,,,,,0.49315268,0.49315268,0.49315268
B,MB1_8393,MB1,8393,0,670,0,2018-01-31,2019-12-01,,,,,,0.49315268,0.49315268,0.49315268
B,MB1_8516,MB1,8516,0,670,0,2018-01-31,2019-12-01,,,,,,0.49315268,0.49315268,0.49315268
B,MB1_8883,MB1,8883,0,670,0,2018-01-31,2019-12-01,,,,,,0.49315268,0.49315268,0.49315268
B,MB1_8928,MB1,8928,0,670,0,2018-01-31,2019-12-01,,,,,,0.49315268,0.49315268,0.49315268
B,MB1_8979,MB1,8979,0,257,0,2019-03-20,2019-12-01,,,,,,0.49315268,0.49315265,0.49315268
B,MB1_8993,MB1,8993,0,670,0,2018-01-31,2019-12-01,,,,,,0.49315268,0.49315268,0.49315268
B,MB1_9086,MB1,9086,0,670,0,2018-01-31,2019-12-01,,,,,,0.49315268,0.49315268,0.49315268
B,MB1_9227,MB1,9227,0,670,0,2018-01-31,2019-12-01,,,,,,0.49315268,0.49315268,0.49315268
B,MB1_9301,MB1,9301,0,670,0,2018-01-31,2019-12-01,,,,,,0.49315268,0.49315268,0.49315268
B,MB1_931,MB1,931,0,670,0,2018-01-31,2019-12-01,,,,,,0.49315268,0.49315268,0.49315268
B,MB1_955,MB1,955,0,482,0,2018-08-07,2019-12-01,,,,,,0.49315268,0.49315268,0.49315268
B,MB1_9781,MB1,9781,0,257,0,2019-03-20,2019-12-01,,,,,,0.49315268,0.49315265,0.49315268
B,MB1_9990,MB1,9990,0,670,0,2018-01-31,2019-12-01,,,,,,0.49315268,0.49315268,0.49315268
B,MB2_10119,MB2,10119,0,670,0,2018-01-31,2019-12-01,,,,,,0.49315268,0.49315268,0.49315268
B,MB2_10230,MB2,10230,0,670,0,2018-01-31,2019-12-01,,,,,,0.49315268,0.49315268,0.49315268
B,MB2_10312,MB2,10312,0,670,0,2018-01-31,2019-12-01,,,,,,0.49315268,0.49315268,0.49315268
B,MB2_10318,MB2,10318,0,670,0,2018-01-31,2019-12-01,,,,,,0.49315268,0.49315268,0.49315268
B,MB2_10819,MB2,10819,0,670,0,2018-01-31,2019-12-01,,,,,,0.49315268,0.49315268,0.49315268
B,MB2_10960,MB2,10960,0,600,0,2018-01-31,2019-09-22,,,,,,0.49315268,0.49315268,0.49315268
B,MB2_11046,MB2,11046,0,670,0,2018-01-31,2019-12-01,,,,,,0.49315268,0.49315268,0.49315268
B,MB2_11190,MB2,11190,0,670,0,2018-01-31,2019-12-01,,,,,,0.49315268,0.49315268,0.49315268
B,MB2_11196,MB2,11196,0,670,0,2018-01-31,2019-12-01,,,,,,0.49315268,0.49315268,0.49315268
B,MB2_11283,MB2,11283,0,670,0,2018-01-31,2019-12-01,,,,,,0.49315268,0.49315268,0.49315268
B,MB2_11326,MB2,11326,0,670,0,2018-01-31,2019-12-01,,,,,,0.49315268,0.49315268,0.49315268
B,MB2_11401,MB2,11401,0,670,0,2018-01-31,2019-12-01,,,,,,0.49315268,0.49315268,0.49315268
B,MB2_11407,MB2,11407,0,670,0,2018-01-31,2019-12-01,,,,,,0.49315268,0.49315268,0.49315268
B,MB2_11408,MB2,11408,0,670,0,2018-01-31,2019-12-01,,,,,,0.49315268,0.49315268,0.49315268
B,MB2_11617,MB2,11617,0,670,0,2018-01-31,2019-12-01,,,,,,0.49315268,0.49315268,0.49315268
B,MB2_11777,MB2,11777,0,670,0,2018-01-31,2019-12-01,,,,,,0.49315268,0.49315268,0.49315268
B,MB2_11868,MB2,11868,0,670,0,2018-01-31,2019-12-01,,,,,,0.49315268,0.49315268,0.49315268
B,MB2_11897,MB2,11897,0,670,0,2018-01-31,2019-12-01,,,,,,0.49315268,0.49315268,0.49315268
B,MB2_12023,MB2,12023,0,257,0,2019-03-20,2019-12-01,,,,,,0.49315268,0.49315265,0.49315268
B,MB2_12045,MB2,12045,0,670,0,2018-01-31,2019-12-01,,,,,,0.49315268,0.49315268,0.49315268
B,MB2_12271,MB2,12271,0,670,0,2018-01-31,2019-12-01,,,,,,0.49315268,0.49315268,0.49315268
B,MB2_12295,MB2,12295,0,670,0,2018-01-31,2019-12-01,,,,,,0.49315268,0.49315268,0.49315268
B,MB2_12310,MB2,12310,0,670,0,2018-01-31,2019-12-01,,,,,,0.49315268,0.49315268,0.49315268
B,MB2_1233,MB2,1233,0,656,0,2018-01-31,2019-11-17,,,,,,0.49315268,0.49315268,0.49315268
B,MB2_12379,MB2,12379,0,670,0,2018-01-31,2019-12-01,,,,,,0.49315268,0.49315268,0.49315268
B,MB2_12443,MB2,12443,0,670,0,2018-01-31,2019-12-01,,,,,,0.49315268,0.49315268,0.49315268
B,MB2_12483,MB2,12483,0,670,0,2018-01-31,2019-12-01,,,,,,0.49315268,0.49315268,0.49315268
B,MB2_12710,MB2,12710,0,670,0,2018-01-31,2019-12-01,,,,,,0.49315268,0.49315268,0.49315268
B,MB2_13068,MB2,13068,0,670,0,2018-01-31,2019-12-01,,,,,,0.49315268,0.49315268,0.49315268
B,MB2_13088,MB2,13088,0,670,0,2018-01-31,2019-12-01,,,,,,0.49315268,0.49315268,0.49315268
B,MB2_13097,MB2,13097,0,670,0,2018-01-31,2019-12-01,,,,,,0.49315268,0.49315268,0.49315268
B,MB2_13225,MB2,13225,0,670,0,2018-01-31,2019-12-01,,,,,,0.49315268,0.49315268,0.49315268
B,MB2_13356,MB2,13356,0,670,0,2018-01-31,2019-12-01,,,,,,0.49315268,0.49315268,0.49315268
B,MB2_13400,MB2,13400,0,670,0,2018-01-31,2019-12-01,,,,,,0.49315268,0.49315268,0.49315268
B,MB2_13461,MB2,13461,0,670,0,2018-01-31,2019-12-01,,,,,,0.49315268,0.49315268,0.49315268
B,MB2_13515,MB2,13515,0,670,0,2018-01-31,2019-12-01,,,,,,0.49315268,0.49315268,0.49315268
B,MB2_13562,MB2,13562,0,670,0,2018-01-31,2019-12-01,,,,,,0.49315268,0.49315268,0.49315268
B,MB2_13571,MB2,13571,0,670,0,2018-01-31,2019-12-01,,,,,,0.49315268,0.49315268,0.49315268
B,MB2_1358,MB2,1358,0,670,0,2018-01-31,2019-12-01,,,,,,0.49315268,0.49315268,0.49315268
B,MB2_13755,MB2,13755,0,670,0,2018-01-31,2019-12-01,,,,,,0.49315268,0.49315268,0.49315268
B,MB2_13760,MB2,13760,0,670,0,2018-01-31,2019-12-01,,,,,,0.49315268,0.49315268,0.49315268
B,MB2_13762,MB2,13762,0,670,0,2018-01-31,2019-12-01,,,,,,0.49315268,0.49315268,0.49315268
B,MB2_13847,MB2,13847,0,670,0,2018-01-31,2019-12-01,,,,,,0.49315268,0.49315268,0.49315268
B,MB2_13899,MB2,13899,0,670,0,2018-01-31,2019-12-01,,,,,,0.49315268,0.49315268,0.49315268
B,MB2_13919,MB2,13919,0,670,0,2018-01-31,2019-12-01,,,,,,0.49315268,0.49315268,0.49315268
B,MB2_13920,MB2,13920,0,411,0,2018-01-31,2019-03-17,,,,,,0.49315268,0.49315262,0.49315268
B,MB2_1413,MB2,1413,0,634,0,2018-01-31,2019-10-26,,,,,,0.49315268,0.4931527,0.49315268
B,MB2_14152,MB2,14152,0,598,0,2018-01-31,2019-09-20,,,,,,0.49315268,0.49315262,0.49315268
B,MB2_14155,MB2,14155,0,598,0,2018-01-31,2019-09-20,,,,,,0.49315268,0.49315262,0.49315268
B,MB2_14162,MB2,14162,0,670,0,2018-01-31,2019-12-01,,,,,,0.49315268,0.49315268,0.49315268
B,MB2_14274,MB2,14274,0,670,0,2018-01-31,2019-12-01,,,,,,0.49315268,0.49315268,0.49315268
B,MB2_14352,MB2,14352,0,656,0,2018-01-31,2019-11-17,,,,,,0.49315268,0.49315268,0.49315268
B,MB2_14700,MB2,14700,0,656,0,2018-01-31,2019-11-17,,,,,,0.49315268,0.49315268,0.49315268
B,MB2_14795,MB2,14795,0,669,0,2018-02-01,2019-12-01,,,,,,0.49315268,0.49315265,0.49315268
B,MB2_14806,MB2,14806,0,670,0,2018-01-31,2019-12-01,,,,,,0.49315268,0.49315268,0.49315268
B,MB2_1501,MB2,1501,1,443,30,2018-01-31,2019-04-18,2019-03-20,2019-04-18,0.4931526780128479,0.4931526780128479,0.4931526780128479,0.49315268,0.49315262,0.49315268
B,MB2_15025,MB2,15025,0,670,0,2018-01-31,2019-12-01,,,,,,0.49315268,0.49315268,0.49315268
B,MB2_15335,MB2,15335,0,670,0,2018-01-31,2019-12-01,,,,,,0.49315268,0.49315268,0.49315268
B,MB2_15343,MB2,15343,0,670,0,2018-01-31,2019-12-01,,,,,,0.49315268,0.49315268,0.49315268
B,MB2_15449,MB2,15449,0,670,0,2018-01-31,2019-12-01,,,,,,0.49315268,0.49315268,0.49315268
B,MB2_15696,MB2,15696,0,670,0,2018-01-31,2019-12-01,,,,,,0.49315268,0.49315268,0.49315268
B,MB2_15741,MB2,15741,0,670,0,2018-01-31,2019-12-01,,,,,,0.49315268,0.49315268,0.49315268
B,MB2_15879,MB2,15879,0,670,0,2018-01-31,2019-12-01,,,,,,0.49315268,0.49315268,0.49315268
B,MB2_16139,MB2,16139,0,667,0,2018-01-31,2019-11-28,,,,,,0.49315268,0.49315262,0.49315268
B,MB2_16160,MB2,16160,0,670,0,2018-01-31,2019-12-01,,,,,,0.49315268,0.49315268,0.49315268
B,MB2_16234,MB2,16234,0,670,0,2018-01-31,2019-12-01,,,,,,0.49315268,0.49315268,0.49315268
B,MB2_16326,MB2,16326,0,670,0,2018-01-31,2019-12-01,,,,,,0.49315268,0.49315268,0.49315268
B,MB2_16335,MB2,16335,0,670,0,2018-01-31,2019-12-01,,,,,,0.49315268,0.49315268,0.49315268
B,MB2_16369,MB2,16369,0,656,0,2018-01-31,2019-11-17,,,,,,0.49315268,0.49315268,0.49315268
B,MB2_16613,MB2,16613,0,670,0,2018-01-31,2019-12-01,,,,,,0.49315268,0.49315268,0.49315268
B,MB2_16741,MB2,16741,0,670,0,2018-01-31,2019-12-01,,,,,,0.49315268,0.49315268,0.49315268
B,MB2_16817,MB2,16817,0,670,0,2018-01-31,2019-12-01,,,,,,0.49315268,0.49315268,0.49315268
B,MB2_17288,MB2,17288,0,372,0,2018-01-31,2019-02-06,,,,,,0.49315268,0.49315265,0.49315268
B,MB2_17492,MB2,17492,0,656,0,2018-01-31,2019-11-17,,,,,,0.49315268,0.49315268,0.49315268
B,MB2_17675,MB2,17675,0,670,0,2018-01-31,2019-12-01,,,,,,0.49315268,0.49315268,0.49315268
B,MB2_17741,MB2,17741,0,667,0,2018-01-31,2019-11-28,,,,,,0.49315268,0.49315262,0.49315268
B,MB2_17786,MB2,17786,0,670,0,2018-01-31,2019-12-01,,,,,,0.49315268,0.49315268,0.49315268
B,MB2_17980,MB2,17980,0,670,0,2018-01-31,2019-12-01,,,,,,0.49315268,0.49315268,0.49315268
B,MB2_18035,MB2,18035,0,670,0,2018-01-31,2019-12-01,,,,,,0.49315268,0.49315268,0.49315268
B,MB2_18077,MB2,18077,0,670,0,2018-01-31,2019-12-01,,,,,,0.49315268,0.49315268,0.49315268
B,MB2_18168,MB2,18168,0,670,0,2018-01-31,2019-12-01,,,,,,0.49315268,0.49315268,0.49315268
B,MB2_18325,MB2,18325,0,670,0,2018-01-31,2019-12-01,,,,,,0.49315268,0.49315268,0.49315268
B,MB2_18399,MB2,18399,0,670,0,2018-01-31,2019-12-01,,,,,,0.49315268,0.49315268,0.49315268
B,MB2_18562,MB2,18562,0,670,0,2018-01-31,2019-12-01,,,,,,0.49315268,0.49315268,0.49315268
B,MB2_18788,MB2,18788,0,670,0,2018-01-31,2019-12-01,,,,,,0.49315268,0.49315268,0.49315268
B,MB2_18829,MB2,18829,0,670,0,2018-01-31,2019-12-01,,,,,,0.49315268,0.49315268,0.49315268
B,MB2_18898,MB2,18898,0,670,0,2018-01-31,2019-12-01,,,,,,0.49315268,0.49315268,0.49315268
B,MB2_19009,MB2,19009,0,670,0,2018-01-31,2019-12-01,,,,,,0.49315268,0.49315268,0.49315268
B,MB2_19113,MB2,19113,0,670,0,2018-01-31,2019-12-01,,,,,,0.49315268,0.49315268,0.49315268
B,MB2_19189,MB2,19189,0,670,0,2018-01-31,2019-12-01,,,,,,0.49315268,0.49315268,0.49315268
B,MB2_19227,MB2,19227,0,670,0,2018-01-31,2019-12-01,,,,,,0.49315268,0.49315268,0.49315268
B,MB2_19345,MB2,19345,0,660,0,2018-01-31,2019-11-21,,,,,,0.49315268,0.49315268,0.49315268
B,MB2_19348,MB2,19348,0,660,0,2018-01-31,2019-11-21,,,,,,0.49315268,0.49315268,0.49315268
B,MB2_19372,MB2,19372,0,670,0,2018-01-31,2019-12-01,,,,,,0.49315268,0.49315268,0.49315268
B,MB2_19405,MB2,19405,0,669,0,2018-01-31,2019-11-30,,,,,,0.49315268,0.49315265,0.49315268
B,MB2_19552,MB2,19552,0,670,0,2018-01-31,2019-12-01,,,,,,0.49315268,0.49315268,0.49315268
B,MB2_19720,MB2,19720,0,670,0,2018-01-31,2019-12-01,,,,,,0.49315268,0.49315268,0.49315268
B,MB2_1980,MB2,1980,0,670,0,2018-01-31,2019-12-01,,,,,,0.49315268,0.49315268,0.49315268
B,MB2_19901,MB2,19901,0,669,0,2018-01-31,2019-11-30,,,,,,0.49315268,0.49315265,0.49315268
B,MB2_20092,MB2,20092,0,670,0,2018-01-31,2019-12-01,,,,,,0.49315268,0.49315268,0.49315268
B,MB2_20157,MB2,20157,0,670,0,2018-01-31,2019-12-01,,,,,,0.49315268,0.49315268,0.49315268
B,MB2_20463,MB2,20463,0,670,0,2018-01-31,2019-12-01,,,,,,0.49315268,0.49315268,0.49315268
B,MB2_20568,MB2,20568,0,112,0,2018-01-31,2018-05-22,,,,,,0.49315268,0.49315265,0.49315268
B,MB2_20835,MB2,20835,0,670,0,2018-01-31,2019-12-01,,,,,,0.49315268,0.49315268,0.49315268
B,MB2_21328,MB2,21328,0,670,0,2018-01-31,2019-12-01,,,,,,0.49315268,0.49315268,0.49315268
B,MB2_21459,MB2,21459,0,667,0,2018-01-31,2019-11-28,,,,,,0.49315268,0.49315262,0.49315268
B,MB2_21472,MB2,21472,0,670,0,2018-01-31,2019-12-01,,,,,,0.49315268,0.49315268,0.49315268
B,MB2_21512,MB2,21512,0,670,0,2018-01-31,2019-12-01,,,,,,0.49315268,0.49315268,0.49315268
B,MB2_21534,MB2,21534,0,670,0,2018-01-31,2019-12-01,,,,,,0.49315268,0.49315268,0.49315268
B,MB2_21540,MB2,21540,0,670,0,2018-01-31,2019-12-01,,,,,,0.49315268,0.49315268,0.49315268
B,MB2_21673,MB2,21673,0,670,0,2018-01-31,2019-12-01,,,,,,0.49315268,0.49315268,0.49315268
B,MB2_21693,MB2,21693,0,670,0,2018-01-31,2019-12-01,,,,,,0.49315268,0.49315268,0.49315268
B,MB2_217,MB2,217,1,293,26,2018-01-31,2018-11-19,2018-10-21,2018-11-19,0.4931526780128479,0.4931526780128479,0.4931526780128479,0.49315268,0.4931527,0.49315268
B,MB2_21762,MB2,21762,0,669,0,2018-01-31,2019-11-30,,,,,,0.49315268,0.49315265,0.49315268
B,MB2_21768,MB2,21768,0,670,0,2018-01-31,2019-12-01,,,,,,0.49315268,0.49315268,0.49315268
B,MB2_21816,MB2,21816,0,670,0,2018-01-31,2019-12-01,,,,,,0.49315268,0.49315268,0.49315268
B,MB2_22054,MB2,22054,0,670,0,2018-01-31,2019-12-01,,,,,,0.49315268,0.49315268,0.49315268
B,MB2_22187,MB2,22187,0,670,0,2018-01-31,2019-12-01,,,,,,0.49315268,0.49315268,0.49315268
B,MB2_2240,MB2,2240,0,670,0,2018-01-31,2019-12-01,,,,,,0.49315268,0.49315268,0.49315268
B,MB2_22439,MB2,22439,0,670,0,2018-01-31,2019-12-01,,,,,,0.49315268,0.49315268,0.49315268
B,MB2_22488,MB2,22488,0,670,0,2018-01-31,2019-12-01,,,,,,0.49315268,0.49315268,0.49315268
B,MB2_22495,MB2,22495,0,670,0,2018-01-31,2019-12-01,,,,,,0.49315268,0.49315268,0.49315268
B,MB2_22709,MB2,22709,0,670,0,2018-01-31,2019-12-01,,,,,,0.49315268,0.49315268,0.49315268
B,MB2_22847,MB2,22847,0,670,0,2018-01-31,2019-12-01,,,,,,0.49315268,0.49315268,0.49315268
B,MB2_23015,MB2,23015,0,168,0,2018-01-31,2018-07-17,,,,,,0.49315268,0.49315268,0.49315268
B,MB2_23093,MB2,23093,0,671,0,2018-01-30,2019-12-01,,,,,,0.49315268,0.49315268,0.49315268
B,MB2_23217,MB2,23217,0,276,0,2019-03-01,2019-12-01,,,,,,0.49315268,0.49315268,0.49315268
B,MB2_23292,MB2,23292,0,670,0,2018-01-31,2019-12-01,,,,,,0.49315268,0.49315268,0.49315268
B,MB2_23418,MB2,23418,0,670,0,2018-01-31,2019-12-01,,,,,,0.49315268,0.49315268,0.49315268
B,MB2_23524,MB2,23524,0,664,0,2018-02-06,2019-12-01,,,,,,0.49315268,0.49315268,0.49315268
B,MB2_23570,MB2,23570,0,670,0,2018-01-31,2019-12-01,,,,,,0.49315268,0.49315268,0.49315268
B,MB2_23766,MB2,23766,0,670,0,2018-01-31,2019-12-01,,,,,,0.49315268,0.49315268,0.49315268
B,MB2_23880,MB2,23880,0,670,0,2018-01-31,2019-12-01,,,,,,0.49315268,0.49315268,0.49315268
B,MB2_24021,MB2,24021,0,656,0,2018-01-31,2019-11-17,,,,,,0.49315268,0.49315268,0.49315268
B,MB2_24137,MB2,24137,0,670,0,2018-01-31,2019-12-01,,,,,,0.49315268,0.49315268,0.49315268
B,MB2_24373,MB2,24373,0,475,0,2018-08-14,2019-12-01,,,,,,0.49315268,0.49315262,0.49315268
B,MB2_24506,MB2,24506,0,670,0,2018-01-31,2019-12-01,,,,,,0.49315268,0.49315268,0.49315268
B,MB2_24528,MB2,24528,0,670,0,2018-01-31,2019-12-01,,,,,,0.49315268,0.49315268,0.49315268
B,MB2_24956,MB2,24956,0,670,0,2018-01-31,2019-12-01,,,,,,0.49315268,0.49315268,0.49315268
B,MB2_25011,MB2,25011,0,670,0,2018-01-31,2019-12-01,,,,,,0.49315268,0.49315268,0.49315268
B,MB2_25175,MB2,25175,0,670,0,2018-01-31,2019-12-01,,,,,,0.49315268,0.49315268,0.49315268
B,MB2_2529,MB2,2529,0,670,0,2018-01-31,2019-12-01,,,,,,0.49315268,0.49315268,0.49315268
B,MB2_25358,MB2,25358,0,670,0,2018-01-31,2019-12-01,,,,,,0.49315268,0.49315268,0.49315268
B,MB2_25399,MB2,25399,0,670,0,2018-01-31,2019-12-01,,,,,,0.49315268,0.49315268,0.49315268
B,MB2_25618,MB2,25618,0,670,0,2018-01-31,2019-12-01,,,,,,0.49315268,0.49315268,0.49315268
B,MB2_25716,MB2,25716,0,670,0,2018-01-31,2019-12-01,,,,,,0.49315268,0.49315268,0.49315268
B,MB2_25718,MB2,25718,0,670,0,2018-01-31,2019-12-01,,,,,,0.49315268,0.49315268,0.49315268
B,MB2_2585,MB2,2585,0,670,0,2018-01-31,2019-12-01,,,,,,0.49315268,0.49315268,0.49315268
B,MB2_25989,MB2,25989,0,667,0,2018-01-31,2019-11-28,,,,,,0.49315268,0.49315262,0.49315268
B,MB2_25997,MB2,25997,0,667,0,2018-01-31,2019-11-28,,,,,,0.49315268,0.49315262,0.49315268
B,MB2_26135,MB2,26135,0,670,0,2018-01-31,2019-12-01,,,,,,0.49315268,0.49315268,0.49315268
B,MB2_26247,MB2,26247,0,656,0,2018-01-31,2019-11-17,,,,,,0.49315268,0.49315268,0.49315268
B,MB2_26441,MB2,26441,0,670,0,2018-01-31,2019-12-01,,,,,,0.49315268,0.49315268,0.49315268
B,MB2_26497,MB2,26497,0,670,0,2018-01-31,2019-12-01,,,,,,0.49315268,0.49315268,0.49315268
B,MB2_26508,MB2,26508,0,477,0,2018-01-31,2019-05-22,,,,,,0.49315268,0.49315268,0.49315268
B,MB2_26980,MB2,26980,0,670,0,2018-01-31,2019-12-01,,,,,,0.49315268,0.49315268,0.49315268
B,MB2_27201,MB2,27201,0,670,0,2018-01-31,2019-12-01,,,,,,0.49315268,0.49315268,0.49315268
B,MB2_27400,MB2,27400,0,670,0,2018-01-31,2019-12-01,,,,,,0.49315268,0.49315268,0.49315268
B,MB2_2745,MB2,2745,0,670,0,2018-01-31,2019-12-01,,,,,,0.49315268,0.49315268,0.49315268
B,MB2_27620,MB2,27620,0,670,0,2018-01-31,2019-12-01,,,,,,0.49315268,0.49315268,0.49315268
B,MB2_2771,MB2,2771,0,670,0,2018-01-31,2019-12-01,,,,,,0.49315268,0.49315268,0.49315268
B,MB2_27810,MB2,27810,0,670,0,2018-01-31,2019-12-01,,,,,,0.49315268,0.49315268,0.49315268
B,MB2_27876,MB2,27876,0,670,0,2018-01-31,2019-12-01,,,,,,0.49315268,0.49315268,0.49315268
B,MB2_27936,MB2,27936,0,670,0,2018-01-31,2019-12-01,,,,,,0.49315268,0.49315268,0.49315268
B,MB2_27939,MB2,27939,0,600,0,2018-01-31,2019-09-22,,,,,,0.49315268,0.49315268,0.49315268
B,MB2_28115,MB2,28115,0,670,0,2018-01-31,2019-12-01,,,,,,0.49315268,0.49315268,0.49315268
B,MB2_28204,MB2,28204,0,352,0,2018-12-15,2019-12-01,,,,,,0.49315268,0.49315265,0.49315268
B,MB2_28219,MB2,28219,0,670,0,2018-01-31,2019-12-01,,,,,,0.49315268,0.49315268,0.49315268
B,MB2_28542,MB2,28542,0,667,0,2018-01-31,2019-11-28,,,,,,0.49315268,0.49315262,0.49315268
B,MB2_28578,MB2,28578,0,670,0,2018-01-31,2019-12-01,,,,,,0.49315268,0.49315268,0.49315268
B,MB2_28717,MB2,28717,1,569,30,2018-01-31,2019-08-22,2019-07-24,2019-08-22,0.4931526780128479,0.4931526780128479,0.4931526780128479,0.49315268,0.49315268,0.49315268
B,MB2_28926,MB2,28926,0,460,0,2018-01-31,2019-05-05,,,,,,0.49315268,0.49315265,0.49315268
B,MB2_28964,MB2,28964,0,670,0,2018-01-31,2019-12-01,,,,,,0.49315268,0.49315268,0.49315268
B,MB2_29002,MB2,29002,0,670,0,2018-01-31,2019-12-01,,,,,,0.49315268,0.49315268,0.49315268
B,MB2_29256,MB2,29256,0,670,0,2018-01-31,2019-12-01,,,,,,0.49315268,0.49315268,0.49315268
B,MB2_29289,MB2,29289,0,656,0,2018-01-31,2019-11-17,,,,,,0.49315268,0.49315268,0.49315268
B,MB2_29518,MB2,29518,0,670,0,2018-01-31,2019-12-01,,,,,,0.49315268,0.49315268,0.49315268
B,MB2_29732,MB2,29732,0,670,0,2018-01-31,2019-12-01,,,,,,0.49315268,0.49315268,0.49315268
B,MB2_29908,MB2,29908,0,670,0,2018-01-31,2019-12-01,,,,,,0.49315268,0.49315268,0.49315268
B,MB2_30003,MB2,30003,0,670,0,2018-01-31,2019-12-01,,,,,,0.49315268,0.49315268,0.49315268
B,MB2_30192,MB2,30192,0,670,0,2018-01-31,2019-12-01,,,,,,0.49315268,0.49315268,0.49315268
B,MB2_30373,MB2,30373,0,670,0,2018-01-31,2019-12-01,,,,,,0.49315268,0.49315268,0.49315268
B,MB2_30393,MB2,30393,0,670,0,2018-01-31,2019-12-01,,,,,,0.49315268,0.49315268,0.49315268
B,MB2_30597,MB2,30597,0,656,0,2018-01-31,2019-11-17,,,,,,0.49315268,0.49315268,0.49315268
B,MB2_3063,MB2,3063,0,670,0,2018-01-31,2019-12-01,,,,,,0.49315268,0.49315268,0.49315268
B,MB2_30805,MB2,30805,0,619,0,2018-03-23,2019-12-01,,,,,,0.49315268,0.49315262,0.49315268
B,MB2_30811,MB2,30811,0,656,0,2018-01-31,2019-11-17,,,,,,0.49315268,0.49315268,0.49315268
B,MB2_30831,MB2,30831,0,504,0,2018-01-31,2019-06-18,,,,,,0.49315268,0.49315265,0.49315268
B,MB2_3100,MB2,3100,0,670,0,2018-01-31,2019-12-01,,,,,,0.49315268,0.49315268,0.49315268
B,MB2_31017,MB2,31017,0,670,0,2018-01-31,2019-12-01,,,,,,0.49315268,0.49315268,0.49315268
B,MB2_31042,MB2,31042,0,670,0,2018-01-31,2019-12-01,,,,,,0.49315268,0.49315268,0.49315268
B,MB2_31207,MB2,31207,0,670,0,2018-01-31,2019-12-01,,,,,,0.49315268,0.49315268,0.49315268
B,MB2_31217,MB2,31217,0,670,0,2018-01-31,2019-12-01,,,,,,0.49315268,0.49315268,0.49315268
B,MB2_31296,MB2,31296,0,670,0,2018-01-31,2019-12-01,,,,,,0.49315268,0.49315268,0.49315268
B,MB2_31297,MB2,31297,0,670,0,2018-01-31,2019-12-01,,,,,,0.49315268,0.49315268,0.49315268
B,MB2_31305,MB2,31305,0,670,0,2018-01-31,2019-12-01,,,,,,0.49315268,0.49315268,0.49315268
B,MB2_31336,MB2,31336,0,670,0,2018-01-31,2019-12-01,,,,,,0.49315268,0.49315268,0.49315268
B,MB2_3141,MB2,3141,0,670,0,2018-01-31,2019-12-01,,,,,,0.49315268,0.49315268,0.49315268
B,MB2_31470,MB2,31470,0,670,0,2018-01-31,2019-12-01,,,,,,0.49315268,0.49315268,0.49315268
B,MB2_31486,MB2,31486,0,670,0,2018-01-31,2019-12-01,,,,,,0.49315268,0.49315268,0.49315268
B,MB2_31561,MB2,31561,0,670,0,2018-01-31,2019-12-01,,,,,,0.49315268,0.49315268,0.49315268
B,MB2_31650,MB2,31650,0,669,0,2018-01-31,2019-11-30,,,,,,0.49315268,0.49315265,0.49315268
B,MB2_31775,MB2,31775,0,670,0,2018-01-31,2019-12-01,,,,,,0.49315268,0.49315268,0.49315268
B,MB2_3179,MB2,3179,0,670,0,2018-01-31,2019-12-01,,,,,,0.49315268,0.49315268,0.49315268
B,MB2_31856,MB2,31856,0,670,0,2018-01-31,2019-12-01,,,,,,0.49315268,0.49315268,0.49315268
B,MB2_31883,MB2,31883,0,670,0,2018-01-31,2019-12-01,,,,,,0.49315268,0.49315268,0.49315268
B,MB2_31986,MB2,31986,0,667,0,2018-01-31,2019-11-28,,,,,,0.49315268,0.49315262,0.49315268
B,MB2_32027,MB2,32027,0,670,0,2018-01-31,2019-12-01,,,,,,0.49315268,0.49315268,0.49315268
B,MB2_32047,MB2,32047,0,635,0,2018-03-07,2019-12-01,,,,,,0.49315268,0.49315262,0.49315268
B,MB2_32480,MB2,32480,0,670,0,2018-01-31,2019-12-01,,,,,,0.49315268,0.49315268,0.49315268
B,MB2_32613,MB2,32613,0,670,0,2018-01-31,2019-12-01,,,,,,0.49315268,0.49315268,0.49315268
B,MB2_32911,MB2,32911,0,670,0,2018-01-31,2019-12-01,,,,,,0.49315268,0.49315268,0.49315268
B,MB2_33198,MB2,33198,0,624,0,2018-01-31,2019-10-16,,,,,,0.49315268,0.49315268,0.49315268
B,MB2_33273,MB2,33273,0,670,0,2018-01-31,2019-12-01,,,,,,0.49315268,0.49315268,0.49315268
B,MB2_33289,MB2,33289,0,670,0,2018-01-31,2019-12-01,,,,,,0.49315268,0.49315268,0.49315268
B,MB2_33351,MB2,33351,0,670,0,2018-01-31,2019-12-01,,,,,,0.49315268,0.49315268,0.49315268
B,MB2_33390,MB2,33390,0,360,0,2018-01-31,2019-01-25,,,,,,0.49315268,0.49315265,0.49315268
B,MB2_33518,MB2,33518,0,670,0,2018-01-31,2019-12-01,,,,,,0.49315268,0.49315268,0.49315268
B,MB2_33568,MB2,33568,0,670,0,2018-01-31,2019-12-01,,,,,,0.49315268,0.49315268,0.49315268
B,MB2_33633,MB2,33633,0,670,0,2018-01-31,2019-12-01,,,,,,0.49315268,0.49315268,0.49315268
B,MB2_33833,MB2,33833,0,670,0,2018-01-31,2019-12-01,,,,,,0.49315268,0.49315268,0.49315268
B,MB2_33906,MB2,33906,0,670,0,2018-01-31,2019-12-01,,,,,,0.49315268,0.49315268,0.49315268
B,MB2_34117,MB2,34117,0,670,0,2018-01-31,2019-12-01,,,,,,0.49315268,0.49315268,0.49315268
B,MB2_34275,MB2,34275,0,670,0,2018-01-31,2019-12-01,,,,,,0.49315268,0.49315268,0.49315268
B,MB2_34287,MB2,34287,0,670,0,2018-01-31,2019-12-01,,,,,,0.49315268,0.49315268,0.49315268
B,MB2_34306,MB2,34306,0,670,0,2018-01-31,2019-12-01,,,,,,0.49315268,0.49315268,0.49315268
B,MB2_34338,MB2,34338,0,670,0,2018-01-31,2019-12-01,,,,,,0.49315268,0.49315268,0.49315268
B,MB2_34408,MB2,34408,0,670,0,2018-01-31,2019-12-01,,,,,,0.49315268,0.49315268,0.49315268
B,MB2_34521,MB2,34521,0,670,0,2018-01-31,2019-12-01,,,,,,0.49315268,0.49315268,0.49315268
B,MB2_34671,MB2,34671,0,670,0,2018-01-31,2019-12-01,,,,,,0.49315268,0.49315268,0.49315268
B,MB2_34941,MB2,34941,0,670,0,2018-01-31,2019-12-01,,,,,,0.49315268,0.49315268,0.49315268
B,MB2_35257,MB2,35257,0,656,0,2018-01-31,2019-11-17,,,,,,0.49315268,0.49315268,0.49315268
B,MB2_3528,MB2,3528,0,670,0,2018-01-31,2019-12-01,,,,,,0.49315268,0.49315268,0.49315268
B,MB2_35299,MB2,35299,0,670,0,2018-01-31,2019-12-01,,,,,,0.49315268,0.49315268,0.49315268
B,MB2_35314,MB2,35314,0,670,0,2018-01-31,2019-12-01,,,,,,0.49315268,0.49315268,0.49315268
B,MB2_35374,MB2,35374,0,670,0,2018-01-31,2019-12-01,,,,,,0.49315268,0.49315268,0.49315268
B,MB2_3565,MB2,3565,0,670,0,2018-01-31,2019-12-01,,,,,,0.49315268,0.49315268,0.49315268
B,MB2_35745,MB2,35745,0,339,0,2018-12-28,2019-12-01,,,,,,0.49315268,0.49315262,0.49315268
B,MB2_35773,MB2,35773,0,670,0,2018-01-31,2019-12-01,,,,,,0.49315268,0.49315268,0.49315268
B,MB2_35782,MB2,35782,0,670,0,2018-01-31,2019-12-01,,,,,,0.39589763,0.12713368,0.39589763
B,MB2_3592,MB2,3592,0,670,0,2018-01-31,2019-12-01,,,,,,0.49315268,0.49315268,0.49315268
B,MB2_36017,MB2,36017,0,670,0,2018-01-31,2019-12-01,,,,,,0.49315268,0.49315268,0.49315268
B,MB2_36039,MB2,36039,0,670,0,2018-01-31,2019-12-01,,,,,,0.49315268,0.49315268,0.49315268
B,MB2_36069,MB2,36069,0,670,0,2018-01-31,2019-12-01,,,,,,0.49315268,0.49315268,0.49315268
B,MB2_36070,MB2,36070,0,670,0,2018-01-31,2019-12-01,,,,,,0.49315268,0.49315268,0.49315268
B,MB2_3608,MB2,3608,0,107,0,2018-01-31,2018-05-17,,,,,,0.49315268,0.49315265,0.49315268
B,MB2_361,MB2,361,0,670,0,2018-01-31,2019-12-01,,,,,,0.49315268,0.49315268,0.49315268
B,MB2_3647,MB2,3647,0,670,0,2018-01-31,2019-12-01,,,,,,0.49315268,0.49315268,0.49315268
B,MB2_3656,MB2,3656,0,352,0,2018-12-15,2019-12-01,,,,,,0.49315268,0.49315265,0.49315268
B,MB2_3663,MB2,3663,0,352,0,2018-12-15,2019-12-01,,,,,,0.49315268,0.49315265,0.49315268
B,MB2_3674,MB2,3674,0,670,0,2018-01-31,2019-12-01,,,,,,0.49315268,0.49315268,0.49315268
B,MB2_36776,MB2,36776,1,120,30,2018-01-31,2018-05-30,2018-05-01,2018-05-30,0.4931526780128479,0.4931526780128479,0.4931526780128479,0.49315268,0.49315265,0.49315268
B,MB2_37024,MB2,37024,0,21,0,2018-01-31,2018-02-20,,,,,,0.49315268,0.49315268,0.49315268
B,MB2_37206,MB2,37206,0,670,0,2018-01-31,2019-12-01,,,,,,0.2680329,0.044667903,0.2680329
B,MB2_37211,MB2,37211,0,670,0,2018-01-31,2019-12-01,,,,,,0.49315268,0.49315268,0.49315268
B,MB2_37313,MB2,37313,0,670,0,2018-01-31,2019-12-01,,,,,,0.49315268,0.49315268,0.49315268
B,MB2_37434,MB2,37434,0,670,0,2018-01-31,2019-12-01,,,,,,0.49315268,0.49315268,0.49315268
B,MB2_37523,MB2,37523,0,670,0,2018-01-31,2019-12-01,,,,,,0.49315268,0.49315268,0.49315268
B,MB2_37652,MB2,37652,0,670,0,2018-01-31,2019-12-01,,,,,,0.49315268,0.49315268,0.49315268
B,MB2_37738,MB2,37738,0,670,0,2018-01-31,2019-12-01,,,,,,0.49315268,0.49315268,0.49315268
B,MB2_38001,MB2,38001,0,670,0,2018-01-31,2019-12-01,,,,,,0.49315268,0.49315268,0.49315268
B,MB2_38048,MB2,38048,0,670,0,2018-01-31,2019-12-01,,,,,,0.49315268,0.49315268,0.49315268
B,MB2_38050,MB2,38050,0,669,0,2018-01-31,2019-11-30,,,,,,2.149254e-24,1.9018506e-26,2.149254e-24
B,MB2_38174,MB2,38174,0,670,0,2018-01-31,2019-12-01,,,,,,0.49315268,0.49315268,0.49315268
B,MB2_38240,MB2,38240,0,670,0,2018-01-31,2019-12-01,,,,,,0.49315268,0.49315268,0.49315268
B,MB2_38329,MB2,38329,0,670,0,2018-01-31,2019-12-01,,,,,,0.49315268,0.49315268,0.49315268
B,MB2_38577,MB2,38577,0,670,0,2018-01-31,2019-12-01,,,,,,0.49315268,0.49315268,0.49315268
B,MB2_38617,MB2,38617,0,670,0,2018-01-31,2019-12-01,,,,,,0.49315268,0.49315268,0.49315268
B,MB2_38772,MB2,38772,0,670,0,2018-01-31,2019-12-01,,,,,,0.49315268,0.49315268,0.49315268
B,MB2_38817,MB2,38817,0,670,0,2018-01-31,2019-12-01,,,,,,0.49315268,0.49315268,0.49315268
B,MB2_38861,MB2,38861,0,656,0,2018-01-31,2019-11-17,,,,,,0.49315268,0.49315268,0.49315268
B,MB2_38906,MB2,38906,0,670,0,2018-01-31,2019-12-01,,,,,,0.49315268,0.49315268,0.49315268
B,MB2_39148,MB2,39148,0,670,0,2018-01-31,2019-12-01,,,,,,0.49315268,0.49315268,0.49315268
B,MB2_39168,MB2,39168,0,670,0,2018-01-31,2019-12-01,,,,,,0.49315268,0.49315268,0.49315268
B,MB2_39202,MB2,39202,0,670,0,2018-01-31,2019-12-01,,,,,,0.49315268,0.49315268,0.49315268
B,MB2_39433,MB2,39433,0,670,0,2018-01-31,2019-12-01,,,,,,0.49315268,0.49315268,0.49315268
B,MB2_39457,MB2,39457,0,634,0,2018-01-31,2019-10-26,,,,,,0.49315268,0.4931527,0.49315268
B,MB2_39508,MB2,39508,0,670,0,2018-01-31,2019-12-01,,,,,,0.49315268,0.49315268,0.49315268
B,MB2_39512,MB2,39512,0,670,0,2018-01-31,2019-12-01,,,,,,0.49315268,0.49315268,0.49315268
B,MB2_39520,MB2,39520,0,670,0,2018-01-31,2019-12-01,,,,,,0.49315268,0.49315268,0.49315268
B,MB2_39679,MB2,39679,0,670,0,2018-01-31,2019-12-01,,,,,,0.49315268,0.49315268,0.49315268
B,MB2_39742,MB2,39742,0,670,0,2018-01-31,2019-12-01,,,,,,0.49315268,0.49315268,0.49315268
B,MB2_39907,MB2,39907,0,670,0,2018-01-31,2019-12-01,,,,,,0.49315268,0.49315268,0.49315268
B,MB2_39978,MB2,39978,0,661,0,2018-01-31,2019-11-22,,,,,,0.49315268,0.4931527,0.49315268
B,MB2_40186,MB2,40186,0,670,0,2018-01-31,2019-12-01,,,,,,0.49315268,0.49315268,0.49315268
B,MB2_4025,MB2,4025,0,670,0,2018-01-31,2019-12-01,,,,,,0.49315268,0.49315268,0.49315268
B,MB2_40389,MB2,40389,0,670,0,2018-01-31,2019-12-01,,,,,,0.49315268,0.49315268,0.49315268
B,MB2_40467,MB2,40467,0,670,0,2018-01-31,2019-12-01,,,,,,0.49315268,0.49315268,0.49315268
B,MB2_40490,MB2,40490,0,670,0,2018-01-31,2019-12-01,,,,,,0.49315268,0.49315268,0.49315268
B,MB2_40522,MB2,40522,0,417,0,2018-10-11,2019-12-01,,,,,,0.49315268,0.49315265,0.49315268
B,MB2_40805,MB2,40805,0,110,0,2018-10-11,2019-01-28,,,,,,0.49315268,0.49315265,0.49315268
B,MB2_40808,MB2,40808,0,670,0,2018-01-31,2019-12-01,,,,,,0.49315268,0.49315268,0.49315268
B,MB2_40814,MB2,40814,0,670,0,2018-01-31,2019-12-01,,,,,,0.49315268,0.49315268,0.49315268
B,MB2_40939,MB2,40939,0,670,0,2018-01-31,2019-12-01,,,,,,0.49315268,0.49315268,0.49315268
B,MB2_40945,MB2,40945,0,553,0,2018-01-31,2019-08-06,,,,,,0.49315268,0.4931527,0.49315268
B,MB2_4115,MB2,4115,0,616,0,2018-03-26,2019-12-01,,,,,,0.49315268,0.49315268,0.49315268
B,MB2_41159,MB2,41159,0,670,0,2018-01-31,2019-12-01,,,,,,0.49315268,0.49315268,0.49315268
B,MB2_41208,MB2,41208,0,670,0,2018-01-31,2019-12-01,,,,,,0.49315268,0.49315268,0.49315268
B,MB2_41334,MB2,41334,0,670,0,2018-01-31,2019-12-01,,,,,,0.49315268,0.49315268,0.49315268
B,MB2_41341,MB2,41341,0,670,0,2018-01-31,2019-12-01,,,,,,0.49315268,0.49315268,0.49315268
B,MB2_4138,MB2,4138,0,670,0,2018-01-31,2019-12-01,,,,,,0.49315268,0.49315268,0.49315268
B,MB2_41404,MB2,41404,0,670,0,2018-01-31,2019-12-01,,,,,,0.49315268,0.49315268,0.49315268
B,MB2_41540,MB2,41540,0,670,0,2018-01-31,2019-12-01,,,,,,0.49315268,0.49315268,0.49315268
B,MB2_41603,MB2,41603,0,656,0,2018-01-31,2019-11-17,,,,,,0.49315268,0.49315268,0.49315268
B,MB2_41615,MB2,41615,0,339,0,2018-12-28,2019-12-01,,,,,,0.49315268,0.49315262,0.49315268
B,MB2_41731,MB2,41731,0,670,0,2018-01-31,2019-12-01,,,,,,0.49315268,0.49315268,0.49315268
B,MB2_41738,MB2,41738,0,670,0,2018-01-31,2019-12-01,,,,,,0.49315268,0.49315268,0.49315268
B,MB2_4177,MB2,4177,0,670,0,2018-01-31,2019-12-01,,,,,,0.49315268,0.49315268,0.49315268
B,MB2_41930,MB2,41930,0,670,0,2018-01-31,2019-12-01,,,,,,0.49315268,0.49315268,0.49315268
B,MB2_42036,MB2,42036,0,670,0,2018-01-31,2019-12-01,,,,,,0.49315268,0.49315268,0.49315268
B,MB2_42108,MB2,42108,0,300,0,2019-02-05,2019-12-01,,,,,,0.49315268,0.49315268,0.49315268
B,MB2_42116,MB2,42116,0,670,0,2018-01-31,2019-12-01,,,,,,0.49315268,0.49315268,0.49315268
B,MB2_42224,MB2,42224,0,670,0,2018-01-31,2019-12-01,,,,,,0.49315268,0.49315268,0.49315268
B,MB2_42250,MB2,42250,0,670,0,2018-01-31,2019-12-01,,,,,,0.49315268,0.49315268,0.49315268
B,MB2_4235,MB2,4235,0,670,0,2018-01-31,2019-12-01,,,,,,0.49315268,0.49315268,0.49315268
B,MB2_42458,MB2,42458,0,670,0,2018-01-31,2019-12-01,,,,,,0.49315268,0.49315268,0.49315268
B,MB2_42491,MB2,42491,0,670,0,2018-01-31,2019-12-01,,,,,,0.49315268,0.49315268,0.49315268
B,MB2_42524,MB2,42524,0,670,0,2018-01-31,2019-12-01,,,,,,0.49315268,0.49315268,0.49315268
B,MB2_42782,MB2,42782,0,670,0,2018-01-31,2019-12-01,,,,,,0.49315268,0.49315268,0.49315268
B,MB2_42794,MB2,42794,0,256,0,2019-03-21,2019-12-01,,,,,,0.49315268,0.49315265,0.49315268
B,MB2_42955,MB2,42955,0,670,0,2018-01-31,2019-12-01,,,,,,0.49315268,0.49315268,0.49315268
B,MB2_42959,MB2,42959,0,670,0,2018-01-31,2019-12-01,,,,,,0.49315268,0.49315268,0.49315268
B,MB2_43083,MB2,43083,0,670,0,2018-01-31,2019-12-01,,,,,,0.49315268,0.49315268,0.49315268
B,MB2_43143,MB2,43143,0,670,0,2018-01-31,2019-12-01,,,,,,0.49315268,0.49315268,0.49315268
B,MB2_43483,MB2,43483,0,670,0,2018-01-31,2019-12-01,,,,,,0.49315268,0.49315268,0.49315268
B,MB2_43537,MB2,43537,0,644,0,2018-01-31,2019-11-05,,,,,,0.49315268,0.49315268,0.49315268
B,MB2_43898,MB2,43898,0,670,0,2018-01-31,2019-12-01,,,,,,0.49315268,0.49315268,0.49315268
B,MB2_43907,MB2,43907,0,670,0,2018-01-31,2019-12-01,,,,,,0.49315268,0.49315268,0.49315268
B,MB2_44079,MB2,44079,0,670,0,2018-01-31,2019-12-01,,,,,,0.49315268,0.49315268,0.49315268
B,MB2_44127,MB2,44127,0,670,0,2018-01-31,2019-12-01,,,,,,0.49315268,0.49315268,0.49315268
B,MB2_44202,MB2,44202,0,670,0,2018-01-31,2019-12-01,,,,,,0.49315268,0.49315268,0.49315268
B,MB2_4424,MB2,4424,0,670,0,2018-01-31,2019-12-01,,,,,,0.49315268,0.49315268,0.49315268
B,MB2_44272,MB2,44272,0,670,0,2018-01-31,2019-12-01,,,,,,0.49315268,0.49315268,0.49315268
B,MB2_44287,MB2,44287,0,670,0,2018-01-31,2019-12-01,,,,,,0.49315268,0.49315268,0.49315268
B,MB2_44495,MB2,44495,0,670,0,2018-01-31,2019-12-01,,,,,,0.49315268,0.49315268,0.49315268
B,MB2_44739,MB2,44739,0,670,0,2018-01-31,2019-12-01,,,,,,0.49315268,0.49315268,0.49315268
B,MB2_44899,MB2,44899,0,670,0,2018-01-31,2019-12-01,,,,,,0.49315268,0.49315268,0.49315268
B,MB2_44970,MB2,44970,0,670,0,2018-01-31,2019-12-01,,,,,,0.49315268,0.49315268,0.49315268
B,MB2_44971,MB2,44971,0,670,0,2018-01-31,2019-12-01,,,,,,0.49315268,0.49315268,0.49315268
B,MB2_45023,MB2,45023,0,77,0,2018-01-31,2018-04-17,,,,,,0.49315268,0.49315268,0.49315268
B,MB2_4514,MB2,4514,0,670,0,2018-01-31,2019-12-01,,,,,,0.49315268,0.49315268,0.49315268
B,MB2_45175,MB2,45175,0,670,0,2018-01-31,2019-12-01,,,,,,0.49315268,0.49315268,0.49315268
B,MB2_4554,MB2,4554,0,670,0,2018-01-31,2019-12-01,,,,,,0.49315268,0.49315268,0.49315268
B,MB2_45676,MB2,45676,0,670,0,2018-01-31,2019-12-01,,,,,,0.49315268,0.49315268,0.49315268
B,MB2_45896,MB2,45896,0,670,0,2018-01-31,2019-12-01,,,,,,0.49315268,0.49315268,0.49315268
B,MB2_46165,MB2,46165,0,670,0,2018-01-31,2019-12-01,,,,,,0.49315268,0.49315268,0.49315268
B,MB2_46191,MB2,46191,0,648,0,2018-02-22,2019-12-01,,,,,,0.49315268,0.49315268,0.49315268
B,MB2_4624,MB2,4624,0,670,0,2018-01-31,2019-12-01,,,,,,0.49315268,0.49315268,0.49315268
B,MB2_46359,MB2,46359,0,670,0,2018-01-31,2019-12-01,,,,,,0.49315268,0.49315268,0.49315268
B,MB2_46457,MB2,46457,0,656,0,2018-01-31,2019-11-17,,,,,,0.49315268,0.49315268,0.49315268
B,MB2_46475,MB2,46475,0,670,0,2018-01-31,2019-12-01,,,,,,0.49315268,0.49315268,0.49315268
B,MB2_46624,MB2,46624,0,670,0,2018-01-31,2019-12-01,,,,,,0.49315268,0.49315268,0.49315268
B,MB2_46750,MB2,46750,0,670,0,2018-01-31,2019-12-01,,,,,,0.49315268,0.49315268,0.49315268
B,MB2_46824,MB2,46824,0,670,0,2018-01-31,2019-12-01,,,,,,0.49315268,0.49315268,0.49315268
B,MB2_46871,MB2,46871,0,670,0,2018-01-31,2019-12-01,,,,,,0.49315268,0.49315268,0.49315268
B,MB2_46942,MB2,46942,0,670,0,2018-01-31,2019-12-01,,,,,,0.49315268,0.49315268,0.49315268
B,MB2_46985,MB2,46985,0,670,0,2018-01-31,2019-12-01,,,,,,0.49315268,0.49315268,0.49315268
B,MB2_47026,MB2,47026,0,670,0,2018-01-31,2019-12-01,,,,,,0.49315268,0.49315268,0.49315268
B,MB2_47034,MB2,47034,0,670,0,2018-01-31,2019-12-01,,,,,,0.49315268,0.49315268,0.49315268
B,MB2_4704,MB2,4704,0,670,0,2018-01-31,2019-12-01,,,,,,0.49315268,0.49315268,0.49315268
B,MB2_47043,MB2,47043,0,667,0,2018-01-31,2019-11-28,,,,,,0.49315268,0.49315262,0.49315268
B,MB2_47154,MB2,47154,0,670,0,2018-01-31,2019-12-01,,,,,,0.49315268,0.49315268,0.49315268
B,MB2_47499,MB2,47499,0,670,0,2018-01-31,2019-12-01,,,,,,0.49315268,0.49315268,0.49315268
B,MB2_47597,MB2,47597,0,670,0,2018-01-31,2019-12-01,,,,,,0.49315268,0.49315268,0.49315268
B,MB2_476,MB2,476,0,634,0,2018-01-31,2019-10-26,,,,,,0.49315268,0.4931527,0.49315268
B,MB2_47719,MB2,47719,0,670,0,2018-01-31,2019-12-01,,,,,,0.49315268,0.49315268,0.49315268
B,MB2_47756,MB2,47756,0,670,0,2018-01-31,2019-12-01,,,,,,0.49315268,0.49315268,0.49315268
B,MB2_47790,MB2,47790,0,383,0,2018-11-14,2019-12-01,,,,,,0.49315268,0.49315268,0.49315268
B,MB2_47840,MB2,47840,0,670,0,2018-01-31,2019-12-01,,,,,,0.49315268,0.49315268,0.49315268
B,MB2_4792,MB2,4792,0,670,0,2018-01-31,2019-12-01,,,,,,0.49315268,0.49315268,0.49315268
B,MB2_48197,MB2,48197,0,339,0,2018-12-28,2019-12-01,,,,,,0.49315268,0.49315262,0.49315268
B,MB2_482,MB2,482,0,634,0,2018-01-31,2019-10-26,,,,,,0.49315268,0.4931527,0.49315268
B,MB2_48334,MB2,48334,0,670,0,2018-01-31,2019-12-01,,,,,,0.49315268,0.49315268,0.49315268
B,MB2_48484,MB2,48484,0,670,0,2018-01-31,2019-12-01,,,,,,0.49315268,0.49315268,0.49315268
B,MB2_48512,MB2,48512,0,670,0,2018-01-31,2019-12-01,,,,,,0.49315268,0.49315268,0.49315268
B,MB2_48585,MB2,48585,0,670,0,2018-01-31,2019-12-01,,,,,,0.49315268,0.49315268,0.49315268
B,MB2_48728,MB2,48728,0,670,0,2018-01-31,2019-12-01,,,,,,0.49315268,0.49315268,0.49315268
B,MB2_48786,MB2,48786,0,670,0,2018-01-31,2019-12-01,,,,,,0.49315268,0.49315268,0.49315268
B,MB2_49072,MB2,49072,0,670,0,2018-01-31,2019-12-01,,,,,,0.49315268,0.49315268,0.49315268
B,MB2_49118,MB2,49118,0,670,0,2018-01-31,2019-12-01,,,,,,0.49315268,0.49315268,0.49315268
B,MB2_4950,MB2,4950,0,670,0,2018-01-31,2019-12-01,,,,,,0.49315268,0.49315268,0.49315268
B,MB2_503,MB2,503,0,670,0,2018-01-31,2019-12-01,,,,,,0.49315268,0.49315268,0.49315268
B,MB2_5088,MB2,5088,0,670,0,2018-01-31,2019-12-01,,,,,,0.49315268,0.49315268,0.49315268
B,MB2_523,MB2,523,0,670,0,2018-01-31,2019-12-01,,,,,,0.49315268,0.49315268,0.49315268
B,MB2_5252,MB2,5252,0,670,0,2018-01-31,2019-12-01,,,,,,0.49315268,0.49315268,0.49315268
B,MB2_5442,MB2,5442,0,670,0,2018-01-31,2019-12-01,,,,,,0.49315268,0.49315268,0.49315268
B,MB2_563,MB2,563,0,670,0,2018-01-31,2019-12-01,,,,,,0.49315268,0.49315268,0.49315268
B,MB2_5884,MB2,5884,0,670,0,2018-01-31,2019-12-01,,,,,,0.49315268,0.49315268,0.49315268
B,MB2_6096,MB2,6096,0,670,0,2018-01-31,2019-12-01,,,,,,0.49315268,0.49315268,0.49315268
B,MB2_6226,MB2,6226,0,670,0,2018-01-31,2019-12-01,,,,,,0.49315268,0.49315268,0.49315268
B,MB2_6298,MB2,6298,0,667,0,2018-01-31,2019-11-28,,,,,,0.49315268,0.49315262,0.49315268
B,MB2_634,MB2,634,0,670,0,2018-01-31,2019-12-01,,,,,,0.49315268,0.49315268,0.49315268
B,MB2_6425,MB2,6425,0,670,0,2018-01-31,2019-12-01,,,,,,0.49315268,0.49315268,0.49315268
B,MB2_6561,MB2,6561,0,670,0,2018-01-31,2019-12-01,,,,,,0.49315268,0.49315268,0.49315268
B,MB2_6730,MB2,6730,0,670,0,2018-01-31,2019-12-01,,,,,,0.49315268,0.49315268,0.49315268
B,MB2_7003,MB2,7003,0,670,0,2018-01-31,2019-12-01,,,,,,0.49315268,0.49315268,0.49315268
B,MB2_7363,MB2,7363,0,670,0,2018-01-31,2019-12-01,,,,,,0.49315268,0.49315268,0.49315268
B,MB2_7476,MB2,7476,0,583,0,2018-01-31,2019-09-05,,,,,,0.49315268,0.49315265,0.49315268
B,MB2_7514,MB2,7514,0,670,0,2018-01-31,2019-12-01,,,,,,0.49315268,0.49315268,0.49315268
B,MB2_7556,MB2,7556,0,670,0,2018-01-31,2019-12-01,,,,,,0.49315268,0.49315268,0.49315268
B,MB2_7597,MB2,7597,0,670,0,2018-01-31,2019-12-01,,,,,,0.49315268,0.49315268,0.49315268
B,MB2_7600,MB2,7600,0,670,0,2018-01-31,2019-12-01,,,,,,0.49315268,0.49315268,0.49315268
B,MB2_7625,MB2,7625,0,670,0,2018-01-31,2019-12-01,,,,,,0.49315268,0.49315268,0.49315268
B,MB2_7687,MB2,7687,0,670,0,2018-01-31,2019-12-01,,,,,,0.49315268,0.49315268,0.49315268
B,MB2_7693,MB2,7693,0,670,0,2018-01-31,2019-12-01,,,,,,0.49315268,0.49315268,0.49315268
B,MB2_7768,MB2,7768,0,670,0,2018-01-31,2019-12-01,,,,,,0.49315268,0.49315268,0.49315268
B,MB2_7968,MB2,7968,0,670,0,2018-01-31,2019-12-01,,,,,,0.49315268,0.49315268,0.49315268
B,MB2_8023,MB2,8023,0,670,0,2018-01-31,2019-12-01,,,,,,0.49315268,0.49315268,0.49315268
B,MB2_8048,MB2,8048,0,670,0,2018-01-31,2019-12-01,,,,,,0.49315268,0.49315268,0.49315268
B,MB2_8078,MB2,8078,0,670,0,2018-01-31,2019-12-01,,,,,,0.49315268,0.49315268,0.49315268
B,MB2_8171,MB2,8171,0,670,0,2018-01-31,2019-12-01,,,,,,0.49315268,0.49315268,0.49315268
B,MB2_8209,MB2,8209,0,670,0,2018-01-31,2019-12-01,,,,,,0.49315268,0.49315268,0.49315268
B,MB2_8332,MB2,8332,0,660,0,2018-01-31,2019-11-21,,,,,,0.49315268,0.49315268,0.49315268
B,MB2_8653,MB2,8653,0,670,0,2018-01-31,2019-12-01,,,,,,0.49315268,0.49315268,0.49315268
B,MB2_8701,MB2,8701,0,670,0,2018-01-31,2019-12-01,,,,,,0.49315268,0.49315268,0.49315268
B,MB2_8734,MB2,8734,0,68,0,2018-01-31,2018-04-08,,,,,,0.49315268,0.49315268,0.49315268
B,MB2_8934,MB2,8934,0,670,0,2018-01-31,2019-12-01,,,,,,0.49315268,0.49315268,0.49315268
B,MB2_8937,MB2,8937,0,670,0,2018-01-31,2019-12-01,,,,,,0.49315268,0.49315268,0.49315268
B,MB2_8948,MB2,8948,0,670,0,2018-01-31,2019-12-01,,,,,,0.49315268,0.49315268,0.49315268
B,MB2_8993,MB2,8993,0,670,0,2018-01-31,2019-12-01,,,,,,0.49315268,0.49315268,0.49315268
B,MB2_9000,MB2,9000,0,670,0,2018-01-31,2019-12-01,,,,,,0.49315268,0.49315268,0.49315268
B,MB2_9078,MB2,9078,0,670,0,2018-01-31,2019-12-01,,,,,,0.49315268,0.49315268,0.49315268
B,MB2_9144,MB2,9144,0,670,0,2018-01-31,2019-12-01,,,,,,0.49315268,0.49315268,0.49315268
B,MB2_9283,MB2,9283,1,384,30,2018-01-31,2019-02-18,2019-01-20,2019-02-18,0.4931526780128479,0.4931526780128479,0.4931526780128479,0.49315268,0.49315265,0.49315268
B,MB2_9332,MB2,9332,0,670,0,2018-01-31,2019-12-01,,,,,,0.49315268,0.49315268,0.49315268
B,MB2_9519,MB2,9519,0,669,0,2018-02-01,2019-12-01,,,,,,0.49315268,0.49315265,0.49315268
B,MB2_9989,MB2,9989,0,670,0,2018-01-31,2019-12-01,,,,,,0.49315268,0.49315268,0.49315268
