drive_id,model,disk_id,window_date,probability,label
MA1_10251,MA1,10251,2019-12-01,0.7579452,0
MA1_10401,MA1,10401,2018-10-28,0.707532,0
MA1_10515,MA1,10515,2019-12-01,0.75359416,0
MA1_11165,MA1,11165,2018-03-19,0.641048,0
MA1_11482,MA1,11482,2019-12-01,0.73586774,0
MA1_12587,MA1,12587,2018-08-10,0.7828546,1
MA1_12597,MA1,12597,2019-12-01,0.7665843,0
MA1_12844,MA1,12844,2018-11-27,0.7627866,0
MA1_13281,MA1,13281,2019-10-26,0.7556896,0
MA1_13492,MA1,13492,2018-10-28,0.7596661,0
MA1_13830,MA1,13830,2019-12-01,0.7651152,0
MA1_14476,MA1,14476,2018-07-27,0.776436,0
MA1_14541,MA1,14541,2019-12-01,0.75334144,0
MA1_14634,MA1,14634,2019-07-12,0.75571233,0
MA1_14822,MA1,14822,2019-12-01,0.7557069,0
MA1_14831,MA1,14831,2019-12-01,0.75141954,0
MA1_14955,MA1,14955,2019-02-11,0.7688493,0
MA1_14964,MA1,14964,2018-07-26,0.7734788,0
MA1_154,MA1,154,2018-04-24,0.6958409,0
MA1_15767,MA1,15767,2019-12-01,0.75447494,0
MA1_15873,MA1,15873,2019-12-01,0.7364055,0
MA1_15930,MA1,15930,2019-12-01,0.75960225,0
MA1_16362,MA1,16362,2019-12-01,0.73834527,0
MA1_16501,MA1,16501,2018-08-07,0.77629143,0
MA1_16662,MA1,16662,2019-04-07,0.770321,0
MA1_16751,MA1,16751,2019-04-26,0.7623984,0
MA1_17446,MA1,17446,2019-12-01,0.75603676,0
MA1_17632,MA1,17632,2019-12-01,0.75812274,0
MA1_17648,MA1,17648,2018-07-12,0.7409733,1
MA1_17711,MA1,17711,2019-12-01,0.76824385,0
MA1_17740,MA1,17740,2018-11-28,0.75187415,0
MA1_17743,MA1,17743,2018-11-28,0.7518629,0
MA1_17842,MA1,17842,2019-12-01,0.7620178,0
MA1_17848,MA1,17848,2019-12-01,0.74053925,0
MA1_17867,MA1,17867,2019-10-12,0.7584822,0
MA1_18192,MA1,18192,2019-04-02,0.7715979,0
MA1_18431,MA1,18431,2019-12-01,0.7447344,0
MA1_18441,MA1,18441,2019-12-01,0.7470394,0
MA1_18578,MA1,18578,2019-11-18,0.7666543,0
MA1_18738,MA1,18738,2019-12-01,0.78895605,0
MA1_18757,MA1,18757,2019-11-23,0.7556707,0
MA1_18872,MA1,18872,2019-12-01,0.73142487,0
MA1_19015,MA1,19015,2019-07-12,0.7533675,0
MA1_1914,MA1,1914,2019-12-01,0.7534893,0
MA1_1918,MA1,1918,2019-12-01,0.7556306,0
MA1_19202,MA1,19202,2019-10-26,0.73524296,0
MA1_19266,MA1,19266,2019-12-01,0.75283456,0
MA1_19272,MA1,19272,2018-08-10,0.77738434,1
MA1_19403,MA1,19403,2019-12-01,0.76551855,0
MA1_19444,MA1,19444,2019-10-26,0.7459819,0
MA1_19612,MA1,19612,2019-03-06,0.7712349,0
MA1_19761,MA1,19761,2019-12-01,0.75291413,0
MA1_20174,MA1,20174,2019-12-01,0.77286947,0
MA1_20291,MA1,20291,2019-12-01,0.73673594,0
MA1_20387,MA1,20387,2019-12-01,0.7710237,0
MA1_20390,MA1,20390,2019-12-01,0.77100754,0
MA1_20504,MA1,20504,2019-12-01,0.7571755,0
MA1_20641,MA1,20641,2019-03-08,0.77303916,0
MA1_2124,MA1,2124,2018-11-03,0.7228115,0
MA1_21269,MA1,21269,2019-12-01,0.74083525,0
MA1_21511,MA1,21511,2019-12-01,0.7545773,0
MA1_21723,MA1,21723,2019-12-01,0.7428371,0
MA1_22063,MA1,22063,2018-11-27,0.7342095,0
MA1_2267,MA1,2267,2019-12-01,0.7608876,0
MA1_22768,MA1,22768,2019-04-15,0.74986154,0
MA1_23330,MA1,23330,2019-12-01,0.7547313,0
MA1_23394,MA1,23394,2019-12-01,0.76929337,0
MA1_23398,MA1,23398,2019-12-01,0.76935095,0
MA1_23430,MA1,23430,2019-12-01,0.7556869,0
MA1_23536,MA1,23536,2019-11-17,0.7553682,0
MA1_2386,MA1,2386,2018-12-27,0.7757176,0
MA1_23896,MA1,23896,2018-04-28,0.7653846,0
MA1_23898,MA1,23898,2018-04-28,0.76446825,0
MA1_24034,MA1,24034,2019-08-09,0.76646245,0
MA1_24426,MA1,24426,2018-06-25,0.7563251,0
MA1_24456,MA1,24456,2019-12-01,0.75217795,0
MA1_24920,MA1,24920,2018-10-09,0.7036443,0
MA1_24930,MA1,24930,2018-10-09,0.7048723,0
MA1_25020,MA1,25020,2019-12-01,0.73545545,0
MA1_25517,MA1,25517,2019-03-08,0.7611475,0
MA1_25640,MA1,25640,2018-11-03,0.7531046,0
MA1_25980,MA1,25980,2019-10-26,0.7582545,0
MA1_26174,MA1,26174,2019-12-01,0.7412824,0
MA1_26385,MA1,26385,2018-08-10,0.781646,1
MA1_26465,MA1,26465,2019-12-01,0.7500962,0
MA1_26532,MA1,26532,2018-04-28,0.694938,0
MA1_26626,MA1,26626,2018-12-06,0.77366185,0
MA1_26666,MA1,26666,2019-04-11,0.7554587,0
MA1_26671,MA1,26671,2019-04-11,0.75586706,0
MA1_26734,MA1,26734,2019-10-15,0.7725166,0
MA1_26818,MA1,26818,2019-10-26,0.74401337,0
MA1_26864,MA1,26864,2019-12-01,0.72269046,0
MA1_26906,MA1,26906,2019-12-01,0.7545947,0
MA1_27102,MA1,27102,2019-03-08,0.76075333,0
MA1_2740,MA1,2740,2019-07-06,0.7704729,0
MA1_281,MA1,281,2019-12-01,0.7643334,0
MA1_28175,MA1,28175,2018-10-30,0.7550586,0
MA1_2825,MA1,2825,2019-10-26,0.7641355,0
MA1_28461,MA1,28461,2018-11-07,0.7750066,0
MA1_28540,MA1,28540,2019-09-11,0.74791694,0
MA1_2874,MA1,2874,2019-12-01,0.7633984,0
MA1_29378,MA1,29378,2019-10-26,0.760626,0
MA1_29398,MA1,29398,2018-11-08,0.7573808,1
MA1_29566,MA1,29566,2018-05-11,0.69852513,0
MA1_29580,MA1,29580,2019-10-26,0.76383585,0
MA1_29650,MA1,29650,2019-10-21,0.7462402,0
MA1_2975,MA1,2975,2019-12-01,0.7521582,0
MA1_30037,MA1,30037,2019-10-26,0.75515515,0
MA1_30303,MA1,30303,2019-02-11,0.7715624,0
MA1_30756,MA1,30756,2019-02-19,0.7680144,0
MA1_30862,MA1,30862,2019-12-01,0.7513389,0
MA1_30904,MA1,30904,2019-10-26,0.7420968,0
MA1_3113,MA1,3113,2018-10-28,0.72818905,0
MA1_31179,MA1,31179,2019-12-01,0.7521639,0
MA1_31466,MA1,31466,2019-12-01,0.73219496,0
MA1_3188,MA1,3188,2019-11-08,0.75616765,0
MA1_31960,MA1,31960,2019-12-01,0.7748402,0
MA1_32005,MA1,32005,2019-12-01,0.75618184,0
MA1_32027,MA1,32027,2019-10-26,0.740846,0
MA1_32103,MA1,32103,2018-12-27,0.77398765,0
MA1_32482,MA1,32482,2019-12-01,0.73284864,0
MA1_32505,MA1,32505,2018-10-01,0.7491213,0
MA1_33036,MA1,33036,2019-12-01,0.7532317,0
MA1_33122,MA1,33122,2019-12-01,0.75788516,0
MA1_33187,MA1,33187,2018-12-22,0.76239324,0
MA1_33254,MA1,33254,2019-12-01,0.7651135,0
MA1_33365,MA1,33365,2019-10-26,0.76572865,0
MA1_33533,MA1,33533,2019-02-02,0.7707031,0
MA1_34039,MA1,34039,2019-07-12,0.747654,0
MA1_34379,MA1,34379,2018-10-09,0.69793195,0
MA1_3443,MA1,3443,2019-03-08,0.7512355,0
MA1_34772,MA1,34772,2018-04-23,0.770252,0
MA1_34967,MA1,34967,2019-12-01,0.75833446,0
MA1_35942,MA1,35942,2019-04-26,0.762801,0
MA1_35944,MA1,35944,2019-02-11,0.76858026,0
MA1_36051,MA1,36051,2018-02-25,0.6523005,0
MA1_3620,MA1,3620,2019-10-09,0.74094206,0
MA1_36584,MA1,36584,2019-10-26,0.7370484,0
MA1_36984,MA1,36984,2019-11-23,0.76796156,0
MA1_37088,MA1,37088,2019-03-03,0.7746225,0
MA1_37190,MA1,37190,2019-12-01,0.75421053,0
MA1_37734,MA1,37734,2019-03-15,0.7331293,0
MA1_37758,MA1,37758,2019-07-06,0.7681165,0
MA1_37760,MA1,37760,2019-07-06,0.76585,0
MA1_37909,MA1,37909,2019-12-01,0.7434128,0
MA1_37910,MA1,37910,2019-12-01,0.7456455,0
MA1_38065,MA1,38065,2018-12-18,0.73378575,0
MA1_38082,MA1,38082,2019-10-26,0.75878155,0
MA1_38234,MA1,38234,2018-05-07,0.7039812,0
MA1_38240,MA1,38240,2018-05-07,0.70386565,0
MA1_38617,MA1,38617,2019-11-23,0.77095443,0
MA1_38744,MA1,38744,2019-06-24,0.76795346,0
MA1_38783,MA1,38783,2019-02-17,0.77299786,0
MA1_38784,MA1,38784,2019-02-17,0.7742673,0
MA1_39053,MA1,39053,2019-10-12,0.7712874,0
MA1_39545,MA1,39545,2019-05-30,0.75697684,0
MA1_39586,MA1,39586,2019-03-08,0.7665305,0
MA1_39727,MA1,39727,2018-11-27,0.74621004,0
MA1_39731,MA1,39731,2018-11-27,0.747036,0
MA1_39744,MA1,39744,2019-12-01,0.7347792,0
MA1_39807,MA1,39807,2019-09-13,0.7503749,0
MA1_40079,MA1,40079,2019-12-01,0.766206,0
MA1_40092,MA1,40092,2019-07-06,0.7693965,0
MA1_40302,MA1,40302,2018-05-11,0.69739914,0
MA1_40416,MA1,40416,2019-06-01,0.75405616,0
MA1_41055,MA1,41055,2019-02-11,0.76725966,0
MA1_4121,MA1,4121,2019-11-30,0.75216544,0
MA1_41290,MA1,41290,2019-12-01,0.7531017,0
MA1_41394,MA1,41394,2019-10-14,0.7601146,0
MA1_41498,MA1,41498,2019-12-01,0.7526662,0
MA1_41504,MA1,41504,2018-11-27,0.7703238,0
MA1_41747,MA1,41747,2018-04-23,0.6886124,0
MA1_41946,MA1,41946,2019-12-01,0.73319304,0
MA1_42256,MA1,42256,2018-11-26,0.76827174,0
MA1_42279,MA1,42279,2019-03-09,0.76281,0
MA1_42733,MA1,42733,2019-10-19,0.7629757,0
MA1_42976,MA1,42976,2019-10-26,0.7629132,0
MA1_4663,MA1,4663,2019-12-01,0.7601851,0
MA1_4764,MA1,4764,2019-10-26,0.7452976,0
MA1_516,MA1,516,2019-12-01,0.76609343,0
MA1_5311,MA1,5311,2019-12-01,0.7548978,0
MA1_5317,MA1,5317,2019-12-01,0.7542982,0
MA1_533,MA1,533,2019-12-01,0.7536653,0
MA1_5402,MA1,5402,2019-10-26,0.7673316,0
MA1_5623,MA1,5623,2019-12-01,0.7393145,0
MA1_563,MA1,563,2019-10-26,0.744148,0
MA1_5687,MA1,5687,2019-12-01,0.7569324,0
MA1_570,MA1,570,2019-10-26,0.7424862,0
MA1_6063,MA1,6063,2018-12-22,0.76463556,0
MA1_616,MA1,616,2019-10-19,0.76351845,0
MA1_6206,MA1,6206,2019-12-01,0.72794306,0
MA1_6584,MA1,6584,2019-03-08,0.7675889,0
MA1_6654,MA1,6654,2019-12-01,0.7588448,0
MA1_6819,MA1,6819,2018-10-09,0.75101256,0
MA1_7499,MA1,7499,2019-02-12,0.71271616,0
MA1_7553,MA1,7553,2019-02-11,0.7645158,0
MA1_769,MA1,769,2019-12-01,0.75452036,0
MA1_8154,MA1,8154,2019-02-17,0.7479872,0
MA1_8306,MA1,8306,2018-02-09,0.5894687,0
MA1_8328,MA1,8328,2019-12-01,0.7542962,0
MA1_862,MA1,862,2018-05-11,0.6934618,0
MA1_867,MA1,867,2018-05-11,0.69205135,0
MA1_8818,MA1,8818,2018-07-21,0.73163974,0
MA1_8869,MA1,8869,2019-12-01,0.7509191,0
MA1_9066,MA1,9066,2019-12-01,0.7519428,0
MA1_9070,MA1,9070,2019-12-01,0.75256073,0
MA1_9074,MA1,9074,2018-10-02,0.7563291,1
MA1_915,MA1,915,2019-04-15,0.7582344,0
MA1_9225,MA1,9225,2019-12-01,0.7615444,0
MA1_9561,MA1,9561,2018-05-27,0.71261036,0
MA1_9604,MA1,9604,2019-12-01,0.73057663,0
MA1_9607,MA1,9607,2019-12-01,0.7405925,0
MA1_9713,MA1,9713,2019-12-01,0.75354576,0
MA1_9969,MA1,9969,2019-12-01,0.7510788,0
MA2_100066,MA2,100066,2019-10-26,0.29608655,0
MA2_100184,MA2,100184,2019-04-27,0.26443335,0
MA2_100191,MA2,100191,2019-04-27,0.26431414,0
MA2_10061,MA2,10061,2019-01-23,0.3756446,0
MA2_100702,MA2,100702,2019-12-01,0.25398555,0
MA2_100932,MA2,100932,2019-07-31,0.3932121,0
MA2_100950,MA2,100950,2019-12-01,0.28233352,0
MA2_101179,MA2,101179,2019-12-01,0.2723447,0
MA2_101278,MA2,101278,2019-08-21,0.2579189,0
MA2_101299,MA2,101299,2019-03-03,0.33695576,0
MA2_101476,MA2,101476,2019-11-28,0.27628654,0
MA2_10172,MA2,10172,2019-10-26,0.44920632,0
MA2_10174,MA2,10174,2018-12-31,0.27432197,0
MA2_101938,MA2,101938,2019-12-01,0.28884214,0
MA2_102041,MA2,102041,2019-12-01,0.39130238,0
MA2_102887,MA2,102887,2018-11-08,0.29032275,0
MA2_102897,MA2,102897,2019-12-01,0.31191647,0
MA2_102905,MA2,102905,2019-12-01,0.312058,0
MA2_102967,MA2,102967,2019-06-29,0.2599381,0
MA2_103168,MA2,103168,2019-05-27,0.2636815,0
MA2_103335,MA2,103335,2019-04-15,0.27515483,0
MA2_103474,MA2,103474,2019-08-28,0.3033542,0
MA2_103585,MA2,103585,2019-07-13,0.38488618,0
MA2_103856,MA2,103856,2018-05-21,0.3837849,0
MA2_10412,MA2,10412,2019-10-26,0.2552178,0
MA2_104167,MA2,104167,2019-10-26,0.28343022,0
MA2_104460,MA2,104460,2019-12-01,0.28881395,0
MA2_104644,MA2,104644,2019-10-26,0.25511345,0
MA2_104824,MA2,104824,2019-12-01,0.30897865,0
MA2_105242,MA2,105242,2019-10-22,0.25759295,0
MA2_105264,MA2,105264,2019-10-26,0.9144672,0
MA2_105369,MA2,105369,2019-12-01,0.804317,0
MA2_105442,MA2,105442,2019-10-26,0.28803453,0
MA2_105470,MA2,105470,2019-10-26,0.29488027,0
MA2_105528,MA2,105528,2019-12-01,0.31830156,0
MA2_105534,MA2,105534,2019-12-01,0.025548143,0
MA2_105707,MA2,105707,2019-10-26,0.29550034,0
MA2_1059,MA2,1059,2019-12-01,0.28658402,0
MA2_106008,MA2,106008,2019-05-12,0.3374047,0
MA2_106186,MA2,106186,2019-12-01,0.25157186,0
MA2_106661,MA2,106661,2019-04-27,0.26486602,0
MA2_106749,MA2,106749,2019-06-17,0.38550404,0
MA2_106931,MA2,106931,2019-12-01,0.25375095,0
MA2_1071,MA2,1071,2019-12-01,0.33219427,0
MA2_107143,MA2,107143,2019-10-26,0.28963962,0
MA2_107365,MA2,107365,2019-12-01,0.25209293,0
MA2_107574,MA2,107574,2019-12-01,0.29942665,0
MA2_10766,MA2,10766,2019-12-01,0.27686653,0
MA2_107762,MA2,107762,2019-12-01,0.30390662,0
MA2_107807,MA2,107807,2019-10-26,0.26058438,0
MA2_107975,MA2,107975,2019-11-05,0.25533098,0
MA2_107997,MA2,107997,2019-12-01,0.28904316,0
MA2_108011,MA2,108011,2019-12-01,0.3704036,0
MA2_108023,MA2,108023,2019-12-01,0.37825212,0
MA2_108053,MA2,108053,2019-11-17,0.26311308,0
MA2_108220,MA2,108220,2019-12-01,0.39393863,0
MA2_108354,MA2,108354,2019-12-01,0.31519413,0
MA2_108364,MA2,108364,2019-12-01,0.31380656,0
MA2_10844,MA2,10844,2019-12-01,0.27752155,0
MA2_108447,MA2,108447,2019-10-26,0.325566,0
MA2_108575,MA2,108575,2018-12-03,0.26887873,0
MA2_108946,MA2,108946,2019-10-21,0.2706755,0
MA2_108971,MA2,108971,2019-12-01,0.39817902,0
MA2_109031,MA2,109031,2019-11-29,0.25927028,0
MA2_109125,MA2,109125,2019-03-08,0.2689871,0
MA2_109170,MA2,109170,2018-12-03,0.26865473,0
MA2_109216,MA2,109216,2019-12-01,0.27005988,0
MA2_10925,MA2,10925,2019-12-01,0.26302707,0
MA2_109535,MA2,109535,2019-03-24,0.2674785,0
MA2_10956,MA2,10956,2019-12-01,0.26808116,0
MA2_109802,MA2,109802,2019-12-01,0.37605396,0
MA2_110071,MA2,110071,2019-10-26,0.3388086,0
MA2_110253,MA2,110253,2019-10-26,0.29772028,0
MA2_11035,MA2,11035,2019-11-17,0.3966565,0
MA2_111003,MA2,111003,2019-12-01,0.27324563,0
MA2_111078,MA2,111078,2019-12-01,0.28961265,0
MA2_111210,MA2,111210,2019-12-01,0.2947683,0
MA2_111458,MA2,111458,2019-12-01,0.25563768,0
MA2_111486,MA2,111486,2018-12-09,0.39217484,0
MA2_11156,MA2,11156,2019-12-01,0.37825486,0
MA2_111638,MA2,111638,2019-12-01,0.2554886,0
MA2_111771,MA2,111771,2019-11-05,0.25750387,0
MA2_111813,MA2,111813,2019-12-01,0.29619414,0
MA2_112057,MA2,112057,2019-04-07,0.34515792,0
MA2_112058,MA2,112058,2019-04-07,0.34518048,0
MA2_11224,MA2,11224,2019-12-01,0.5501661,0
MA2_112408,MA2,112408,2019-12-01,0.39438757,0
MA2_112458,MA2,112458,2019-12-01,0.25225383,0
MA2_112689,MA2,112689,2019-12-01,0.36989632,0
MA2_112738,MA2,112738,2018-07-23,0.38088968,0
MA2_112746,MA2,112746,2019-11-23,0.40943918,0
MA2_112770,MA2,112770,2019-12-01,0.3904587,0
MA2_113047,MA2,113047,2019-12-01,0.33805248,0
MA2_113176,MA2,113176,2019-10-22,0.2829283,0
MA2_113354,MA2,113354,2019-07-12,0.2625988,0
MA2_11338,MA2,11338,2019-12-01,0.28892592,0
MA2_113399,MA2,113399,2019-12-01,0.2995175,0
MA2_113439,MA2,113439,2019-10-26,0.2558222,0
MA2_113473,MA2,113473,2019-07-08,0.26228282,0
MA2_113504,MA2,113504,2019-11-17,0.26614907,0
MA2_113661,MA2,113661,2019-12-01,0.2538004,0
MA2_113752,MA2,113752,2019-06-27,0.26303074,0
MA2_113777,MA2,113777,2019-05-03,0.2729461,0
MA2_113915,MA2,113915,2019-03-24,0.339136,1
MA2_114074,MA2,114074,2019-12-01,0.2536349,0
MA2_114155,MA2,114155,2019-12-01,0.24556004,0
MA2_114247,MA2,114247,2018-10-30,0.38241842,0
MA2_114328,MA2,114328,2019-12-01,0.2906832,0
MA2_115078,MA2,115078,2019-12-01,0.28235728,0
MA2_11549,MA2,11549,2018-12-18,0.35388115,0
MA2_11552,MA2,11552,2018-12-18,0.3538974,0
MA2_115631,MA2,115631,2019-12-01,0.25753602,0
MA2_115638,MA2,115638,2019-12-01,0.2573532,0
MA2_115762,MA2,115762,2018-12-22,0.27595827,0
MA2_115813,MA2,115813,2019-12-01,0.2563587,0
MA2_115819,MA2,115819,2019-12-01,0.27832392,0
MA2_116015,MA2,116015,2019-06-29,0.25889912,0
MA2_116112,MA2,116112,2019-12-01,0.27756885,0
MA2_116155,MA2,116155,2019-12-01,0.34432554,0
MA2_116233,MA2,116233,2019-12-01,0.37473574,0
MA2_116274,MA2,116274,2019-12-01,0.28443384,0
MA2_116537,MA2,116537,2019-02-17,0.27004856,0
MA2_116649,MA2,116649,2019-10-26,0.2567548,0
MA2_116770,MA2,116770,2019-11-17,0.3815725,0
MA2_11682,MA2,11682,2019-10-26,0.32085752,0
MA2_117144,MA2,117144,2019-12-01,0.28873768,0
MA2_117386,MA2,117386,2019-05-03,0.3663087,0
MA2_117558,MA2,117558,2019-12-01,0.29177406,0
MA2_117838,MA2,117838,2019-01-27,0.27449018,0
MA2_117883,MA2,117883,2018-09-18,0.28932714,0
MA2_117906,MA2,117906,2019-12-01,0.31814137,0
MA2_118069,MA2,118069,2018-05-28,0.33493784,0
MA2_118136,MA2,118136,2019-09-11,0.29435977,0
MA2_118830,MA2,118830,2019-11-29,0.28215867,0
MA2_119072,MA2,119072,2019-10-26,0.29457346,0
MA2_120105,MA2,120105,2019-10-26,0.2947175,0
MA2_120125,MA2,120125,2019-12-01,0.2708623,0
MA2_120152,MA2,120152,2019-12-01,0.25941256,0
MA2_120225,MA2,120225,2019-12-01,0.2593227,0
MA2_120370,MA2,120370,2019-11-27,0.27952078,0
MA2_12066,MA2,12066,2019-12-01,0.7820183,0
MA2_120741,MA2,120741,2019-12-01,0.29149717,0
MA2_12140,MA2,12140,2019-10-26,0.2893394,0
MA2_12430,MA2,12430,2019-10-26,0.36985964,0
MA2_12667,MA2,12667,2019-12-01,0.25113717,0
MA2_12673,MA2,12673,2019-10-26,0.34203538,0
MA2_12705,MA2,12705,2019-12-01,0.37429276,0
MA2_12741,MA2,12741,2019-04-22,0.26622492,0
MA2_12837,MA2,12837,2019-12-01,0.26761568,0
MA2_1325,MA2,1325,2019-10-26,0.29539734,0
MA2_1351,MA2,1351,2019-12-01,0.25300795,0
MA2_1352,MA2,1352,2019-11-17,0.29120073,0
MA2_13655,MA2,13655,2019-05-10,0.32999918,0
MA2_1368,MA2,1368,2019-01-28,0.40247586,0
MA2_13779,MA2,13779,2019-05-10,0.3982867,0
MA2_14276,MA2,14276,2019-10-18,0.3285706,0
MA2_14372,MA2,14372,2019-12-01,0.3234626,0
MA2_1458,MA2,1458,2019-12-01,0.27788526,0
MA2_14714,MA2,14714,2018-02-13,0.39666268,0
MA2_15115,MA2,15115,2018-10-07,0.3856511,0
MA2_15344,MA2,15344,2019-12-01,0.27153277,0
MA2_15409,MA2,15409,2019-12-01,0.27572787,0
MA2_15588,MA2,15588,2019-05-13,0.35080144,0
MA2_15812,MA2,15812,2019-12-01,0.25649935,0
MA2_16280,MA2,16280,2019-12-01,0.2531698,0
MA2_16354,MA2,16354,2019-12-01,0.2700778,0
MA2_16539,MA2,16539,2019-12-01,0.3513144,0
MA2_1663,MA2,1663,2019-12-01,0.30846936,0
MA2_16638,MA2,16638,2019-12-01,0.30855086,0
MA2_16659,MA2,16659,2019-12-01,0.39776334,0
MA2_16739,MA2,16739,2019-12-01,0.73410827,0
MA2_1679,MA2,1679,2019-12-01,0.26747897,0
MA2_16927,MA2,16927,2019-11-17,0.27750796,0
MA2_17138,MA2,17138,2019-05-03,0.2660563,0
MA2_17291,MA2,17291,2019-12-01,0.25312313,0
MA2_17330,MA2,17330,2018-12-07,0.4074852,0
MA2_17387,MA2,17387,2019-12-01,0.29223552,0
MA2_17416,MA2,17416,2019-10-26,0.301164,0
MA2_17418,MA2,17418,2019-04-26,0.2680804,0
MA2_17774,MA2,17774,2019-10-26,0.32410628,0
MA2_17963,MA2,17963,2019-12-01,0.28074417,0
MA2_18114,MA2,18114,2019-12-01,0.25964484,0
MA2_18362,MA2,18362,2019-12-01,0.26747462,0
MA2_18406,MA2,18406,2019-12-01,0.28208512,0
MA2_18409,MA2,18409,2019-12-01,0.29231438,0
MA2_18429,MA2,18429,2019-05-02,0.2653008,0
MA2_18467,MA2,18467,2019-07-29,0.31814107,0
MA2_18479,MA2,18479,2019-08-02,1.0,0
MA2_18485,MA2,18485,2019-12-01,0.27323303,0
MA2_18568,MA2,18568,2018-08-21,0.39728147,0
MA2_18642,MA2,18642,2019-12-01,0.2564723,0
MA2_18692,MA2,18692,2019-05-02,0.26536506,0
MA2_18790,MA2,18790,2019-12-01,0.30589336,0
MA2_1884,MA2,1884,2019-12-01,0.27694726,0
MA2_18975,MA2,18975,2019-11-23,0.25308526,0
MA2_19234,MA2,19234,2019-03-03,0.34342209,0
MA2_19297,MA2,19297,2019-10-26,0.29467365,0
MA2_195,MA2,195,2019-10-26,0.32082656,0
MA2_19583,MA2,19583,2019-07-01,0.34791312,0
MA2_19678,MA2,19678,2019-12-01,0.47810215,0
MA2_19711,MA2,19711,2019-11-17,0.2754704,0
MA2_19785,MA2,19785,2019-12-01,0.2714757,0
MA2_19923,MA2,19923,2019-12-01,0.01215065,0
MA2_19990,MA2,19990,2019-12-01,0.29977983,0
MA2_20042,MA2,20042,2019-12-01,0.29558042,0
MA2_20177,MA2,20177,2019-11-28,0.2549825,0
MA2_2026,MA2,2026,2019-12-01,0.29100934,0
MA2_2041,MA2,2041,2019-10-27,0.29496264,0
MA2_20759,MA2,20759,2019-11-26,0.29306677,0
MA2_20853,MA2,20853,2019-12-01,0.25240391,0
MA2_20984,MA2,20984,2019-11-23,0.25466296,0
MA2_21099,MA2,21099,2019-12-01,0.28872567,0
MA2_21295,MA2,21295,2019-02-24,0.9389445,1
MA2_21468,MA2,21468,2019-12-01,0.25286913,0
MA2_21532,MA2,21532,2019-08-11,0.31253612,0
MA2_21783,MA2,21783,2019-02-05,0.2799601,0
MA2_2205,MA2,2205,2019-12-01,0.29151428,0
MA2_22186,MA2,22186,2019-10-26,0.29689255,0
MA2_22464,MA2,22464,2019-10-21,0.30060953,0
MA2_22551,MA2,22551,2019-12-01,0.25840852,0
MA2_22729,MA2,22729,2019-12-01,0.27104315,0
MA2_22971,MA2,22971,2019-10-26,0.29141963,0
MA2_22974,MA2,22974,2019-10-26,0.29038116,0
MA2_23161,MA2,23161,2019-07-13,0.38598993,0
MA2_23230,MA2,23230,2019-12-01,0.26786384,0
MA2_23384,MA2,23384,2019-12-01,0.26769912,0
MA2_23396,MA2,23396,2019-02-05,0.27115235,0
MA2_23441,MA2,23441,2019-04-28,0.2691912,0
MA2_23455,MA2,23455,2019-05-05,0.35813186,0
MA2_23983,MA2,23983,2019-12-01,0.2925164,0
MA2_23994,MA2,23994,2019-10-26,0.37971315,0
MA2_23997,MA2,23997,2019-11-03,0.30875292,0
MA2_24004,MA2,24004,2019-01-13,0.39624676,0
MA2_24313,MA2,24313,2019-12-01,0.2718462,0
MA2_24492,MA2,24492,2019-06-29,0.2591434,0
MA2_24498,MA2,24498,2019-12-01,0.3014426,0
MA2_24595,MA2,24595,2019-10-26,0.28506324,0
MA2_24830,MA2,24830,2019-12-01,0.290747,0
MA2_24848,MA2,24848,2019-12-01,0.29191008,0
MA2_24858,MA2,24858,2019-10-26,0.42537838,0
MA2_24974,MA2,24974,2018-12-31,0.27104893,0
MA2_25317,MA2,25317,2019-10-26,0.25746498,0
MA2_25588,MA2,25588,2019-11-17,0.28685632,0
MA2_25687,MA2,25687,2019-12-01,0.25965965,0
MA2_25962,MA2,25962,2019-12-01,0.2773536,0
MA2_25985,MA2,25985,2018-09-04,0.3965751,0
MA2_25992,MA2,25992,2018-09-04,0.3886539,0
MA2_26005,MA2,26005,2019-12-01,0.25309774,0
MA2_26177,MA2,26177,2019-12-01,0.29825217,0
MA2_26246,MA2,26246,2018-10-14,0.38345146,0
MA2_26261,MA2,26261,2018-04-15,0.40141743,0
MA2_2651,MA2,2651,2019-12-01,0.37755376,0
MA2_2673,MA2,2673,2019-12-01,0.25971466,0
MA2_26740,MA2,26740,2019-05-12,0.31572956,0
MA2_26747,MA2,26747,2019-05-12,0.31558445,0
MA2_26760,MA2,26760,2019-12-01,0.24585822,0
MA2_27065,MA2,27065,2019-12-01,0.25332007,0
MA2_27243,MA2,27243,2019-10-26,0.2982549,0
MA2_27301,MA2,27301,2019-10-26,0.3407988,0
MA2_27515,MA2,27515,2019-10-26,0.37745675,0
MA2_27770,MA2,27770,2019-02-15,0.26950338,0
MA2_27784,MA2,27784,2019-12-01,0.29161933,0
MA2_28044,MA2,28044,2018-07-23,0.3805933,0
MA2_28439,MA2,28439,2019-11-17,0.29974532,0
MA2_2845,MA2,2845,2019-12-01,0.25188416,0
MA2_28462,MA2,28462,2019-10-26,0.2775157,0
MA2_28551,MA2,28551,2019-12-01,0.39770064,0
MA2_28703,MA2,28703,2019-09-11,0.32619983,0
MA2_28737,MA2,28737,2019-10-19,0.29446307,0
MA2_28809,MA2,28809,2019-05-03,0.27404606,0
MA2_2885,MA2,2885,2019-05-03,0.2673944,0
MA2_28904,MA2,28904,2019-01-30,0.35124296,0
MA2_28934,MA2,28934,2019-05-02,0.3869417,0
MA2_29128,MA2,29128,2019-10-26,0.30427,0
MA2_29184,MA2,29184,2019-12-01,0.39816746,0
MA2_29523,MA2,29523,2019-12-01,0.2821959,0
MA2_29902,MA2,29902,2019-05-02,0.2660536,0
MA2_30237,MA2,30237,2019-12-01,0.2678568,0
MA2_30350,MA2,30350,2019-12-01,0.26245633,0
MA2_3057,MA2,3057,2019-12-01,0.27901646,0
MA2_3084,MA2,3084,2019-05-03,0.26745826,0
MA2_30898,MA2,30898,2019-04-26,0.32244596,0
MA2_30914,MA2,30914,2019-11-25,0.25679657,0
MA2_31006,MA2,31006,2019-03-25,0.26883745,0
MA2_31191,MA2,31191,2018-12-11,0.8947763,0
MA2_31243,MA2,31243,2019-12-01,0.3514467,0
MA2_31365,MA2,31365,2019-05-01,0.26560998,0
MA2_31636,MA2,31636,2019-12-01,0.25365752,0
MA2_31784,MA2,31784,2019-12-01,0.29570422,0
MA2_31792,MA2,31792,2019-10-26,0.25808445,0
MA2_3181,MA2,3181,2019-10-26,0.26140395,0
MA2_31871,MA2,31871,2019-10-26,0.2572125,0
MA2_3193,MA2,3193,2019-12-01,0.28347403,0
MA2_32217,MA2,32217,2019-12-01,0.32364762,0
MA2_32250,MA2,32250,2019-12-01,0.25705463,0
MA2_32257,MA2,32257,2019-12-01,0.29186243,0
MA2_323,MA2,323,2019-12-01,0.28642085,0
MA2_32348,MA2,32348,2018-12-31,0.26654002,0
MA2_32401,MA2,32401,2019-10-26,0.25624207,0
MA2_32490,MA2,32490,2019-05-12,0.33745897,0
MA2_32600,MA2,32600,2019-12-01,0.27210626,0
MA2_32690,MA2,32690,2019-12-01,0.29308152,0
MA2_33048,MA2,33048,2019-12-01,0.2679248,0
MA2_33069,MA2,33069,2019-12-01,0.346727,0
MA2_33153,MA2,33153,2019-10-26,0.39345232,0
MA2_33450,MA2,33450,2019-10-26,0.29511556,0
MA2_33548,MA2,33548,2019-12-01,0.28796762,0
MA2_33878,MA2,33878,2019-05-04,0.3576745,0
MA2_33998,MA2,33998,2018-12-22,0.26841825,0
MA2_34112,MA2,34112,2019-12-01,0.29709676,0
MA2_34257,MA2,34257,2019-12-01,0.3899709,0
MA2_34360,MA2,34360,2019-12-01,0.25376657,0
MA2_34435,MA2,34435,2019-11-30,0.33118883,0
MA2_34477,MA2,34477,2019-11-16,0.25512198,0
MA2_3453,MA2,3453,2019-02-11,0.27088186,0
MA2_34537,MA2,34537,2019-12-01,0.27148184,0
MA2_34552,MA2,34552,2019-10-26,0.26289955,0
MA2_34670,MA2,34670,2019-02-28,0.27462688,0
MA2_34706,MA2,34706,2019-12-01,0.27511367,0
MA2_34743,MA2,34743,2019-05-04,0.35692865,0
MA2_3477,MA2,3477,2019-12-01,0.25970408,0
MA2_34865,MA2,34865,2018-12-18,0.3539252,0
MA2_34873,MA2,34873,2018-12-18,0.3545568,0
MA2_35365,MA2,35365,2019-12-01,0.29216164,0
MA2_35378,MA2,35378,2019-10-25,0.27214187,0
MA2_35386,MA2,35386,2019-12-01,0.2905834,0
MA2_35506,MA2,35506,2018-11-18,0.39248666,0
MA2_35841,MA2,35841,2019-02-05,0.27422953,0
MA2_36283,MA2,36283,2019-12-01,0.31956172,0
MA2_36367,MA2,36367,2019-12-01,0.26786706,0
MA2_36375,MA2,36375,2019-12-01,0.26786017,0
MA2_36432,MA2,36432,2019-10-22,0.25717953,0
MA2_36528,MA2,36528,2019-12-01,0.27969006,0
MA2_36544,MA2,36544,2019-12-01,0.25258645,0
MA2_36744,MA2,36744,2019-12-01,0.28608143,0
MA2_36777,MA2,36777,2019-12-01,0.27690753,0
MA2_36788,MA2,36788,2019-10-26,0.29431614,0
MA2_369,MA2,369,2019-12-01,0.2925977,0
MA2_37195,MA2,37195,2019-12-01,0.25081757,0
MA2_37216,MA2,37216,2019-11-03,0.30396184,0
MA2_3723,MA2,3723,2019-12-01,0.3352297,0
MA2_37399,MA2,37399,2018-12-31,0.26637617,0
MA2_3748,MA2,3748,2019-12-01,0.37807944,0
MA2_37538,MA2,37538,2019-10-26,0.47762433,0
MA2_38109,MA2,38109,2019-12-01,0.30082032,0
MA2_38265,MA2,38265,2019-05-04,0.368066,0
MA2_38351,MA2,38351,2018-12-30,0.26674715,0
MA2_39195,MA2,39195,2019-04-30,0.3037633,0
MA2_39696,MA2,39696,2018-12-22,0.27641696,0
MA2_40115,MA2,40115,2019-10-26,0.2876534,0
MA2_40123,MA2,40123,2019-01-28,0.31491458,0
MA2_40133,MA2,40133,2019-11-24,0.3152803,0
MA2_40241,MA2,40241,2019-05-03,0.26812896,0
MA2_40292,MA2,40292,2019-10-26,0.29971933,0
MA2_40605,MA2,40605,2019-12-01,0.3369752,0
MA2_40973,MA2,40973,2019-12-01,0.25225267,0
MA2_41024,MA2,41024,2019-12-01,0.25959018,0
MA2_41050,MA2,41050,2019-10-26,0.3278439,0
MA2_41294,MA2,41294,2019-12-01,0.2546416,0
MA2_41412,MA2,41412,2018-09-21,0.44630805,0
MA2_41751,MA2,41751,2019-11-17,0.32237864,0
MA2_41886,MA2,41886,2019-02-11,0.27117395,0
MA2_42,MA2,42,2019-04-27,0.26584974,0
MA2_42047,MA2,42047,2019-12-01,0.27638283,0
MA2_4252,MA2,4252,2019-12-01,0.41727525,0
MA2_4263,MA2,4263,2019-12-01,0.2844699,0
MA2_4280,MA2,4280,2019-12-01,0.27993584,0
MA2_42814,MA2,42814,2019-11-29,0.27513778,0
MA2_42947,MA2,42947,2019-05-21,0.2997618,0
MA2_4309,MA2,4309,2019-10-19,0.31544897,0
MA2_43102,MA2,43102,2019-05-17,0.33167136,0
MA2_43361,MA2,43361,2019-11-17,0.3621281,0
MA2_43570,MA2,43570,2018-07-10,0.39787367,0
MA2_43648,MA2,43648,2019-12-01,0.29760063,0
MA2_43744,MA2,43744,2019-07-01,0.25982782,0
MA2_43863,MA2,43863,2019-12-01,0.27170056,0
MA2_44003,MA2,44003,2019-11-25,0.3480782,0
MA2_44058,MA2,44058,2019-12-01,0.2882118,0
MA2_44134,MA2,44134,2019-01-27,0.27123478,0
MA2_44140,MA2,44140,2019-01-27,0.27123114,0
MA2_44242,MA2,44242,2019-12-01,0.27473548,0
MA2_44315,MA2,44315,2019-05-12,0.3373379,0
MA2_44544,MA2,44544,2019-10-26,0.2547228,0
MA2_44585,MA2,44585,2019-12-01,0.38968518,0
MA2_44606,MA2,44606,2019-05-02,0.28137544,0
MA2_44927,MA2,44927,2019-10-26,0.3251978,0
MA2_45062,MA2,45062,2019-05-02,0.2645254,0
MA2_45281,MA2,45281,2019-12-01,0.29183584,0
MA2_45647,MA2,45647,2019-12-01,0.35622758,0
MA2_45696,MA2,45696,2018-12-22,0.27696168,0
MA2_4577,MA2,4577,2019-12-01,0.25823003,0
MA2_45966,MA2,45966,2019-12-01,0.26012397,0
MA2_46002,MA2,46002,2019-10-11,0.28611964,0
MA2_46264,MA2,46264,2019-06-21,0.3701389,0
MA2_46313,MA2,46313,2019-12-01,0.2529658,0
MA2_46361,MA2,46361,2019-05-01,0.26502502,0
MA2_4646,MA2,4646,2019-10-26,0.33541223,0
MA2_4684,MA2,4684,2019-10-26,0.31479248,0
MA2_46916,MA2,46916,2018-12-28,0.40981218,0
MA2_47235,MA2,47235,2019-11-24,0.29250512,0
MA2_47302,MA2,47302,2019-10-26,0.31782883,0
MA2_47334,MA2,47334,2019-12-01,0.26426652,0
MA2_47440,MA2,47440,2019-07-28,0.2886598,0
MA2_47582,MA2,47582,2019-11-17,0.38895258,0
MA2_47642,MA2,47642,2019-10-26,0.39335892,0
MA2_47819,MA2,47819,2019-10-26,0.38704917,0
MA2_48004,MA2,48004,2019-12-01,0.2716959,0
MA2_48123,MA2,48123,2019-12-01,0.25267354,0
MA2_48387,MA2,48387,2019-10-26,0.296288,0
MA2_48511,MA2,48511,2019-03-03,0.33635232,0
MA2_48571,MA2,48571,2019-12-01,0.31716812,0
MA2_48785,MA2,48785,2019-12-01,0.37474993,0
MA2_4882,MA2,4882,2019-05-24,0.26348376,0
MA2_48857,MA2,48857,2019-12-01,0.2566731,0
MA2_49438,MA2,49438,2019-12-01,0.2545645,0
MA2_4952,MA2,4952,2019-12-01,0.25948343,0
MA2_49632,MA2,49632,2019-12-01,0.25838858,0
MA2_49839,MA2,49839,2019-10-26,0.25892136,0
MA2_49934,MA2,49934,2019-10-26,0.33468378,0
MA2_50550,MA2,50550,2019-12-01,0.39058197,0
MA2_50734,MA2,50734,2018-09-22,0.3985231,0
MA2_50793,MA2,50793,2019-10-26,0.25966433,0
MA2_50901,MA2,50901,2019-12-01,0.29830426,0
MA2_51071,MA2,51071,2019-10-26,0.37029448,0
MA2_51436,MA2,51436,2019-05-04,0.36681694,0
MA2_5145,MA2,5145,2019-12-01,0.3507796,0
MA2_5160,MA2,5160,2019-12-01,0.26834238,0
MA2_5166,MA2,5166,2019-12-01,0.42725763,0
MA2_51663,MA2,51663,2019-07-29,0.3140245,0
MA2_5180,MA2,5180,2019-12-01,0.25907156,0
MA2_51820,MA2,51820,2018-09-21,0.38730946,0
MA2_51846,MA2,51846,2019-10-26,0.27548006,0
MA2_5192,MA2,5192,2019-10-11,0.27545673,0
MA2_51975,MA2,51975,2019-12-01,0.27831295,0
MA2_52274,MA2,52274,2019-11-17,0.25532582,0
MA2_5233,MA2,5233,2019-10-26,0.29592636,0
MA2_52374,MA2,52374,2019-10-26,0.29488006,0
MA2_52447,MA2,52447,2019-12-01,0.28295043,0
MA2_52463,MA2,52463,2019-06-04,0.2714225,0
MA2_5254,MA2,5254,2019-12-01,0.27157566,0
MA2_52553,MA2,52553,2019-10-11,0.2849297,0
MA2_52863,MA2,52863,2019-12-01,0.29545674,0
MA2_52954,MA2,52954,2019-12-01,0.24808326,0
MA2_52961,MA2,52961,2018-10-24,0.28596634,0
MA2_53110,MA2,53110,2019-09-11,0.2788296,0
MA2_5317,MA2,5317,2019-12-01,0.27823168,0
MA2_53557,MA2,53557,2019-10-18,0.28366202,0
MA2_53659,MA2,53659,2019-12-01,0.28969723,0
MA2_54126,MA2,54126,2019-12-01,0.25856638,0
MA2_54241,MA2,54241,2019-12-01,0.274036,0
MA2_5433,MA2,5433,2019-12-01,0.25349805,0
MA2_54331,MA2,54331,2019-06-22,0.31436676,0
MA2_54340,MA2,54340,2019-11-17,0.25541863,0
MA2_54425,MA2,54425,2019-11-17,0.25755128,0
MA2_54481,MA2,54481,2019-10-26,0.2971222,0
MA2_54527,MA2,54527,2019-09-07,0.29246658,0
MA2_54775,MA2,54775,2019-12-01,0.26470757,0
MA2_55063,MA2,55063,2019-10-26,0.25769207,0
MA2_55066,MA2,55066,2019-12-01,0.26769814,0
MA2_55071,MA2,55071,2019-12-01,0.37085822,0
MA2_55334,MA2,55334,2019-12-01,0.29898116,0
MA2_55388,MA2,55388,2019-12-01,0.2728166,0
MA2_5539,MA2,5539,2019-12-01,0.34185714,0
MA2_55394,MA2,55394,2018-10-30,0.39223948,0
MA2_55817,MA2,55817,2019-10-26,0.25547108,0
MA2_56152,MA2,56152,2019-11-17,0.2961301,0
MA2_5618,MA2,5618,2019-12-01,0.35755244,0
MA2_56397,MA2,56397,2019-10-26,0.32445723,0
MA2_56501,MA2,56501,2019-12-01,0.25816938,0
MA2_56749,MA2,56749,2019-07-23,0.36991704,0
MA2_56828,MA2,56828,2019-05-10,0.40262938,0
MA2_56888,MA2,56888,2019-02-26,0.27246475,0
MA2_56959,MA2,56959,2019-07-16,0.39146903,0
MA2_57004,MA2,57004,2019-10-31,0.28373814,0
MA2_57010,MA2,57010,2019-12-01,0.25684673,0
MA2_5706,MA2,5706,2019-11-24,0.27884895,0
MA2_57529,MA2,57529,2019-12-01,0.27064806,0
MA2_57704,MA2,57704,2019-01-27,0.27166873,0
MA2_5776,MA2,5776,2019-05-01,0.26458547,0
MA2_57828,MA2,57828,2019-01-25,0.26522207,0
MA2_58438,MA2,58438,2019-10-26,0.33228302,0
MA2_58498,MA2,58498,2019-02-26,0.27059892,0
MA2_5858,MA2,5858,2019-10-26,0.2745897,0
MA2_58824,MA2,58824,2019-12-01,0.2750314,0
MA2_58968,MA2,58968,2019-12-01,0.25691476,0
MA2_5904,MA2,5904,2019-05-03,0.26402298,0
MA2_59275,MA2,59275,2019-12-01,0.24810715,0
MA2_59632,MA2,59632,2019-12-01,0.24551474,0
MA2_59662,MA2,59662,2019-12-01,0.3116212,0
MA2_5981,MA2,5981,2019-04-02,0.41597936,0
MA2_60048,MA2,60048,2019-12-01,0.39688805,0
MA2_60124,MA2,60124,2019-08-27,0.2609678,0
MA2_60316,MA2,60316,2019-12-01,0.28962895,0
MA2_60542,MA2,60542,2019-10-26,0.35877484,0
MA2_60732,MA2,60732,2019-05-02,0.26637807,0
MA2_60831,MA2,60831,2019-10-26,0.28911638,0
MA2_60906,MA2,60906,2019-12-01,0.33853722,0
MA2_61220,MA2,61220,2019-10-26,0.27408376,0
MA2_6125,MA2,6125,2019-12-01,0.2533533,0
MA2_61362,MA2,61362,2018-10-01,0.3937492,0
MA2_61470,MA2,61470,2019-12-01,0.27753973,0
MA2_61821,MA2,61821,2018-11-03,0.4069491,0
MA2_61826,MA2,61826,2018-11-03,0.39099857,0
MA2_61981,MA2,61981,2019-12-01,0.27641478,0
MA2_61990,MA2,61990,2019-01-27,0.27263734,0
MA2_62092,MA2,62092,2019-12-01,0.32467666,0
MA2_62187,MA2,62187,2018-04-13,0.39960912,0
MA2_62193,MA2,62193,2019-12-01,0.25033745,0
MA2_6239,MA2,6239,2019-12-01,0.27721372,0
MA2_6245,MA2,6245,2019-12-01,0.3086935,0
MA2_62527,MA2,62527,2019-12-01,0.313744,0
MA2_62685,MA2,62685,2019-01-08,0.40660226,1
MA2_62829,MA2,62829,2019-12-01,0.27380297,0
MA2_63028,MA2,63028,2019-10-26,0.29458606,0
MA2_63192,MA2,63192,2019-11-27,0.27555454,0
MA2_63199,MA2,63199,2019-04-14,0.29307613,0
MA2_63291,MA2,63291,2019-09-24,0.28017288,0
MA2_63356,MA2,63356,2019-11-17,0.41311437,0
MA2_63394,MA2,63394,2019-05-04,0.3674348,0
MA2_63449,MA2,63449,2019-10-26,0.29365787,0
MA2_6349,MA2,6349,2019-12-01,0.28684422,0
MA2_63540,MA2,63540,2019-10-26,0.82276124,0
MA2_63721,MA2,63721,2018-09-02,0.38499406,0
MA2_63786,MA2,63786,2019-03-16,0.2682384,0
MA2_64172,MA2,64172,2019-12-01,0.2785801,0
MA2_64344,MA2,64344,2019-10-26,0.29641372,0
MA2_64499,MA2,64499,2019-02-26,0.26914814,0
MA2_64578,MA2,64578,2019-12-01,0.38497066,0
MA2_64600,MA2,64600,2019-04-27,0.26501745,0
MA2_6469,MA2,6469,2019-12-01,0.30224863,0
MA2_64776,MA2,64776,2019-12-01,0.25342333,0
MA2_64832,MA2,64832,2019-10-26,0.35610527,0
MA2_64860,MA2,64860,2019-04-30,0.30559856,0
MA2_65026,MA2,65026,2019-09-24,0.31776002,0
MA2_65290,MA2,65290,2019-10-29,0.35856378,0
MA2_65741,MA2,65741,2019-12-01,0.39769852,0
MA2_65870,MA2,65870,2019-12-01,0.2777199,0
MA2_66062,MA2,66062,2019-12-01,0.25085416,0
MA2_66093,MA2,66093,2019-02-17,0.27034244,0
MA2_66252,MA2,66252,2019-10-26,0.3259496,0
MA2_66297,MA2,66297,2019-12-01,0.2905461,0
MA2_66475,MA2,66475,2019-11-24,0.29260078,0
MA2_66817,MA2,66817,2019-12-01,0.28742033,0
MA2_66924,MA2,66924,2019-05-12,0.31717688,0
MA2_66946,MA2,66946,2018-10-07,0.39484602,0
MA2_66953,MA2,66953,2018-10-07,0.39522925,0
MA2_67108,MA2,67108,2019-08-03,0.28472084,0
MA2_67272,MA2,67272,2019-01-27,0.38500494,0
MA2_67387,MA2,67387,2019-12-01,0.2865301,0
MA2_67494,MA2,67494,2019-12-01,0.28839728,0
MA2_67663,MA2,67663,2019-10-26,0.36644644,0
MA2_67877,MA2,67877,2019-12-01,0.29377198,0
MA2_67882,MA2,67882,2019-11-17,0.27952063,0
MA2_67898,MA2,67898,2019-10-26,0.29432303,0
MA2_67989,MA2,67989,2019-11-17,0.2799679,0
MA2_68028,MA2,68028,2019-10-26,0.29303634,0
MA2_68261,MA2,68261,2019-12-01,0.25330403,0
MA2_68588,MA2,68588,2019-08-26,0.2910033,0
MA2_69269,MA2,69269,2019-12-01,0.25728616,0
MA2_69394,MA2,69394,2019-12-01,0.34853658,0
MA2_69430,MA2,69430,2019-12-01,0.34223267,0
MA2_69658,MA2,69658,2018-06-08,0.30741072,0
MA2_69854,MA2,69854,2019-09-24,0.35350055,0
MA2_70097,MA2,70097,2019-12-01,0.39743438,0
MA2_70135,MA2,70135,2019-02-15,0.26923403,0
MA2_7024,MA2,7024,2019-10-26,0.29566795,0
MA2_70241,MA2,70241,2019-05-01,0.27661252,0
MA2_70546,MA2,70546,2019-12-01,0.39821872,0
MA2_70559,MA2,70559,2019-12-01,0.267844,0
MA2_70607,MA2,70607,2019-05-01,0.26576632,0
MA2_70653,MA2,70653,2019-12-01,0.32933456,0
MA2_70683,MA2,70683,2019-12-01,0.25883576,0
MA2_70721,MA2,70721,2019-12-01,0.2919068,0
MA2_71011,MA2,71011,2019-02-15,0.26920277,0
MA2_71043,MA2,71043,2018-12-30,0.39681122,0
MA2_7123,MA2,7123,2019-10-25,0.36842117,0
MA2_71594,MA2,71594,2019-12-01,0.27000237,0
MA2_71617,MA2,71617,2019-12-01,0.2522317,0
MA2_7183,MA2,7183,2019-11-17,0.3967505,0
MA2_71954,MA2,71954,2019-05-04,0.36654258,0
MA2_72188,MA2,72188,2019-12-01,0.2917105,0
MA2_72205,MA2,72205,2019-11-19,0.30160937,0
MA2_72495,MA2,72495,2019-12-01,0.29284367,0
MA2_72521,MA2,72521,2019-12-01,0.28806865,0
MA2_72680,MA2,72680,2019-12-01,0.39781135,0
MA2_72807,MA2,72807,2019-12-01,0.2976762,0
MA2_73028,MA2,73028,2019-05-03,0.26492056,0
MA2_73036,MA2,73036,2019-01-28,0.39683253,0
MA2_73213,MA2,73213,2018-12-04,0.43912506,0
MA2_73255,MA2,73255,2019-10-26,0.3396765,0
MA2_73342,MA2,73342,2019-10-26,0.2611278,0
MA2_73597,MA2,73597,2019-02-12,0.38440135,0
MA2_73731,MA2,73731,2019-12-01,0.26786724,0
MA2_73737,MA2,73737,2019-12-01,0.34130773,0
MA2_73875,MA2,73875,2019-12-01,0.2758153,0
MA2_7396,MA2,7396,2019-10-26,0.25563714,0
MA2_74231,MA2,74231,2019-12-01,0.28903383,0
MA2_74798,MA2,74798,2019-12-01,0.31394657,0
MA2_74911,MA2,74911,2019-12-01,0.26786792,0
MA2_74955,MA2,74955,2019-12-01,0.28838408,0
MA2_7508,MA2,7508,2019-12-01,0.2704552,0
MA2_75277,MA2,75277,2019-11-02,0.3045051,0
MA2_75507,MA2,75507,2019-10-26,0.2984615,0
MA2_75600,MA2,75600,2019-12-01,0.260528,0
MA2_75765,MA2,75765,2019-10-26,0.2993524,0
MA2_75844,MA2,75844,2019-04-25,0.39730883,0
MA2_75861,MA2,75861,2019-12-01,0.28247157,0
MA2_7591,MA2,7591,2019-05-02,0.26475117,0
MA2_7641,MA2,7641,2018-12-30,0.39708632,0
MA2_76574,MA2,76574,2019-12-01,0.39331764,0
MA2_76789,MA2,76789,2019-06-12,0.26076892,0
MA2_76814,MA2,76814,2018-12-22,0.26731354,0
MA2_76877,MA2,76877,2019-02-26,0.3864151,0
MA2_76934,MA2,76934,2019-12-01,0.29230535,0
MA2_76945,MA2,76945,2019-01-23,0.37687686,0
MA2_77050,MA2,77050,2019-12-01,0.32750785,0
MA2_77128,MA2,77128,2018-11-19,0.2889392,0
MA2_7739,MA2,7739,2019-12-01,0.2780263,0
MA2_77588,MA2,77588,2019-12-01,0.4125845,0
MA2_78208,MA2,78208,2019-05-10,0.39457726,0
MA2_78287,MA2,78287,2019-12-01,0.26437402,0
MA2_78320,MA2,78320,2019-12-01,0.32139763,0
MA2_78385,MA2,78385,2019-02-05,0.27436113,0
MA2_7852,MA2,7852,2019-04-26,0.27347246,0
MA2_78587,MA2,78587,2019-11-19,0.27993757,0
MA2_78647,MA2,78647,2019-02-05,0.2739908,0
MA2_78835,MA2,78835,2019-12-01,0.83520186,0
MA2_79055,MA2,79055,2019-12-01,0.2949138,0
MA2_79264,MA2,79264,2019-12-01,0.36653486,0
MA2_79304,MA2,79304,2019-10-26,0.25848874,0
MA2_79388,MA2,79388,2019-04-22,0.028806228,0
MA2_79413,MA2,79413,2019-12-01,0.25444338,0
MA2_79594,MA2,79594,2019-12-01,0.29759583,0
MA2_79663,MA2,79663,2019-12-01,0.2675484,0
MA2_79726,MA2,79726,2019-12-01,0.29252094,0
MA2_79749,MA2,79749,2019-11-24,0.29245985,0
MA2_79869,MA2,79869,2019-12-01,0.2653534,0
MA2_79886,MA2,79886,2019-10-26,0.29561788,0
MA2_7990,MA2,7990,2019-01-23,0.44284287,0
MA2_79935,MA2,79935,2019-12-01,0.25414905,0
MA2_79969,MA2,79969,2019-12-01,0.27046737,0
MA2_7999,MA2,7999,2019-01-23,0.35761887,0
MA2_80030,MA2,80030,2019-10-27,0.29320815,0
MA2_8007,MA2,8007,2019-10-26,0.31384885,0
MA2_80263,MA2,80263,2019-03-12,0.38344547,0
MA2_80691,MA2,80691,2019-12-01,0.25188637,0
MA2_8092,MA2,8092,2019-09-30,0.25800803,0
MA2_80979,MA2,80979,2019-12-01,0.35309252,0
MA2_81190,MA2,81190,2019-05-03,0.27179155,0
MA2_81215,MA2,81215,2019-11-17,0.31187814,0
MA2_81367,MA2,81367,2019-12-01,0.2599959,0
MA2_81549,MA2,81549,2019-10-26,0.40206358,0
MA2_81558,MA2,81558,2019-12-01,0.29022428,0
MA2_81674,MA2,81674,2019-10-26,0.25991803,0
MA2_81745,MA2,81745,2019-07-23,0.25551277,0
MA2_81811,MA2,81811,2019-10-26,0.2553041,0
MA2_81818,MA2,81818,2019-10-26,0.25512776,0
MA2_82104,MA2,82104,2019-12-01,0.28695455,0
MA2_82291,MA2,82291,2019-12-01,0.28378928,0
MA2_82371,MA2,82371,2019-12-01,0.2945084,0
MA2_82394,MA2,82394,2019-12-01,0.29316777,0
MA2_82396,MA2,82396,2019-12-01,0.2793995,0
MA2_82426,MA2,82426,2019-11-17,0.27723086,0
MA2_8249,MA2,8249,2019-10-26,0.30339187,0
MA2_82545,MA2,82545,2019-12-01,0.26761562,0
MA2_82550,MA2,82550,2019-04-27,0.26587388,0
MA2_82570,MA2,82570,2019-12-01,0.30218673,0
MA2_82620,MA2,82620,2019-04-27,0.26506624,0
MA2_82652,MA2,82652,2018-10-30,0.38254836,0
MA2_83019,MA2,83019,2019-12-01,0.28855464,0
MA2_83198,MA2,83198,2019-04-27,0.26664537,0
MA2_83213,MA2,83213,2019-12-01,1.0,0
MA2_83231,MA2,83231,2019-11-17,0.27166322,0
MA2_83428,MA2,83428,2019-12-01,0.27299505,0
MA2_83488,MA2,83488,2019-09-24,0.2779889,0
MA2_83511,MA2,83511,2019-12-01,0.25841317,0
MA2_83556,MA2,83556,2019-12-01,0.39742944,0
MA2_83601,MA2,83601,2019-08-17,0.2953132,0
MA2_84279,MA2,84279,2019-05-02,0.2631135,0
MA2_84325,MA2,84325,2019-09-07,0.38968286,0
MA2_84462,MA2,84462,2019-10-11,0.34745026,0
MA2_84463,MA2,84463,2019-10-11,0.29444858,0
MA2_84500,MA2,84500,2019-04-08,0.2673395,0
MA2_84719,MA2,84719,2019-12-01,0.29107818,0
MA2_84760,MA2,84760,2019-12-01,0.36483407,0
MA2_84820,MA2,84820,2019-12-01,0.3378706,0
MA2_84826,MA2,84826,2019-12-01,0.37426794,0
MA2_84858,MA2,84858,2019-11-30,0.28827724,0
MA2_84946,MA2,84946,2019-10-26,0.28961155,0
MA2_85407,MA2,85407,2019-12-01,0.261213,0
MA2_85457,MA2,85457,2019-12-01,0.3539513,0
MA2_85483,MA2,85483,2019-11-25,0.26184875,0
MA2_85650,MA2,85650,2019-12-01,0.28966144,0
MA2_85667,MA2,85667,2019-12-01,0.37236723,0
MA2_85961,MA2,85961,2019-12-01,0.28749478,0
MA2_86020,MA2,86020,2019-10-26,0.35697177,0
MA2_86035,MA2,86035,2019-07-21,0.25905037,0
MA2_86069,MA2,86069,2019-12-01,0.2868949,0
MA2_86280,MA2,86280,2018-01-30,0.012738602,0
MA2_86462,MA2,86462,2018-03-02,0.364516,0
MA2_8661,MA2,8661,2019-04-27,0.26536214,0
MA2_86693,MA2,86693,2019-02-05,0.27366897,0
MA2_86876,MA2,86876,2019-12-01,0.3989394,0
MA2_87051,MA2,87051,2019-12-01,0.26811162,0
MA2_87463,MA2,87463,2019-12-01,0.3748494,0
MA2_87582,MA2,87582,2019-12-01,0.2533016,0
MA2_87765,MA2,87765,2019-10-26,0.25952676,0
MA2_87770,MA2,87770,2019-10-26,0.25970298,0
MA2_87794,MA2,87794,2019-07-08,0.3982765,0
MA2_88131,MA2,88131,2018-12-22,0.26884764,0
MA2_88161,MA2,88161,2019-12-01,0.38005632,0
MA2_882,MA2,882,2019-11-16,0.28292358,0
MA2_88382,MA2,88382,2019-12-01,0.39752224,0
MA2_88493,MA2,88493,2019-12-01,0.2536488,0
MA2_88516,MA2,88516,2019-12-01,0.37836483,0
MA2_88561,MA2,88561,2019-12-01,0.2842835,0
MA2_88583,MA2,88583,2019-12-01,0.30174616,0
MA2_88743,MA2,88743,2019-10-26,0.25734416,0
MA2_89102,MA2,89102,2018-12-08,0.2711452,0
MA2_89209,MA2,89209,2019-01-28,0.39679804,0
MA2_89417,MA2,89417,2019-03-13,0.26288533,0
MA2_89470,MA2,89470,2019-12-01,0.28947672,0
MA2_89543,MA2,89543,2019-10-26,0.034960434,0
MA2_89586,MA2,89586,2019-12-01,0.37564906,0
MA2_89614,MA2,89614,2019-10-26,0.28923237,0
MA2_89787,MA2,89787,2019-12-01,0.3977286,0
MA2_8987,MA2,8987,2019-12-01,0.29250374,0
MA2_90309,MA2,90309,2019-11-05,0.28208858,0
MA2_90311,MA2,90311,2019-12-01,0.2720224,0
MA2_90339,MA2,90339,2019-10-26,0.29816133,0
MA2_90393,MA2,90393,2019-05-03,0.26696095,0
MA2_90550,MA2,90550,2019-10-26,0.3097578,0
MA2_91000,MA2,91000,2019-12-01,0.29073244,0
MA2_91006,MA2,91006,2019-12-01,0.32892236,0
MA2_91062,MA2,91062,2019-12-01,0.27632973,0
MA2_91161,MA2,91161,2019-10-26,0.44263586,0
MA2_91288,MA2,91288,2019-12-01,0.2886634,0
MA2_91293,MA2,91293,2019-04-05,0.39108285,0
MA2_91426,MA2,91426,2018-08-10,0.28802878,0
MA2_91447,MA2,91447,2019-10-26,0.26092863,0
MA2_91465,MA2,91465,2019-12-01,0.28470203,0
MA2_91495,MA2,91495,2019-12-01,0.27765512,0
MA2_91564,MA2,91564,2019-05-02,0.26613286,0
MA2_9162,MA2,9162,2019-12-01,0.38558498,0
MA2_91728,MA2,91728,2019-12-01,0.28046408,0
MA2_91859,MA2,91859,2019-12-01,0.3013586,0
MA2_91927,MA2,91927,2019-12-01,0.25369555,0
MA2_92088,MA2,92088,2019-12-01,0.29844853,0
MA2_92186,MA2,92186,2019-12-01,0.3977792,0
MA2_92291,MA2,92291,2019-12-01,0.25276867,0
MA2_92321,MA2,92321,2019-12-01,0.25899473,0
MA2_92427,MA2,92427,2019-12-01,0.30083537,0
MA2_92542,MA2,92542,2019-10-26,0.2588667,0
MA2_92555,MA2,92555,2019-12-01,0.28969628,0
MA2_92688,MA2,92688,2019-02-26,0.27045026,0
MA2_9270,MA2,9270,2019-12-01,0.28677058,0
MA2_93007,MA2,93007,2018-12-03,0.26883408,0
MA2_93062,MA2,93062,2019-12-01,0.2591645,0
MA2_93283,MA2,93283,2019-12-01,0.33696145,0
MA2_93419,MA2,93419,2019-11-24,0.29267183,0
MA2_93593,MA2,93593,2019-12-01,0.342366,0
MA2_93652,MA2,93652,2019-12-01,0.25982463,0
MA2_93767,MA2,93767,2019-12-01,0.28940928,0
MA2_93867,MA2,93867,2019-12-01,0.29209772,0
MA2_94051,MA2,94051,2019-11-19,0.27217236,0
MA2_94431,MA2,94431,2019-02-05,0.23765695,0
MA2_94578,MA2,94578,2019-12-01,0.25365168,0
MA2_9483,MA2,9483,2019-12-01,0.29919595,0
MA2_95145,MA2,95145,2019-12-01,0.2891281,0
MA2_95226,MA2,95226,2019-12-01,0.36933517,0
MA2_95257,MA2,95257,2019-12-01,0.39571297,0
MA2_95486,MA2,95486,2019-08-25,0.28424034,0
MA2_95679,MA2,95679,2019-12-01,0.2529641,0
MA2_9578,MA2,9578,2019-02-24,0.9348603,1
MA2_96028,MA2,96028,2019-02-26,0.30385286,0
MA2_96130,MA2,96130,2018-10-09,0.43986744,0
MA2_96170,MA2,96170,2019-05-03,0.26745504,0
MA2_96330,MA2,96330,2018-12-03,0.2943327,0
MA2_96452,MA2,96452,2019-11-25,0.26488915,0
MA2_96482,MA2,96482,2019-12-01,0.39551502,0
MA2_96561,MA2,96561,2019-06-26,0.3398406,0
MA2_96962,MA2,96962,2018-11-06,0.40887824,0
MA2_97067,MA2,97067,2019-10-26,0.29548463,0
MA2_97086,MA2,97086,2019-12-01,0.25984702,0
MA2_97189,MA2,97189,2019-12-01,0.24939387,0
MA2_97193,MA2,97193,2019-12-01,0.2893975,0
MA2_97406,MA2,97406,2019-09-24,0.3309254,0
MA2_97614,MA2,97614,2019-12-01,0.33310097,0
MA2_9766,MA2,9766,2019-09-11,0.29086766,0
MA2_9769,MA2,9769,2019-09-11,0.29086813,0
MA2_98012,MA2,98012,2018-12-02,0.39244494,0
MA2_98013,MA2,98013,2019-12-01,0.37654775,0
MA2_98301,MA2,98301,2019-12-01,0.2723082,0
MA2_98314,MA2,98314,2019-12-01,0.24597548,0
MA2_98415,MA2,98415,2019-10-26,0.29659253,0
MA2_98545,MA2,98545,2019-12-01,0.27721944,0
MA2_98684,MA2,98684,2019-12-01,0.30911356,0
MA2_98730,MA2,98730,2019-11-29,0.27159142,0
MA2_98779,MA2,98779,2019-12-01,0.28939492,0
MA2_99024,MA2,99024,2019-10-22,0.2557964,0
MA2_99045,MA2,99045,2019-10-26,0.2932326,0
MA2_9906,MA2,9906,2019-12-01,0.29758742,0
MA2_99120,MA2,99120,2019-05-02,0.2651511,0
MA2_99491,MA2,99491,2019-12-01,0.27967593,0
MB1_10122,MB1,10122,2019-12-01,0.14481203,0
MB1_10156,MB1,10156,2019-12-01,0.6294599,0
MB1_10362,MB1,10362,2019-12-01,0.39563313,0
MB1_10584,MB1,10584,2019-12-01,0.4248161,0
MB1_10632,MB1,10632,2019-12-01,0.45709598,0
MB1_10723,MB1,10723,2019-12-01,0.42058197,0
MB1_10790,MB1,10790,2019-12-01,0.4062252,0
MB1_10881,MB1,10881,2019-12-01,0.42123407,0
MB1_10936,MB1,10936,2019-12-01,0.6561081,0
MB1_10944,MB1,10944,2019-07-17,0.48119435,0
MB1_10998,MB1,10998,2019-12-01,0.4293554,0
MB1_11066,MB1,11066,2019-12-01,0.54833263,0
MB1_11083,MB1,11083,2019-12-01,0.5477716,0
MB1_11126,MB1,11126,2019-12-01,0.43672028,0
MB1_11186,MB1,11186,2019-10-31,0.4155083,0
MB1_11518,MB1,11518,2019-12-01,0.42055458,0
MB1_11672,MB1,11672,2019-12-01,0.42679188,0
MB1_11700,MB1,11700,2019-11-17,0.44577613,0
MB1_11830,MB1,11830,2019-12-01,0.42295873,0
MB1_119,MB1,119,2019-12-01,0.4279747,0
MB1_11928,MB1,11928,2019-12-01,0.47172168,0
MB1_11980,MB1,11980,2019-11-17,0.43023762,0
MB1_12031,MB1,12031,2019-12-01,0.44358456,0
MB1_12192,MB1,12192,2019-12-01,0.58531255,0
MB1_12371,MB1,12371,2019-12-01,0.43540552,0
MB1_12513,MB1,12513,2018-05-23,0.6597001,1
MB1_12588,MB1,12588,2018-03-24,0.005735653,1
MB1_12598,MB1,12598,2019-12-01,0.43016773,0
MB1_12773,MB1,12773,2019-12-01,0.55619067,0
MB1_12851,MB1,12851,2019-12-01,0.42525133,0
MB1_13023,MB1,13023,2019-12-01,0.42316723,0
MB1_13221,MB1,13221,2019-12-01,0.5740964,0
MB1_13274,MB1,13274,2019-12-01,0.059016407,0
MB1_13526,MB1,13526,2019-12-01,0.42195556,0
MB1_13529,MB1,13529,2019-12-01,0.42195556,0
MB1_13590,MB1,13590,2019-08-29,0.6558895,1
MB1_13778,MB1,13778,2019-12-01,0.5749169,0
MB1_14071,MB1,14071,2019-12-01,0.58883244,0
MB1_14490,MB1,14490,2019-12-01,0.5483604,0
MB1_14755,MB1,14755,2019-12-01,0.45809042,0
MB1_14956,MB1,14956,2019-12-01,0.42125928,0
MB1_1497,MB1,1497,2019-11-27,0.4060112,0
MB1_15029,MB1,15029,2019-12-01,0.42049924,0
MB1_15071,MB1,15071,2019-12-01,0.4053636,0
MB1_1518,MB1,1518,2019-12-01,0.4067546,0
MB1_15192,MB1,15192,2019-12-01,0.56654817,0
MB1_15244,MB1,15244,2019-12-01,0.42434728,0
MB1_15378,MB1,15378,2019-12-01,0.42728984,0
MB1_15450,MB1,15450,2019-12-01,0.65712845,0
MB1_15452,MB1,15452,2019-12-01,0.6447611,0
MB1_15482,MB1,15482,2019-12-01,0.57462144,0
MB1_15725,MB1,15725,2019-12-01,0.5663921,0
MB1_16034,MB1,16034,2019-11-17,0.4755479,0
MB1_16113,MB1,16113,2019-12-01,0.13161689,0
MB1_16230,MB1,16230,2019-12-01,0.39537594,0
MB1_16544,MB1,16544,2019-12-01,0.14589377,0
MB1_16783,MB1,16783,2019-12-01,0.4248028,0
MB1_17469,MB1,17469,2019-12-01,0.4248614,0
MB1_17507,MB1,17507,2019-12-01,0.42122093,0
MB1_17578,MB1,17578,2019-12-01,0.46758983,0
MB1_18001,MB1,18001,2019-12-01,0.40372851,0
MB1_18038,MB1,18038,2019-03-03,0.5321312,0
MB1_1812,MB1,1812,2019-11-28,0.40556237,0
MB1_18732,MB1,18732,2019-12-01,0.54845446,0
MB1_18793,MB1,18793,2019-12-01,0.45807213,0
MB1_19082,MB1,19082,2019-12-01,0.42485338,0
MB1_19106,MB1,19106,2019-07-01,0.437854,1
MB1_19114,MB1,19114,2019-12-01,0.38629484,0
MB1_19314,MB1,19314,2019-12-01,0.47807848,0
MB1_19343,MB1,19343,2019-12-01,0.43376765,0
MB1_19440,MB1,19440,2019-12-01,0.42937586,0
MB1_19482,MB1,19482,2019-12-01,0.47975376,0
MB1_19582,MB1,19582,2019-12-01,0.43493956,0
MB1_19805,MB1,19805,2019-12-01,0.42120984,0
MB1_19860,MB1,19860,2019-12-01,0.5376188,0
MB1_19929,MB1,19929,2019-12-01,0.43936244,0
MB1_20014,MB1,20014,2019-12-01,0.42054915,0
MB1_2012,MB1,2012,2019-12-01,0.42051736,0
MB1_20141,MB1,20141,2019-11-17,0.6146172,0
MB1_20191,MB1,20191,2019-06-14,0.5988871,0
MB1_20202,MB1,20202,2019-12-01,0.39698932,0
MB1_20294,MB1,20294,2019-11-17,0.43079555,0
MB1_20316,MB1,20316,2019-12-01,0.43020806,0
MB1_20800,MB1,20800,2019-12-01,0.3960639,0
MB1_21007,MB1,21007,2019-12-01,0.6005996,0
MB1_21145,MB1,21145,2019-12-01,0.4219935,0
MB1_2132,MB1,2132,2019-12-01,0.42125925,0
MB1_21451,MB1,21451,2019-12-01,0.4034868,0
MB1_21534,MB1,21534,2019-12-01,0.49420255,0
MB1_21538,MB1,21538,2019-12-01,0.49418783,0
MB1_21693,MB1,21693,2019-11-17,0.45018372,0
MB1_21730,MB1,21730,2019-03-16,0.47766677,1
MB1_21869,MB1,21869,2019-12-01,0.42057773,0
MB1_21944,MB1,21944,2019-12-01,0.40351185,0
MB1_21997,MB1,21997,2019-12-01,0.57280195,0
MB1_22037,MB1,22037,2019-12-01,0.51939493,0
MB1_22403,MB1,22403,2019-12-01,0.45829156,0
MB1_22629,MB1,22629,2019-12-01,0.42429075,0
MB1_22841,MB1,22841,2019-12-01,0.45809278,0
MB1_22939,MB1,22939,2019-11-17,0.5727678,0
MB1_22949,MB1,22949,2019-12-01,0.58285916,0
MB1_23128,MB1,23128,2019-12-01,0.45808825,0
MB1_2360,MB1,2360,2019-12-01,0.6560863,0
MB1_2362,MB1,2362,2019-12-01,0.65608805,0
MB1_23939,MB1,23939,2019-12-01,0.4301694,0
MB1_23964,MB1,23964,2019-12-01,0.4440284,0
MB1_24077,MB1,24077,2019-12-01,0.6023784,0
MB1_24174,MB1,24174,2019-12-01,0.43627298,0
MB1_24242,MB1,24242,2019-12-01,0.4314891,0
MB1_24349,MB1,24349,2019-12-01,0.42199188,0
MB1_24397,MB1,24397,2019-12-01,0.43021542,0
MB1_24716,MB1,24716,2019-12-01,0.5800923,0
MB1_24732,MB1,24732,2019-12-01,0.447061,0
MB1_24744,MB1,24744,2019-12-01,0.42124766,0
MB1_24753,MB1,24753,2019-12-01,0.40670627,0
MB1_24984,MB1,24984,2019-12-01,0.48454648,0
MB1_25631,MB1,25631,2019-12-01,0.0029946123,0
MB1_25787,MB1,25787,2019-12-01,0.574415,0
MB1_25895,MB1,25895,2019-12-01,0.13171817,0
MB1_26017,MB1,26017,2019-12-01,0.4212571,0
MB1_26090,MB1,26090,2019-08-31,0.48444378,0
MB1_26262,MB1,26262,2019-12-01,0.44701412,0
MB1_26377,MB1,26377,2019-09-17,0.46266168,0
MB1_26428,MB1,26428,2019-11-17,0.4636563,0
MB1_26594,MB1,26594,2019-07-21,0.4998265,0
MB1_26693,MB1,26693,2019-11-17,0.40445855,0
MB1_26709,MB1,26709,2019-11-17,0.47698927,0
MB1_26740,MB1,26740,2019-12-01,0.3966659,0
MB1_27524,MB1,27524,2019-12-01,0.42434826,0
MB1_27719,MB1,27719,2019-12-01,0.39598843,0
MB1_27822,MB1,27822,2019-12-01,0.43014598,0
MB1_27879,MB1,27879,2019-12-01,0.43121782,0
MB1_27990,MB1,27990,2019-12-01,0.40665883,0
MB1_28263,MB1,28263,2019-12-01,0.14407557,0
MB1_28270,MB1,28270,2019-12-01,0.14409037,0
MB1_28319,MB1,28319,2019-11-17,0.39886948,0
MB1_28565,MB1,28565,2019-12-01,0.588424,0
MB1_2861,MB1,2861,2019-12-01,0.5728406,0
MB1_28674,MB1,28674,2019-12-01,0.42563474,0
MB1_28744,MB1,28744,2019-12-01,0.5722772,0
MB1_28746,MB1,28746,2019-12-01,0.5722772,0
MB1_28810,MB1,28810,2019-12-01,0.6009047,0
MB1_28871,MB1,28871,2019-12-01,0.5481948,0
MB1_29057,MB1,29057,2019-12-01,0.5944825,0
MB1_29093,MB1,29093,2019-12-01,0.4385991,0
MB1_2926,MB1,2926,2019-12-01,0.427613,0
MB1_29360,MB1,29360,2019-12-01,0.565856,0
MB1_29564,MB1,29564,2019-12-01,0.4675798,0
MB1_29723,MB1,29723,2019-12-01,0.656153,0
MB1_29725,MB1,29725,2019-12-01,0.43534812,0
MB1_29768,MB1,29768,2019-12-01,0.46126455,0
MB1_29826,MB1,29826,2019-12-01,0.13165374,0
MB1_299,MB1,299,2019-12-01,0.4031163,0
MB1_3016,MB1,3016,2019-09-19,0.4260885,1
MB1_30359,MB1,30359,2019-12-01,0.4547071,0
MB1_3041,MB1,3041,2019-12-01,0.42704365,0
MB1_30501,MB1,30501,2019-12-01,0.4308612,0
MB1_30636,MB1,30636,2019-12-01,0.45742783,0
MB1_3073,MB1,3073,2019-11-01,0.023098033,0
MB1_30771,MB1,30771,2019-11-17,0.4626916,0
MB1_30807,MB1,30807,2019-12-01,0.445836,0
MB1_3085,MB1,3085,2019-12-01,0.4243662,0
MB1_30913,MB1,30913,2019-10-15,0.46671337,0
MB1_31316,MB1,31316,2019-11-17,0.43317062,0
MB1_31675,MB1,31675,2019-12-01,0.40034786,0
MB1_31964,MB1,31964,2019-12-01,0.1458535,0
MB1_32058,MB1,32058,2019-12-01,0.4272115,0
MB1_32097,MB1,32097,2019-12-01,0.43021914,0
MB1_32403,MB1,32403,2019-12-01,0.42123473,0
MB1_32673,MB1,32673,2019-12-01,0.56631905,0
MB1_32694,MB1,32694,2018-08-13,0.66986614,1
MB1_32784,MB1,32784,2019-12-01,0.42270195,0
MB1_32832,MB1,32832,2019-12-01,0.42123392,0
MB1_33152,MB1,33152,2019-12-01,0.4219743,0
MB1_33369,MB1,33369,2019-12-01,0.4313121,0
MB1_33456,MB1,33456,2019-12-01,0.5993262,0
MB1_33535,MB1,33535,2019-12-01,0.43656734,0
MB1_33555,MB1,33555,2019-12-01,0.40664783,0
MB1_33809,MB1,33809,2019-12-01,0.4031373,0
MB1_33998,MB1,33998,2019-04-27,0.48376048,0
MB1_34095,MB1,34095,2019-12-01,0.44924662,0
MB1_34394,MB1,34394,2019-12-01,0.42124918,0
MB1_34491,MB1,34491,2019-12-01,0.39456138,0
MB1_34527,MB1,34527,2019-12-01,0.4301479,0
MB1_34537,MB1,34537,2019-12-01,0.1411168,0
MB1_34775,MB1,34775,2019-12-01,0.45743263,0
MB1_34877,MB1,34877,2019-12-01,0.42371517,0
MB1_35374,MB1,35374,2019-12-01,0.42883703,0
MB1_35434,MB1,35434,2019-12-01,0.3903097,0
MB1_35469,MB1,35469,2019-12-01,0.4441517,0
MB1_35471,MB1,35471,2019-12-01,0.44415137,0
MB1_35715,MB1,35715,2019-12-01,0.44215402,0
MB1_35719,MB1,35719,2019-12-01,0.54765314,0
MB1_35722,MB1,35722,2019-12-01,0.5476337,0
MB1_35789,MB1,35789,2019-09-23,0.4651604,1
MB1_35933,MB1,35933,2019-12-01,0.4248707,0
MB1_36069,MB1,36069,2019-12-01,0.54797953,0
MB1_36131,MB1,36131,2019-12-01,0.4243298,0
MB1_3645,MB1,3645,2018-05-23,0.65884113,1
MB1_36656,MB1,36656,2019-12-01,0.42672762,0
MB1_368,MB1,368,2019-12-19,0.38337862,1
MB1_36858,MB1,36858,2019-11-22,0.43474102,0
MB1_36904,MB1,36904,2019-12-01,0.45808068,0
MB1_37033,MB1,37033,2019-12-01,0.42487594,0
MB1_37058,MB1,37058,2019-12-01,0.3949051,0
MB1_37528,MB1,37528,2019-12-01,0.5043522,0
MB1_37557,MB1,37557,2019-11-17,0.092112385,0
MB1_37681,MB1,37681,2019-12-01,0.42196327,0
MB1_37894,MB1,37894,2019-12-01,0.43457782,0
MB1_38182,MB1,38182,2019-12-01,0.39487,0
MB1_38228,MB1,38228,2019-12-01,0.39486256,0
MB1_38323,MB1,38323,2019-12-01,0.57763964,0
MB1_38464,MB1,38464,2019-12-01,0.4212679,0
MB1_38522,MB1,38522,2019-12-01,0.39486206,0
MB1_386,MB1,386,2019-12-01,0.57835704,0
MB1_38681,MB1,38681,2019-12-18,0.38372687,1
MB1_38806,MB1,38806,2019-12-01,0.6595534,0
MB1_38913,MB1,38913,2019-12-01,0.4235981,0
MB1_39111,MB1,39111,2019-12-01,0.45630255,0
MB1_39190,MB1,39190,2019-12-01,0.42728955,0
MB1_39277,MB1,39277,2019-12-01,0.42475066,0
MB1_39569,MB1,39569,2019-12-01,0.65618557,0
MB1_39678,MB1,39678,2019-12-01,0.42197567,0
MB1_39853,MB1,39853,2019-12-01,0.4473375,0
MB1_40234,MB1,40234,2019-12-01,0.4311999,0
MB1_40269,MB1,40269,2019-12-01,0.0044377833,0
MB1_40294,MB1,40294,2019-12-01,0.45741168,0
MB1_40320,MB1,40320,2019-12-01,0.57758504,0
MB1_4050,MB1,4050,2019-11-05,0.60762125,0
MB1_40640,MB1,40640,2019-12-01,0.47552645,0
MB1_41011,MB1,41011,2019-12-01,0.5493549,0
MB1_41019,MB1,41019,2019-12-01,0.29070267,0
MB1_41464,MB1,41464,2019-12-01,0.40377963,0
MB1_41508,MB1,41508,2019-12-01,0.42056206,0
MB1_41561,MB1,41561,2019-12-01,0.42485636,0
MB1_41572,MB1,41572,2019-12-01,0.66870475,0
MB1_41699,MB1,41699,2019-12-01,0.43034092,0
MB1_42092,MB1,42092,2019-12-01,0.58016217,0
MB1_42558,MB1,42558,2019-08-25,0.5101881,0
MB1_42648,MB1,42648,2019-12-01,0.3948908,0
MB1_42807,MB1,42807,2019-12-01,0.585505,0
MB1_42878,MB1,42878,2019-12-01,0.42934966,0
MB1_42890,MB1,42890,2019-11-17,0.43619514,0
MB1_42951,MB1,42951,2019-11-19,0.42644447,1
MB1_43070,MB1,43070,2019-11-17,0.43619195,0
MB1_43275,MB1,43275,2019-12-01,0.44567627,0
MB1_43343,MB1,43343,2019-12-01,0.5708638,0
MB1_43497,MB1,43497,2019-12-01,0.5658291,0
MB1_43541,MB1,43541,2019-12-01,0.42126492,0
MB1_43815,MB1,43815,2019-12-01,0.45711163,0
MB1_43854,MB1,43854,2019-07-21,0.48109007,0
MB1_44192,MB1,44192,2019-12-01,0.4336791,0
MB1_44264,MB1,44264,2019-12-01,0.47168514,0
MB1_44376,MB1,44376,2019-12-01,0.43781313,0
MB1_44454,MB1,44454,2019-12-01,0.403498,0
MB1_4742,MB1,4742,2019-12-01,0.40583965,0
MB1_4884,MB1,4884,2019-12-01,0.003464355,0
MB1_490,MB1,490,2019-12-01,0.43654248,0
MB1_495,MB1,495,2019-12-01,0.3959924,0
MB1_4989,MB1,4989,2019-12-01,0.39544392,0
MB1_5114,MB1,5114,2019-12-01,0.54842407,0
MB1_5215,MB1,5215,2019-12-01,0.42120114,0
MB1_5224,MB1,5224,2019-12-01,0.42120114,0
MB1_5325,MB1,5325,2019-12-01,0.4315379,0
MB1_5608,MB1,5608,2019-12-01,0.4573598,0
MB1_5689,MB1,5689,2019-12-01,0.4585116,0
MB1_5859,MB1,5859,2019-12-01,0.42854363,0
MB1_6011,MB1,6011,2019-12-01,0.45808995,0
MB1_6045,MB1,6045,2019-12-01,0.45743003,0
MB1_6187,MB1,6187,2019-11-17,0.46276245,0
MB1_6197,MB1,6197,2019-12-01,0.107528135,0
MB1_6242,MB1,6242,2019-12-01,0.10459206,0
MB1_6291,MB1,6291,2019-12-01,0.4672832,0
MB1_6462,MB1,6462,2019-12-01,0.43091074,0
MB1_6523,MB1,6523,2019-12-01,0.3867563,0
MB1_6792,MB1,6792,2019-12-01,0.44741437,0
MB1_7114,MB1,7114,2019-12-01,0.46457788,0
MB1_7121,MB1,7121,2019-12-01,0.43017545,0
MB1_717,MB1,717,2019-12-01,0.42051855,0
MB1_7203,MB1,7203,2019-12-01,0.51888824,0
MB1_7269,MB1,7269,2019-12-01,0.42479506,0
MB1_7681,MB1,7681,2019-12-01,0.5727703,0
MB1_7816,MB1,7816,2019-12-01,0.45809153,0
MB1_7888,MB1,7888,2019-08-07,0.49379718,0
MB1_8135,MB1,8135,2019-12-01,0.44404534,0
MB1_8202,MB1,8202,2019-12-01,0.40664315,0
MB1_8342,MB1,8342,2019-12-01,0.65612006,0
MB1_8631,MB1,8631,2019-12-01,0.5745419,0
MB1_8667,MB1,8667,2019-12-01,0.4205193,0
MB1_8699,MB1,8699,2019-12-01,0.46762213,0
MB1_880,MB1,880,2019-12-01,0.5771107,0
MB1_8882,MB1,8882,2019-12-01,0.49352404,0
MB1_9167,MB1,9167,2019-12-01,0.4243363,0
MB1_9253,MB1,9253,2019-12-19,0.38352957,1
MB1_9433,MB1,9433,2019-04-01,0.52518415,0
MB1_9995,MB1,9995,2019-12-01,0.420379,0
MB2_1007,MB2,1007,2019-12-01,0.39592633,0
MB2_1010,MB2,1010,2019-12-01,0.39548117,0
MB2_10216,MB2,10216,2019-02-03,0.40001443,0
MB2_10254,MB2,10254,2019-12-01,0.39941987,0
MB2_10344,MB2,10344,2019-12-01,0.29282993,0
MB2_10449,MB2,10449,2019-12-01,0.39109698,0
MB2_10741,MB2,10741,2019-12-01,0.3959936,0
MB2_11080,MB2,11080,2019-12-01,0.39575127,0
MB2_1152,MB2,1152,2019-11-17,0.3903636,0
MB2_11597,MB2,11597,2019-12-01,0.2934551,0
MB2_11746,MB2,11746,2019-12-01,0.3963543,0
MB2_11780,MB2,11780,2019-02-03,0.39904025,0
MB2_11783,MB2,11783,2019-11-29,0.42512143,0
MB2_11791,MB2,11791,2019-11-29,0.42506525,0
MB2_11842,MB2,11842,2019-12-01,0.39875984,0
MB2_11881,MB2,11881,2019-12-01,0.39830124,0
MB2_11994,MB2,11994,2019-12-01,0.3925363,0
MB2_12248,MB2,12248,2019-12-01,0.39602208,0
MB2_12490,MB2,12490,2019-12-01,0.39524877,0
MB2_12643,MB2,12643,2019-12-01,0.39176205,0
MB2_12654,MB2,12654,2019-12-01,0.3916498,0
MB2_12797,MB2,12797,2019-12-01,0.39326343,0
MB2_13026,MB2,13026,2019-12-01,0.38467458,0
MB2_13108,MB2,13108,2019-12-01,0.39521676,0
MB2_13223,MB2,13223,2019-12-01,0.3927733,0
MB2_13506,MB2,13506,2019-12-01,0.38304642,0
MB2_13523,MB2,13523,2019-07-28,0.5063252,0
MB2_13573,MB2,13573,2019-12-01,0.4008465,0
MB2_13614,MB2,13614,2019-12-01,0.29429495,0
MB2_13748,MB2,13748,2019-12-01,0.3940564,0
MB2_14010,MB2,14010,2019-12-01,0.3954429,0
MB2_14064,MB2,14064,2019-12-01,0.38588944,0
MB2_14179,MB2,14179,2019-12-01,0.3921629,0
MB2_14405,MB2,14405,2019-12-01,0.39976895,0
MB2_14595,MB2,14595,2019-11-17,0.38448048,0
MB2_14608,MB2,14608,2019-11-28,0.39193,0
MB2_14706,MB2,14706,2019-11-17,0.3907362,0
MB2_14714,MB2,14714,2019-12-01,0.39724025,0
MB2_14909,MB2,14909,2019-12-01,0.29381213,0
MB2_14912,MB2,14912,2019-12-01,0.3969406,0
MB2_14958,MB2,14958,2019-12-01,0.39965323,0
MB2_15048,MB2,15048,2019-12-01,0.32322925,0
MB2_15054,MB2,15054,2019-12-01,0.39540666,0
MB2_15223,MB2,15223,2019-12-01,0.3913395,0
MB2_15461,MB2,15461,2019-12-01,0.3909795,0
MB2_15627,MB2,15627,2019-12-01,0.39017376,0
MB2_15691,MB2,15691,2019-12-01,0.3943666,0
MB2_15709,MB2,15709,2019-11-17,0.38941443,0
MB2_15757,MB2,15757,2019-12-01,0.39531603,0
MB2_15813,MB2,15813,2019-12-01,0.39555943,0
MB2_16083,MB2,16083,2019-12-01,0.3961041,0
MB2_1621,MB2,1621,2019-12-01,0.38451132,0
MB2_16276,MB2,16276,2018-12-30,0.46060973,0
MB2_16324,MB2,16324,2019-12-01,0.3952683,0
MB2_16331,MB2,16331,2019-12-01,0.39541566,0
MB2_16529,MB2,16529,2019-12-01,0.3913723,0
MB2_16883,MB2,16883,2019-12-01,0.3964129,0
MB2_16980,MB2,16980,2019-12-01,0.39807934,0
MB2_17047,MB2,17047,2019-03-04,0.45678848,0
MB2_17087,MB2,17087,2019-12-01,0.29814604,0
MB2_17311,MB2,17311,2019-12-01,0.3956045,0
MB2_1772,MB2,1772,2019-12-01,0.39576477,0
MB2_17854,MB2,17854,2019-12-01,0.3946369,0
MB2_17997,MB2,17997,2019-12-01,0.3922841,0
MB2_18206,MB2,18206,2019-12-01,0.39116156,0
MB2_18361,MB2,18361,2019-12-01,0.3905056,0
MB2_18523,MB2,18523,2019-12-01,0.39641944,0
MB2_18717,MB2,18717,2019-01-14,0.46489418,1
MB2_19463,MB2,19463,2018-12-19,0.46143827,0
MB2_19512,MB2,19512,2019-12-01,0.39079437,0
MB2_19526,MB2,19526,2019-12-01,0.39599434,0
MB2_19695,MB2,19695,2019-12-01,0.3944602,0
MB2_19943,MB2,19943,2019-12-01,0.3949712,0
MB2_19976,MB2,19976,2019-12-01,0.29847735,0
MB2_20085,MB2,20085,2019-12-01,0.3957801,0
MB2_20110,MB2,20110,2019-12-01,0.03632234,0
MB2_20112,MB2,20112,2019-12-01,0.39813673,0
MB2_20513,MB2,20513,2018-05-22,0.548606,0
MB2_20756,MB2,20756,2019-12-01,0.38120535,0
MB2_20765,MB2,20765,2019-12-01,0.39485815,0
MB2_21082,MB2,21082,2019-12-01,0.39603966,0
MB2_21232,MB2,21232,2019-12-01,0.38803855,0
MB2_21351,MB2,21351,2019-12-01,0.3852627,0
MB2_21376,MB2,21376,2019-08-18,0.38437822,0
MB2_21621,MB2,21621,2019-12-01,0.39082164,0
MB2_21705,MB2,21705,2019-12-01,0.39396712,0
MB2_21875,MB2,21875,2019-11-17,0.38978535,0
MB2_21887,MB2,21887,2019-12-01,0.3881277,0
MB2_21925,MB2,21925,2019-12-01,0.39649206,0
MB2_21928,MB2,21928,2019-12-01,0.39580354,0
MB2_22059,MB2,22059,2019-12-01,0.38292235,0
MB2_22417,MB2,22417,2019-12-01,0.39837682,0
MB2_22765,MB2,22765,2019-12-01,0.38269198,0
MB2_22870,MB2,22870,2019-12-01,0.39083406,0
MB2_23010,MB2,23010,2019-06-10,0.38416478,0
MB2_23032,MB2,23032,2019-12-01,0.39860982,0
MB2_23085,MB2,23085,2019-12-01,0.38437298,0
MB2_23111,MB2,23111,2019-12-01,0.26138872,0
MB2_2326,MB2,2326,2019-12-01,0.39663473,0
MB2_23281,MB2,23281,2019-12-01,0.39134607,0
MB2_23444,MB2,23444,2019-12-01,0.3930678,0
MB2_23530,MB2,23530,2019-12-01,0.40150458,0
MB2_23673,MB2,23673,2019-12-01,0.39960405,0
MB2_23830,MB2,23830,2019-12-01,0.3884286,0
MB2_23861,MB2,23861,2019-08-06,0.3813404,0
MB2_2399,MB2,2399,2019-12-01,0.38721722,0
MB2_24146,MB2,24146,2019-12-01,0.39702803,0
MB2_24199,MB2,24199,2019-12-01,0.3962624,0
MB2_24295,MB2,24295,2019-12-01,0.39396515,0
MB2_24370,MB2,24370,2019-12-01,0.39840811,0
MB2_24457,MB2,24457,2019-12-01,0.38362083,0
MB2_24478,MB2,24478,2019-12-01,0.38984784,0
MB2_2458,MB2,2458,2019-12-01,0.39490142,0
MB2_24604,MB2,24604,2019-12-01,0.39902416,0
MB2_24621,MB2,24621,2019-12-01,0.3958779,0
MB2_24985,MB2,24985,2018-06-10,0.54500914,0
MB2_25089,MB2,25089,2019-12-01,0.39611858,0
MB2_25264,MB2,25264,2019-12-01,0.38435942,0
MB2_25561,MB2,25561,2019-12-01,0.3929633,0
MB2_25920,MB2,25920,2019-12-01,0.39564738,0
MB2_26031,MB2,26031,2019-12-01,0.4692872,0
MB2_26058,MB2,26058,2019-12-01,0.45445326,0
MB2_2635,MB2,2635,2019-11-17,0.003063912,0
MB2_2639,MB2,2639,2019-12-01,0.38795528,0
MB2_26403,MB2,26403,2019-12-01,0.3890396,0
MB2_26450,MB2,26450,2019-12-01,0.3931581,0
MB2_26467,MB2,26467,2019-12-01,0.39066017,0
MB2_26587,MB2,26587,2019-01-28,0.39864254,0
MB2_26976,MB2,26976,2019-12-01,0.39735916,0
MB2_27285,MB2,27285,2019-12-01,0.39662656,0
MB2_27539,MB2,27539,2019-12-01,0.39499453,0
MB2_2754,MB2,2754,2019-12-01,0.39509597,0
MB2_2776,MB2,2776,2019-12-01,0.3911603,0
MB2_28034,MB2,28034,2019-01-14,0.46486047,1
MB2_2827,MB2,2827,2019-12-01,0.3962688,0
MB2_28310,MB2,28310,2019-09-22,0.38670424,0
MB2_28704,MB2,28704,2019-12-01,0.39446187,0
MB2_2944,MB2,2944,2019-12-01,0.39605376,0
MB2_29694,MB2,29694,2019-12-01,0.39551216,0
MB2_29775,MB2,29775,2019-12-01,0.39409006,0
MB2_29818,MB2,29818,2019-12-01,0.3949743,0
MB2_29851,MB2,29851,2019-12-01,0.39968082,0
MB2_30354,MB2,30354,2019-12-01,0.57378477,0
MB2_30546,MB2,30546,2019-11-17,0.3010279,0
MB2_30616,MB2,30616,2019-07-22,0.39794606,0
MB2_3065,MB2,3065,2019-12-01,0.39597934,0
MB2_30694,MB2,30694,2019-12-01,0.398736,0
MB2_30735,MB2,30735,2019-12-01,0.38508335,0
MB2_3080,MB2,3080,2019-12-01,0.39506608,0
MB2_3086,MB2,3086,2019-11-17,0.4064461,0
MB2_30930,MB2,30930,2019-12-01,0.39835984,0
MB2_31177,MB2,31177,2019-12-01,0.3905534,0
MB2_31287,MB2,31287,2019-12-01,0.39621183,0
MB2_31349,MB2,31349,2019-12-01,0.3910912,0
MB2_31460,MB2,31460,2019-11-17,0.39342722,0
MB2_31662,MB2,31662,2019-12-01,0.29934683,0
MB2_31866,MB2,31866,2019-12-01,0.39431253,0
MB2_32162,MB2,32162,2019-12-01,0.38206926,0
MB2_32210,MB2,32210,2019-12-01,0.38535407,0
MB2_3223,MB2,3223,2018-05-13,0.49986878,0
MB2_32395,MB2,32395,2019-12-01,0.38244146,0
MB2_3254,MB2,3254,2019-12-01,0.3938835,0
MB2_33155,MB2,33155,2019-12-01,0.39132014,0
MB2_33378,MB2,33378,2019-12-01,0.39543173,0
MB2_34001,MB2,34001,2019-12-01,0.3953837,0
MB2_34050,MB2,34050,2019-12-01,0.38231474,0
MB2_34057,MB2,34057,2019-12-01,0.39444003,0
MB2_34119,MB2,34119,2019-12-01,0.39092857,0
MB2_34204,MB2,34204,2019-12-01,0.39532825,0
MB2_34253,MB2,34253,2019-12-01,0.3889191,0
MB2_34260,MB2,34260,2019-12-01,0.39667258,0
MB2_34272,MB2,34272,2019-12-01,0.39490053,0
MB2_34344,MB2,34344,2019-12-01,0.39228743,0
MB2_34407,MB2,34407,2019-12-01,0.3964416,0
MB2_34753,MB2,34753,2018-11-28,0.4005983,0
MB2_34876,MB2,34876,2018-05-20,0.4583631,0
MB2_34909,MB2,34909,2019-12-01,0.39389798,0
MB2_35009,MB2,35009,2019-12-01,0.39506343,0
MB2_35100,MB2,35100,2019-09-11,0.39562836,0
MB2_35339,MB2,35339,2019-12-01,0.39726883,0
MB2_35357,MB2,35357,2019-12-01,0.39053914,0
MB2_35515,MB2,35515,2019-12-01,0.3967354,0
MB2_35661,MB2,35661,2019-12-01,0.38229036,0
MB2_35829,MB2,35829,2018-11-22,0.47480887,0
MB2_35847,MB2,35847,2019-12-01,0.23236935,0
MB2_35985,MB2,35985,2019-12-01,0.39104354,0
MB2_36015,MB2,36015,2019-12-01,0.3944272,0
MB2_36047,MB2,36047,2019-11-30,2.6676289e-05,0
MB2_36183,MB2,36183,2019-11-17,0.39439708,0
MB2_36812,MB2,36812,2019-12-01,0.39396003,0
MB2_37305,MB2,37305,2019-04-14,0.44110692,1
MB2_37451,MB2,37451,2019-12-01,0.3985277,0
MB2_37471,MB2,37471,2019-12-01,0.384474,0
MB2_37552,MB2,37552,2019-12-01,0.39899704,0
MB2_37863,MB2,37863,2019-12-01,0.39626473,0
MB2_37965,MB2,37965,2019-12-01,0.39073235,0
MB2_3810,MB2,3810,2019-12-01,0.39821473,0
MB2_38118,MB2,38118,2019-12-01,0.39626583,0
MB2_38234,MB2,38234,2018-10-18,0.49271575,0
MB2_38417,MB2,38417,2019-11-17,0.39341635,0
MB2_38472,MB2,38472,2019-12-01,0.39609778,0
MB2_38731,MB2,38731,2019-12-01,0.38786635,0
MB2_38907,MB2,38907,2019-12-01,0.3952373,0
MB2_38992,MB2,38992,2019-12-01,0.3978091,0
MB2_39195,MB2,39195,2019-12-01,0.39813235,0
MB2_39231,MB2,39231,2019-12-01,0.3962911,0
MB2_39784,MB2,39784,2019-12-01,0.382641,0
MB2_39910,MB2,39910,2019-12-01,0.39504126,0
MB2_39949,MB2,39949,2019-12-01,0.3967017,0
MB2_3995,MB2,3995,2019-12-01,0.39547423,0
MB2_40323,MB2,40323,2019-12-01,0.3935068,0
MB2_40397,MB2,40397,2019-12-01,0.38711986,0
MB2_40478,MB2,40478,2019-12-01,0.39579645,0
MB2_40487,MB2,40487,2019-12-01,0.39579645,0
MB2_40506,MB2,40506,2019-12-01,0.38714114,0
MB2_4084,MB2,4084,2019-12-01,0.2540824,0
MB2_40865,MB2,40865,2019-12-01,0.3906683,0
MB2_41066,MB2,41066,2019-12-01,0.39839923,0
MB2_41238,MB2,41238,2019-12-01,0.3995493,0
MB2_4126,MB2,4126,2019-12-01,0.40605626,0
MB2_41293,MB2,41293,2019-12-01,0.3998852,0
MB2_41450,MB2,41450,2018-04-17,0.56766,0
MB2_41453,MB2,41453,2018-04-17,0.56766,0
MB2_41497,MB2,41497,2019-07-07,0.3957901,0
MB2_41631,MB2,41631,2019-12-01,0.38456702,0
MB2_41870,MB2,41870,2019-12-01,0.3991313,0
MB2_42004,MB2,42004,2019-10-31,0.4815985,0
MB2_42102,MB2,42102,2019-12-01,0.3939285,0
MB2_42229,MB2,42229,2019-12-01,0.39538625,0
MB2_4228,MB2,4228,2019-12-01,0.38978136,0
MB2_42601,MB2,42601,2019-12-01,0.39366266,0
MB2_42710,MB2,42710,2019-12-01,0.39266127,0
MB2_42737,MB2,42737,2018-12-19,0.3811159,0
MB2_43070,MB2,43070,2019-12-01,0.39539188,0
MB2_4322,MB2,4322,2019-12-01,0.39621988,0
MB2_43356,MB2,43356,2019-12-01,0.39117715,0
MB2_43384,MB2,43384,2019-12-01,0.30426726,0
MB2_43406,MB2,43406,2019-12-01,0.38955697,0
MB2_43429,MB2,43429,2019-12-01,0.48060122,0
MB2_43433,MB2,43433,2019-12-01,0.3875531,0
MB2_43518,MB2,43518,2019-12-01,0.38815418,0
MB2_43592,MB2,43592,2019-12-01,0.3911905,0
MB2_43601,MB2,43601,2019-11-17,0.39763817,0
MB2_43603,MB2,43603,2019-10-20,0.3842287,0
MB2_43636,MB2,43636,2019-12-01,0.38427472,0
MB2_43757,MB2,43757,2019-12-01,0.39504007,0
MB2_43800,MB2,43800,2019-12-01,0.39557642,0
MB2_4390,MB2,4390,2019-12-01,0.39422092,0
MB2_44201,MB2,44201,2018-05-13,0.51874334,1
MB2_44298,MB2,44298,2019-11-04,0.38757783,0
MB2_44378,MB2,44378,2019-12-01,0.3982584,0
MB2_44426,MB2,44426,2019-12-01,0.38371632,0
MB2_44730,MB2,44730,2019-12-01,0.42932814,0
MB2_44737,MB2,44737,2019-12-01,0.39835852,0
MB2_44865,MB2,44865,2019-12-01,0.3810481,0
MB2_45011,MB2,45011,2019-12-01,0.3959043,0
MB2_45627,MB2,45627,2019-11-05,0.39885014,0
MB2_45805,MB2,45805,2019-12-01,0.3937234,0
MB2_45923,MB2,45923,2019-12-01,0.39115068,0
MB2_460,MB2,460,2019-12-01,0.39182308,0
MB2_46139,MB2,46139,2019-12-01,0.39400503,0
MB2_46258,MB2,46258,2019-12-01,0.39219558,0
MB2_46343,MB2,46343,2019-12-01,0.38838586,0
MB2_46417,MB2,46417,2018-10-18,0.44116873,0
MB2_46917,MB2,46917,2019-12-01,0.38299647,0
MB2_46920,MB2,46920,2019-12-01,0.38299635,0
MB2_47057,MB2,47057,2019-12-01,0.3951196,0
MB2_47105,MB2,47105,2019-12-01,0.38193995,0
MB2_47316,MB2,47316,2019-12-01,0.39407375,0
MB2_47414,MB2,47414,2019-12-01,0.39608356,0
MB2_47529,MB2,47529,2019-12-01,0.3885979,0
MB2_47779,MB2,47779,2019-12-01,0.3860227,0
MB2_47997,MB2,47997,2019-11-17,0.3902082,0
MB2_48133,MB2,48133,2018-06-27,0.50374854,0
MB2_48276,MB2,48276,2019-12-01,0.39580646,0
MB2_48539,MB2,48539,2019-12-01,0.003157905,0
MB2_48785,MB2,48785,2019-12-01,0.3927379,0
MB2_49012,MB2,49012,2019-12-01,0.39242935,0
MB2_49050,MB2,49050,2019-12-01,0.39666215,0
MB2_49053,MB2,49053,2019-12-01,0.39666215,0
MB2_5038,MB2,5038,2019-12-01,0.39880547,0
MB2_526,MB2,526,2019-12-01,0.39344612,0
MB2_5447,MB2,5447,2019-12-01,0.3957172,0
MB2_5563,MB2,5563,2019-11-17,0.39037532,0
MB2_5569,MB2,5569,2019-11-17,0.39037532,0
MB2_5803,MB2,5803,2019-11-17,0.26858208,0
MB2_5846,MB2,5846,2019-12-01,0.39851785,0
MB2_6058,MB2,6058,2019-12-01,0.39581355,0
MB2_6097,MB2,6097,2019-12-01,0.39633125,0
MB2_6285,MB2,6285,2018-07-09,0.3835528,1
MB2_6591,MB2,6591,2019-12-01,0.39619678,0
MB2_6818,MB2,6818,2019-12-01,0.39580017,0
MB2_691,MB2,691,2019-12-01,0.3822181,0
MB2_6936,MB2,6936,2019-12-01,0.32857803,0
MB2_6990,MB2,6990,2019-12-01,0.39406633,0
MB2_7073,MB2,7073,2019-12-01,0.3832846,0
MB2_7090,MB2,7090,2019-12-01,0.3981577,0
MB2_7153,MB2,7153,2019-11-17,0.3945512,0
MB2_7372,MB2,7372,2018-12-02,0.39441094,0
MB2_760,MB2,760,2019-12-01,0.38705942,0
MB2_7668,MB2,7668,2019-12-01,0.39968675,0
MB2_7704,MB2,7704,2019-12-01,0.38371336,0
MB2_781,MB2,781,2019-12-01,0.39523718,0
MB2_7888,MB2,7888,2019-12-01,0.39647833,0
MB2_7910,MB2,7910,2019-12-01,0.39487532,0
MB2_8069,MB2,8069,2019-12-01,0.3830446,0
MB2_83,MB2,83,2019-12-01,0.39581302,0
MB2_8331,MB2,8331,2019-11-27,0.39565605,0
MB2_834,MB2,834,2019-12-01,0.38583252,0
MB2_8372,MB2,8372,2019-12-01,0.39354098,0
MB2_8473,MB2,8473,2019-12-01,0.3939576,0
MB2_8474,MB2,8474,2019-12-01,0.3939576,0
MB2_8500,MB2,8500,2019-12-01,0.39343083,0
MB2_8548,MB2,8548,2019-12-01,0.48950556,0
MB2_8739,MB2,8739,2019-12-01,0.3770583,0
MB2_8772,MB2,8772,2019-12-01,0.3886108,0
MB2_8823,MB2,8823,2019-12-01,0.3923873,0
MB2_8851,MB2,8851,2019-12-01,0.39825544,0
MB2_8868,MB2,8868,2019-12-01,0.3991162,0
MB2_9019,MB2,9019,2019-12-01,0.38124737,0
MB2_9036,MB2,9036,2019-12-01,0.39123106,0
MB2_9268,MB2,9268,2019-12-01,0.39651182,0
MB2_9292,MB2,9292,2019-12-01,0.39620563,0
MB2_9525,MB2,9525,2019-12-01,0.3841077,0
MB2_972,MB2,972,2019-12-01,0.414249,0
