drive_id,model,disk_id,windows,positive_windows,max_probability,mean_probability,first_probability,last_probability,drive_label
MA1_32265,MA1,32265,403,0,0.49389693,0.49389693,0.49389693,0.49389693,0
MA2_71463,MA2,71463,671,0,0.49389693,0.49389693,0.49389693,0.49389693,0
MA1_13503,MA1,13503,671,0,0.49389693,0.49389693,0.49389693,0.49389693,0
MA2_78557,MA2,78557,635,0,0.49389693,0.49389693,0.49389693,0.49389693,0
MA2_94171,MA2,94171,631,0,0.49389693,0.49389693,0.49389693,0.49389693,0
MA1_13822,MA1,13822,523,0,0.49389693,0.49389696,0.49389693,0.49389693,0
MA1_8956,MA1,8956,242,30,0.49389693,0.49389693,0.49389693,0.49389693,1
MA2_29305,MA2,29305,635,0,0.49389693,0.49389693,0.49389693,0.49389693,0
MA2_61088,MA2,61088,430,0,0.49389693,0.49389693,0.49389693,0.49389693,0
MA2_105955,MA2,105955,635,0,0.49389693,0.49389693,0.49389693,0.49389693,0
MA2_23592,MA2,23592,293,0,0.49389693,0.49389696,0.49389693,0.49389693,0
MA2_97223,MA2,97223,663,0,0.49389693,0.49389693,0.49389693,0.49389693,0
MA2_39124,MA2,39124,459,0,0.49389693,0.49389693,0.49389693,0.49389693,0
MA2_2582,MA2,2582,635,0,0.49389693,0.49389693,0.49389693,0.49389693,0
MA2_92708,MA2,92708,635,0,0.49389693,0.49389693,0.49389693,0.49389693,0
MA2_28292,MA2,28292,671,0,0.49389693,0.49389693,0.49389693,0.49389693,0
MA2_75485,MA2,75485,671,0,0.49389693,0.49389693,0.49389693,0.49389693,0
MA2_35892,MA2,35892,595,0,0.49389693,0.49389693,0.49389693,0.49389693,0
MA2_96506,MA2,96506,586,0,0.49389693,0.49389696,0.49389693,0.49389693,0
MA1_39296,MA1,39296,635,0,0.49389693,0.49389693,0.49389693,0.49389693,0
MA1_27229,MA1,27229,403,0,0.49389693,0.49389693,0.49389693,0.49389693,0
MA2_53569,MA2,53569,633,0,0.49389693,0.49389693,0.49389693,0.49389693,0
MA2_81507,MA2,81507,664,0,0.49389693,0.49389693,0.49389693,0.49389693,0
MA2_68493,MA2,68493,659,0,0.0,0.0,0.0,0.0,0
MA2_77526,MA2,77526,457,0,0.49389693,0.49389693,0.49389693,0.49389693,0
MA2_117436,MA2,117436,671,0,0.49389693,0.49389693,0.49389693,0.49389693,0
MA2_28356,MA2,28356,364,0,0.49389693,0.49389693,0.49389693,0.49389693,0
MA2_98052,MA2,98052,670,0,0.49389693,0.49389693,0.49389693,0.49389693,0
MA2_90502,MA2,90502,631,0,0.49389693,0.49389693,0.49389693,0.49389693,0
MA2_101430,MA2,101430,671,0,0.49389693,0.49389693,0.49389693,0.49389693,0
MA2_52063,MA2,52063,458,0,0.49389693,0.49389693,0.49389693,0.49389693,0
MA2_34465,MA2,34465,671,0,0.49389693,0.49389693,0.49389693,0.49389693,0
MA2_78625,MA2,78625,635,0,0.49389693,0.49389693,0.49389693,0.49389693,0
MA1_35122,MA1,35122,671,0,0.49389693,0.49389693,0.49389693,0.49389693,0
MA2_29104,MA2,29104,635,0,0.49389693,0.49389693,0.49389693,0.49389693,0
MA1_10021,MA1,10021,278,0,0.49389693,0.49389693,0.49389693,0.49389693,0
MA1_5085,MA1,5085,635,0,0.49389693,0.49389693,0.49389693,0.49389693,0
MA2_95676,MA2,95676,671,0,0.49389693,0.49389693,0.49389693,0.49389693,0
MA1_42931,MA1,42931,671,0,0.49389693,0.49389693,0.49389693,0.49389693,0
MA2_98559,MA2,98559,460,0,0.49389693,0.4938969,0.49389693,0.49389693,0
MA2_21981,MA2,21981,671,0,0.49389693,0.49389693,0.49389693,0.49389693,0
MA2_83229,MA2,83229,657,0,0.49389693,0.49389696,0.49389693,0.49389693,0
MA2_33850,MA2,33850,624,0,0.49389693,0.49389693,0.49389693,0.49389693,0
MA2_50253,MA2,50253,671,0,0.49389693,0.49389693,0.49389693,0.49389693,0
MA1_18069,MA1,18069,671,0,0.68235797,0.66891086,0.5915273,0.65562683,0
MA2_32564,MA2,32564,491,0,0.49389693,0.49389693,0.49389693,0.49389693,0
MA2_87395,MA2,87395,407,0,0.49389693,0.49389693,0.49389693,0.49389693,0
MA2_62211,MA2,62211,277,0,0.49389693,0.49389693,0.49389693,0.49389693,0
MA1_15976,MA1,15976,635,0,0.49389693,0.49389693,0.49389693,0.49389693,0
MA2_49118,MA2,49118,635,0,0.49389693,0.49389693,0.49389693,0.49389693,0
MA1_15242,MA1,15242,671,0,0.49389693,0.49389693,0.49389693,0.49389693,0
MA2_72243,MA2,72243,671,0,0.49389693,0.49389693,0.49389693,0.49389693,0
MA1_15402,MA1,15402,431,0,0.49389693,0.49389693,0.49389693,0.49389693,0
MA1_2859,MA1,2859,6,0,0.49389693,0.49389693,0.49389693,0.49389693,0
MA1_1622,MA1,1622,671,0,0.49389693,0.49389693,0.49389693,0.49389693,0
MA2_39862,MA2,39862,671,0,0.49389693,0.49389693,0.49389693,0.49389693,0
MA2_101480,MA2,101480,671,0,0.49389693,0.49389693,0.49389693,0.49389693,0
MA1_40766,MA1,40766,671,0,0.49389693,0.49389693,0.49389693,0.49389693,0
MA2_22223,MA2,22223,635,0,0.49389693,0.49389693,0.49389693,0.49389693,0
MA2_81987,MA2,81987,117,0,0.49389693,0.49389693,0.49389693,0.49389693,0
MA1_9559,MA1,9559,118,0,0.49389693,0.49389693,0.49389693,0.49389693,0
MA1_36290,MA1,36290,671,0,0.49389693,0.49389693,0.49389693,0.49389693,0
MA2_25060,MA2,25060,671,0,0.49389693,0.49389693,0.49389693,0.49389693,0
MA2_44617,MA2,44617,657,0,0.49389693,0.49389696,0.49389693,0.49389693,0
MA2_107208,MA2,107208,671,0,0.49389693,0.49389693,0.49389693,0.49389693,0
MA2_26865,MA2,26865,671,0,0.49389693,0.49389693,0.49389693,0.49389693,0
MA1_9400,MA1,9400,671,0,0.49389693,0.49389693,0.49389693,0.49389693,0
MA2_60549,MA2,60549,671,0,0.49389693,0.49389693,0.49389693,0.49389693,0
MA2_24883,MA2,24883,671,0,0.49389693,0.49389693,0.49389693,0.49389693,0
MA2_15810,MA2,15810,671,0,0.49389693,0.49389693,0.49389693,0.49389693,0
MA2_84558,MA2,84558,635,0,0.49389693,0.49389693,0.49389693,0.49389693,0
MA2_55923,MA2,55923,635,0,0.49389693,0.49389693,0.49389693,0.49389693,0
MA2_45232,MA2,45232,501,0,0.49389693,0.49389693,0.49389693,0.49389693,0
MA2_118698,MA2,118698,645,0,0.49389693,0.4938969,0.49389693,0.49389693,0
MA2_114218,MA2,114218,458,0,0.49389693,0.49389693,0.49389693,0.49389693,0
MA2_90560,MA2,90560,468,0,0.49389693,0.49389693,0.49389693,0.49389693,0
MA2_61361,MA2,61361,671,0,0.49389693,0.49389693,0.49389693,0.49389693,0
MA2_43784,MA2,43784,671,0,0.49389693,0.49389693,0.49389693,0.49389693,0
MA2_77829,MA2,77829,657,0,0.49389693,0.49389696,0.49389693,0.49389693,0
MA1_22473,MA1,22473,278,0,0.49389693,0.49389693,0.49389693,0.49389693,0
MA2_48327,MA2,48327,313,0,0.49389693,0.49389693,0.49389693,0.49389693,0
MA2_116895,MA2,116895,671,0,0.49389693,0.49389693,0.49389693,0.49389693,0
MA2_67142,MA2,67142,174,0,0.49389693,0.49389693,0.49389693,0.49389693,0
MA1_21256,MA1,21256,635,0,0.49389693,0.49389693,0.49389693,0.49389693,0
MA2_59441,MA2,59441,671,0,0.49389693,0.49389693,0.49389693,0.49389693,0
MA2_15342,MA2,15342,671,0,0.49389693,0.49389693,0.49389693,0.49389693,0
MA1_38162,MA1,38162,671,0,0.49389693,0.49389693,0.49389693,0.49389693,0
MA2_73167,MA2,73167,671,0,0.49389693,0.49389693,0.49389693,0.49389693,0
MA2_109140,MA2,109140,671,0,0.49389693,0.49389693,0.49389693,0.49389693,0
MA2_48267,MA2,48267,469,0,0.49389693,0.49389693,0.49389693,0.49389693,0
MA2_103879,MA2,103879,671,0,0.49389693,0.49389693,0.49389693,0.49389693,0
MA2_94000,MA2,94000,671,0,0.49389693,0.49389693,0.49389693,0.49389693,0
MA2_85206,MA2,85206,671,0,0.49389693,0.49389693,0.49389693,0.49389693,0
MA2_105444,MA2,105444,635,0,0.49389693,0.49389693,0.49389693,0.49389693,0
MA1_16251,MA1,16251,671,0,0.49389693,0.49389693,0.49389693,0.49389693,0
MA1_23610,MA1,23610,671,0,0.49389693,0.49389693,0.49389693,0.49389693,0
MA1_19536,MA1,19536,329,0,0.49389693,0.49389696,0.49389693,0.49389693,0
MA2_23258,MA2,23258,671,0,0.49389693,0.49389693,0.49389693,0.49389693,0
MA2_40686,MA2,40686,308,0,0.49389693,0.49389693,0.49389693,0.49389693,0
MA2_100157,MA2,100157,671,0,0.49389693,0.49389693,0.49389693,0.49389693,0
MA2_91530,MA2,91530,671,0,0.49389693,0.49389693,0.49389693,0.49389693,0
MA2_53397,MA2,53397,364,0,0.49389693,0.49389693,0.49389693,0.49389693,0
MA1_35885,MA1,35885,671,0,0.49389693,0.49389693,0.49389693,0.49389693,0
MA2_34808,MA2,34808,273,0,0.49389693,0.49389693,0.49389693,0.49389693,0
MA2_83479,MA2,83479,635,0,0.49389693,0.49389693,0.49389693,0.49389693,0
MA1_14693,MA1,14693,671,0,0.49389693,0.49389693,0.49389693,0.49389693,0
MA2_109077,MA2,109077,635,0,0.49389693,0.49389693,0.49389693,0.49389693,0
MA2_112047,MA2,112047,671,0,0.49389693,0.49389693,0.49389693,0.49389693,0
MA2_75708,MA2,75708,671,0,0.49389693,0.49389693,0.49389693,0.49389693,0
MA1_41230,MA1,41230,671,0,0.49389693,0.49389693,0.49389693,0.49389693,0
MA2_70571,MA2,70571,489,0,0.49389693,0.49389693,0.49389693,0.49389693,0
MA2_32190,MA2,32190,551,0,0.49389693,0.49389693,0.49389693,0.49389693,0
MA1_9836,MA1,9836,671,0,0.49389693,0.49389693,0.49389693,0.49389693,0
MA2_22163,MA2,22163,671,0,0.49389693,0.49389693,0.49389693,0.49389693,0
MA2_80586,MA2,80586,671,0,0.49389693,0.49389693,0.49389693,0.49389693,0
MA1_20706,MA1,20706,671,0,0.49389693,0.49389693,0.49389693,0.49389693,0
MA1_32135,MA1,32135,657,0,0.49389693,0.49389696,0.49389693,0.49389693,0
MA1_8502,MA1,8502,634,0,0.49389693,0.49389693,0.49389693,0.49389693,0
MA2_5290,MA2,5290,635,0,0.49389693,0.49389693,0.49389693,0.49389693,0
MA2_7644,MA2,7644,419,0,0.49389693,0.49389693,0.49389693,0.49389693,0
MA2_2071,MA2,2071,671,0,0.49389693,0.49389693,0.49389693,0.49389693,0
MA2_27989,MA2,27989,671,0,0.49389693,0.49389693,0.49389693,0.49389693,0
MA2_104463,MA2,104463,671,0,0.49389693,0.49389693,0.49389693,0.49389693,0
MA2_36029,MA2,36029,236,0,0.49389693,0.49389693,0.49389693,0.49389693,0
MA2_52380,MA2,52380,635,0,0.49389693,0.49389693,0.49389693,0.49389693,0
MA2_105189,MA2,105189,635,0,0.49389693,0.49389693,0.49389693,0.49389693,0
MA2_66938,MA2,66938,476,0,0.49389693,0.49389693,0.49389693,0.49389693,0
MA2_45702,MA2,45702,671,0,0.49389693,0.49389693,0.49389693,0.49389693,0
MA1_34127,MA1,34127,662,0,0.49389693,0.49389693,0.49389693,0.49389693,0
MA1_29721,MA1,29721,432,0,0.49389693,0.49389693,0.49389693,0.49389693,0
MA2_40004,MA2,40004,252,29,0.49389693,0.49389693,0.49389693,0.49389693,1
MA2_25404,MA2,25404,190,0,0.49389693,0.49389693,0.49389693,0.49389693,0
MA2_79474,MA2,79474,671,0,0.49389693,0.49389693,0.49389693,0.49389693,0
MA2_27806,MA2,27806,635,0,0.49389693,0.49389693,0.49389693,0.49389693,0
MA1_6671,MA1,6671,671,0,0.49389693,0.49389693,0.49389693,0.49389693,0
MA2_89730,MA2,89730,671,0,0.49389693,0.49389693,0.49389693,0.49389693,0
MA2_67831,MA2,67831,671,0,0.49389693,0.49389693,0.49389693,0.49389693,0
MA1_33280,MA1,33280,452,0,0.49389693,0.49389693,0.49389693,0.49389693,0
MA2_104203,MA2,104203,635,0,0.49389693,0.49389693,0.49389693,0.49389693,0
MA1_6553,MA1,6553,671,0,0.49389693,0.49389693,0.49389693,0.49389693,0
MA1_6902,MA1,6902,263,0,0.49389693,0.49389696,0.49389693,0.49389693,0
MA2_96108,MA2,96108,635,0,0.49389693,0.49389693,0.49389693,0.49389693,0
MA1_35748,MA1,35748,403,0,0.49389693,0.49389693,0.49389693,0.49389693,0
MA2_57458,MA2,57458,671,0,0.49389693,0.49389693,0.49389693,0.49389693,0
MA1_31419,MA1,31419,567,0,0.49389693,0.4938969,0.49389693,0.49389693,0
MA2_37653,MA2,37653,671,0,0.49389693,0.49389693,0.49389693,0.49389693,0
MA1_33047,MA1,33047,515,0,0.49389693,0.49389693,0.49389693,0.49389693,0
MA1_6482,MA1,6482,671,0,0.49389693,0.49389693,0.49389693,0.49389693,0
MA2_20203,MA2,20203,408,0,0.49389693,0.49389693,0.49389693,0.49389693,0
MA1_32239,MA1,32239,671,0,0.49389693,0.49389693,0.49389693,0.49389693,0
MA1_13904,MA1,13904,271,0,0.49389693,0.49389693,0.49389693,0.49389693,0
MA1_34835,MA1,34835,488,0,0.49389693,0.49389693,0.49389693,0.49389693,0
MA2_68525,MA2,68525,671,0,0.49389693,0.49389693,0.49389693,0.49389693,0
MA2_28581,MA2,28581,459,0,0.49389693,0.49389693,0.49389693,0.49389693,0
MA2_78779,MA2,78779,441,0,0.49389693,0.49389693,0.49389693,0.49389693,0
MA1_38704,MA1,38704,302,0,0.49389693,0.49389693,0.49389693,0.49389693,0
MA2_80912,MA2,80912,657,0,0.49389693,0.49389696,0.49389693,0.49389693,0
MA1_28530,MA1,28530,403,0,0.49389693,0.49389693,0.49389693,0.49389693,0
MA2_45666,MA2,45666,657,0,0.49389693,0.49389696,0.49389693,0.49389693,0
MA2_62844,MA2,62844,393,0,0.49389693,0.49389696,0.49389693,0.49389693,0
MA2_108486,MA2,108486,668,0,0.49389693,0.49389693,0.49389693,0.49389693,0
MA2_11079,MA2,11079,671,0,0.49389693,0.49389693,0.49389693,0.49389693,0
MA2_116351,MA2,116351,635,0,0.49389693,0.49389693,0.49389693,0.49389693,0
MA1_6095,MA1,6095,671,0,0.49389693,0.49389693,0.49389693,0.49389693,0
MA1_4362,MA1,4362,671,0,0.49389693,0.49389693,0.49389693,0.49389693,0
MA2_45431,MA2,45431,393,0,0.49389693,0.49389696,0.49389693,0.49389693,0
MA1_6691,MA1,6691,278,0,0.49389693,0.49389693,0.49389693,0.49389693,0
MA1_34463,MA1,34463,671,0,0.49389693,0.49389693,0.49389693,0.49389693,0
MA1_33186,MA1,33186,327,0,0.49389693,0.49389696,0.49389693,0.49389693,0
MA2_8562,MA2,8562,671,0,0.49389693,0.49389693,0.49389693,0.49389693,0
MA2_40378,MA2,40378,292,0,0.49389693,0.49389696,0.49389693,0.49389693,0
MA1_19260,MA1,19260,671,0,0.49389693,0.49389693,0.49389693,0.49389693,0
MA2_56315,MA2,56315,460,0,0.49389693,0.4938969,0.49389693,0.49389693,0
MA1_12576,MA1,12576,635,0,0.49389693,0.49389693,0.49389693,0.49389693,0
MA1_39839,MA1,39839,403,0,0.49389693,0.49389693,0.49389693,0.49389693,0
MA2_28582,MA2,28582,459,0,0.49389693,0.49389693,0.49389693,0.49389693,0
MA2_99388,MA2,99388,384,0,0.49389693,0.49389693,0.49389693,0.49389693,0
MA2_1837,MA2,1837,384,0,0.49389693,0.49389693,0.49389693,0.49389693,0
MA1_18398,MA1,18398,671,0,0.49389693,0.49389693,0.49389693,0.49389693,0
MA2_62695,MA2,62695,671,0,0.49389693,0.49389693,0.49389693,0.49389693,0
MA2_63876,MA2,63876,635,0,0.49389693,0.49389693,0.49389693,0.49389693,0
MA1_6714,MA1,6714,671,0,0.49389693,0.49389693,0.49389693,0.49389693,0
MA1_2564,MA1,2564,671,0,0.49389693,0.49389693,0.49389693,0.49389693,0
MA2_39031,MA2,39031,1,0,0.49389693,0.49389693,0.49389693,0.49389693,0
MA2_116192,MA2,116192,635,0,0.49389693,0.49389693,0.49389693,0.49389693,0
MA2_78506,MA2,78506,671,0,0.49389693,0.49389693,0.49389693,0.49389693,0
MA2_6647,MA2,6647,307,0,0.49389693,0.49389693,0.49389693,0.49389693,0
MA2_94413,MA2,94413,659,0,0.49389693,0.49389696,0.49389693,0.49389693,0
MA2_96055,MA2,96055,671,0,0.49389693,0.49389693,0.49389693,0.49389693,0
MA2_16034,MA2,16034,665,0,0.49389693,0.49389693,0.49389693,0.49389693,0
MA1_15025,MA1,15025,671,0,0.49389693,0.49389693,0.49389693,0.49389693,0
MA2_112153,MA2,112153,372,30,0.49389693,0.49389693,0.49389693,0.49389693,1
MA1_41942,MA1,41942,671,0,0.49389693,0.49389693,0.49389693,0.49389693,0
MA1_21519,MA1,21519,671,0,0.49389693,0.49389693,0.49389693,0.49389693,0
MA1_34715,MA1,34715,671,0,0.49389693,0.49389693,0.49389693,0.49389693,0
MA2_85562,MA2,85562,302,0,0.49389693,0.49389693,0.49389693,0.49389693,0
MA1_37932,MA1,37932,635,0,0.49389693,0.49389693,0.49389693,0.49389693,0
MA2_48578,MA2,48578,671,0,0.49389693,0.49389693,0.49389693,0.49389693,0
MA2_12243,MA2,12243,635,0,0.49389693,0.49389693,0.49389693,0.49389693,0
MA2_17739,MA2,17739,671,0,0.49389693,0.49389693,0.49389693,0.49389693,0
MA2_32486,MA2,32486,468,0,0.49389693,0.49389693,0.49389693,0.49389693,0
MA2_12219,MA2,12219,630,0,0.49389693,0.49389693,0.49389693,0.49389693,0
MA2_22355,MA2,22355,671,0,0.49389693,0.49389693,0.49389693,0.49389693,0
MA2_3894,MA2,3894,635,0,0.49389693,0.49389693,0.49389693,0.49389693,0
MA2_104427,MA2,104427,635,0,0.49389693,0.49389693,0.49389693,0.49389693,0
MA1_42724,MA1,42724,635,0,0.49389693,0.49389693,0.49389693,0.49389693,0
MA2_35683,MA2,35683,635,0,0.49389693,0.49389693,0.49389693,0.49389693,0
MA2_57456,MA2,57456,671,0,0.49389693,0.49389693,0.49389693,0.49389693,0
MA2_91153,MA2,91153,635,0,0.49389693,0.49389693,0.49389693,0.49389693,0
MA2_116950,MA2,116950,529,0,0.49389693,0.49389693,0.49389693,0.49389693,0
MA2_116323,MA2,116323,488,0,0.49389693,0.49389693,0.49389693,0.49389693,0
MA2_98677,MA2,98677,258,0,0.49389693,0.49389693,0.49389693,0.49389693,0
MA1_38397,MA1,38397,671,0,0.49389693,0.49389693,0.49389693,0.49389693,0
MA1_24905,MA1,24905,671,0,0.49389693,0.49389693,0.49389693,0.49389693,0
MA2_11503,MA2,11503,671,0,0.49389693,0.49389693,0.49389693,0.49389693,0
MA2_13836,MA2,13836,671,0,0.49389693,0.49389693,0.49389693,0.49389693,0
MA2_45443,MA2,45443,390,0,0.49389693,0.4938969,0.49389693,0.49389693,0
MA1_31523,MA1,31523,386,0,0.6811537,0.6732628,0.58869606,0.6659419,0
MA2_101864,MA2,101864,635,0,0.49389693,0.49389693,0.49389693,0.49389693,0
MA2_77116,MA2,77116,671,0,0.49389693,0.49389693,0.49389693,0.49389693,0
MA2_25196,MA2,25196,671,0,0.49389693,0.49389693,0.49389693,0.49389693,0
MA1_31228,MA1,31228,671,0,0.49389693,0.49389693,0.49389693,0.49389693,0
MA1_22669,MA1,22669,11,0,0.49389693,0.49389693,0.49389693,0.49389693,0
MA2_75666,MA2,75666,671,0,0.49389693,0.49389693,0.49389693,0.49389693,0
MA2_88214,MA2,88214,671,0,0.49389693,0.49389693,0.49389693,0.49389693,0
MA2_89622,MA2,89622,372,0,0.49389693,0.49389693,0.49389693,0.49389693,0
MA2_34473,MA2,34473,671,0,0.49389693,0.49389693,0.49389693,0.49389693,0
MA2_28776,MA2,28776,671,0,0.49389693,0.49389693,0.49389693,0.49389693,0
MA2_17438,MA2,17438,441,0,0.49389693,0.49389693,0.49389693,0.49389693,0
MA2_24955,MA2,24955,671,0,0.49389693,0.49389693,0.49389693,0.49389693,0
MA1_29433,MA1,29433,671,0,0.49389693,0.49389693,0.49389693,0.49389693,0
MA2_80112,MA2,80112,671,0,0.49389693,0.49389693,0.49389693,0.49389693,0
MA2_45007,MA2,45007,671,0,0.49389693,0.49389693,0.49389693,0.49389693,0
MA2_21401,MA2,21401,671,0,0.49389693,0.49389693,0.49389693,0.49389693,0
MA2_64541,MA2,64541,457,0,0.49389693,0.49389693,0.49389693,0.49389693,0
MA2_78576,MA2,78576,501,0,0.49389693,0.49389693,0.49389693,0.49389693,0
MA1_19481,MA1,19481,523,0,0.49389693,0.49389696,0.49389693,0.49389693,0
MA2_45401,MA2,45401,635,0,0.49389693,0.49389693,0.49389693,0.49389693,0
MA2_57662,MA2,57662,671,0,0.49389693,0.49389693,0.49389693,0.49389693,0
MA2_40366,MA2,40366,671,0,0.49389693,0.49389693,0.49389693,0.49389693,0
MA2_60621,MA2,60621,671,0,0.49389693,0.49389693,0.49389693,0.49389693,0
MA2_60148,MA2,60148,671,0,0.49389693,0.49389693,0.49389693,0.49389693,0
MA1_20162,MA1,20162,671,0,0.49389693,0.49389693,0.49389693,0.49389693,0
MA2_25090,MA2,25090,671,0,0.49389693,0.49389693,0.49389693,0.49389693,0
MA2_17343,MA2,17343,671,0,0.49389693,0.49389693,0.49389693,0.49389693,0
MA1_2774,MA1,2774,404,0,0.49389693,0.49389693,0.49389693,0.49389693,0
MA2_3569,MA2,3569,671,0,0.49389693,0.49389693,0.49389693,0.49389693,0
MA1_20221,MA1,20221,671,0,0.49389693,0.49389693,0.49389693,0.49389693,0
MA2_2140,MA2,2140,491,0,0.49389693,0.49389693,0.49389693,0.49389693,0
MA2_51575,MA2,51575,671,0,0.49389693,0.49389693,0.49389693,0.49389693,0
MA2_64678,MA2,64678,635,0,0.49389693,0.49389693,0.49389693,0.49389693,0
MA2_8725,MA2,8725,671,0,0.49389693,0.49389693,0.49389693,0.49389693,0
MA2_32730,MA2,32730,635,0,0.49389693,0.49389693,0.49389693,0.49389693,0
MA2_997,MA2,997,671,0,0.49389693,0.49389693,0.49389693,0.49389693,0
MA2_4559,MA2,4559,671,0,0.49389693,0.49389693,0.49389693,0.49389693,0
MA2_82906,MA2,82906,657,0,0.49389693,0.49389696,0.49389693,0.49389693,0
MA2_96772,MA2,96772,671,0,0.49389693,0.49389693,0.49389693,0.49389693,0
MA1_34826,MA1,34826,635,0,0.49389693,0.49389693,0.49389693,0.49389693,0
MA1_21853,MA1,21853,271,0,0.49389693,0.49389693,0.49389693,0.49389693,0
MA1_10601,MA1,10601,379,0,0.49389693,0.49389693,0.49389693,0.49389693,0
MA2_65795,MA2,65795,635,0,0.49389693,0.49389693,0.49389693,0.49389693,0
MA2_81567,MA2,81567,671,0,0.49389693,0.49389693,0.49389693,0.49389693,0
MA2_98936,MA2,98936,645,0,0.49389693,0.4938969,0.49389693,0.49389693,0
MA2_46208,MA2,46208,634,0,0.49389693,0.49389693,0.49389693,0.49389693,0
MA2_22743,MA2,22743,671,0,0.49389693,0.49389693,0.49389693,0.49389693,0
MA1_30962,MA1,30962,372,0,0.49389693,0.49389693,0.49389693,0.49389693,0
MA2_78617,MA2,78617,671,0,0.49389693,0.49389693,0.49389693,0.49389693,0
MA2_49939,MA2,49939,635,0,0.49389693,0.49389693,0.49389693,0.49389693,0
MA2_38428,MA2,38428,671,0,0.49389693,0.49389693,0.49389693,0.49389693,0
MA1_2223,MA1,2223,671,0,0.49389693,0.49389693,0.49389693,0.49389693,0
MA2_79864,MA2,79864,671,0,0.49389693,0.49389693,0.49389693,0.49389693,0
MA2_53853,MA2,53853,671,0,0.49389693,0.49389693,0.49389693,0.49389693,0
MA2_23040,MA2,23040,518,0,0.49389693,0.49389693,0.49389693,0.49389693,0
MA2_1628,MA2,1628,459,0,0.49389693,0.49389693,0.49389693,0.49389693,0
MA2_108976,MA2,108976,659,0,0.49389693,0.49389696,0.49389693,0.49389693,0
MA2_78311,MA2,78311,547,0,0.49389693,0.49389693,0.49389693,0.49389693,0
MA2_118712,MA2,118712,174,0,0.49389693,0.49389693,0.49389693,0.49389693,0
MA2_35790,MA2,35790,510,0,0.49389693,0.49389693,0.49389693,0.49389693,0
MA2_105605,MA2,105605,635,0,0.49389693,0.49389693,0.49389693,0.49389693,0
MA2_40909,MA2,40909,280,0,0.49389693,0.49389693,0.49389693,0.49389693,0
MA2_37964,MA2,37964,671,0,0.49389693,0.49389693,0.49389693,0.49389693,0
MA2_66434,MA2,66434,618,0,0.49389693,0.49389693,0.49389693,0.49389693,0
MA2_80729,MA2,80729,635,0,0.49389693,0.49389693,0.49389693,0.49389693,0
MA1_21435,MA1,21435,654,0,0.49389693,0.49389696,0.49389693,0.49389693,0
MA2_94629,MA2,94629,633,0,0.49389693,0.49389693,0.49389693,0.49389693,0
MA2_108314,MA2,108314,671,0,0.49389693,0.49389693,0.49389693,0.49389693,0
MA2_101532,MA2,101532,671,0,0.49389693,0.49389693,0.49389693,0.49389693,0
MA1_19551,MA1,19551,205,28,0.49389693,0.49389693,0.49389693,0.49389693,1
MA2_55271,MA2,55271,671,0,0.49389693,0.49389693,0.49389693,0.49389693,0
MA2_81932,MA2,81932,671,0,0.49389693,0.49389693,0.49389693,0.49389693,0
MA2_33394,MA2,33394,671,0,0.49389693,0.49389693,0.49389693,0.49389693,0
MA1_7657,MA1,7657,282,0,0.49389693,0.49389693,0.49389693,0.49389693,0
MA1_28595,MA1,28595,68,0,0.49389693,0.49389693,0.49389693,0.49389693,0
MA2_56349,MA2,56349,308,0,0.49389693,0.49389693,0.49389693,0.49389693,0
MA1_15010,MA1,15010,635,0,0.49389693,0.49389693,0.49389693,0.49389693,0
MA2_90530,MA2,90530,258,0,0.49389693,0.49389693,0.49389693,0.49389693,0
MA2_8794,MA2,8794,671,0,0.49389693,0.49389693,0.49389693,0.49389693,0
MA1_16932,MA1,16932,302,0,0.49389693,0.49389693,0.49389693,0.49389693,0
MA2_66893,MA2,66893,635,0,0.49389693,0.49389693,0.49389693,0.49389693,0
MA2_32807,MA2,32807,384,0,0.49389693,0.49389693,0.49389693,0.49389693,0
MA1_17187,MA1,17187,671,0,0.49389693,0.49389693,0.49389693,0.49389693,0
MA2_106994,MA2,106994,671,0,0.49389693,0.49389693,0.49389693,0.49389693,0
MA2_57245,MA2,57245,671,0,0.49389693,0.49389693,0.49389693,0.49389693,0
MA1_36362,MA1,36362,671,0,0.49389693,0.49389693,0.49389693,0.49389693,0
MA1_9584,MA1,9584,403,0,0.49389693,0.49389693,0.49389693,0.49389693,0
MA1_5328,MA1,5328,671,0,0.49389693,0.49389693,0.49389693,0.49389693,0
MA1_27907,MA1,27907,574,0,0.49389693,0.4938969,0.49389693,0.49389693,0
MA2_6095,MA2,6095,361,0,0.49389693,0.49389696,0.49389693,0.49389693,0
MA2_91723,MA2,91723,671,0,0.49389693,0.49389693,0.49389693,0.49389693,0
MA2_46105,MA2,46105,533,0,0.49389693,0.49389693,0.49389693,0.49389693,0
MA2_6655,MA2,6655,391,5,0.49389693,0.4938969,0.49389693,0.49389693,1
MA1_24560,MA1,24560,152,0,0.49389693,0.49389693,0.49389693,0.49389693,0
MA2_106851,MA2,106851,671,0,0.49389693,0.49389693,0.49389693,0.49389693,0
MA2_40301,MA2,40301,671,0,0.49389693,0.49389693,0.49389693,0.49389693,0
MA2_41921,MA2,41921,671,0,0.49389693,0.49389693,0.49389693,0.49389693,0
MA2_70220,MA2,70220,193,0,0.49389693,0.49389693,0.49389693,0.49389693,0
MA1_28425,MA1,28425,671,0,0.49389693,0.49389693,0.49389693,0.49389693,0
MA2_80241,MA2,80241,671,0,0.49389693,0.49389693,0.49389693,0.49389693,0
MA1_10091,MA1,10091,671,0,0.49389693,0.49389693,0.49389693,0.49389693,0
MA2_52316,MA2,52316,657,0,0.49389693,0.49389696,0.49389693,0.49389693,0
MA2_90605,MA2,90605,671,0,0.49389693,0.49389693,0.49389693,0.49389693,0
MA2_17126,MA2,17126,441,0,0.49389693,0.49389693,0.49389693,0.49389693,0
MA2_98156,MA2,98156,635,0,0.49389693,0.49389693,0.49389693,0.49389693,0
MA2_97553,MA2,97553,671,0,0.49389693,0.49389693,0.49389693,0.49389693,0
MA2_59526,MA2,59526,635,0,0.49389693,0.49389693,0.49389693,0.49389693,0
MA2_20081,MA2,20081,538,0,0.49389693,0.49389693,0.49389693,0.49389693,0
MA2_6734,MA2,6734,640,0,0.49389693,0.4938969,0.49389693,0.49389693,0
MA2_75448,MA2,75448,671,0,0.49389693,0.49389693,0.49389693,0.49389693,0
MA2_75892,MA2,75892,435,0,0.49389693,0.49389693,0.49389693,0.49389693,0
MA2_36381,MA2,36381,323,0,0.49389693,0.4938969,0.49389693,0.49389693,0
MA2_95130,MA2,95130,671,0,0.49389693,0.49389693,0.49389693,0.49389693,0
MA1_22523,MA1,22523,635,0,0.49389693,0.49389693,0.49389693,0.49389693,0
MA2_79557,MA2,79557,251,0,0.49389693,0.49389693,0.49389693,0.49389693,0
MA2_38759,MA2,38759,544,0,0.49389693,0.49389693,0.49389693,0.49389693,0
MA2_5238,MA2,5238,671,0,0.49389693,0.49389693,0.49389693,0.49389693,0
MA2_27365,MA2,27365,312,0,0.49389693,0.49389693,0.49389693,0.49389693,0
MA2_57408,MA2,57408,671,0,0.49389693,0.49389693,0.49389693,0.49389693,0
MA2_43916,MA2,43916,384,0,0.49389693,0.49389693,0.49389693,0.49389693,0
MA1_32480,MA1,32480,193,30,0.49389693,0.49389693,0.49389693,0.49389693,1
MA2_17526,MA2,17526,635,0,0.49389693,0.49389693,0.49389693,0.49389693,0
MA1_20472,MA1,20472,272,0,0.49389693,0.49389693,0.49389693,0.49389693,0
MA2_11957,MA2,11957,671,0,0.49389693,0.49389693,0.49389693,0.49389693,0
MA2_49707,MA2,49707,671,0,0.49389693,0.49389693,0.49389693,0.49389693,0
MA1_19813,MA1,19813,671,0,0.49389693,0.49389693,0.49389693,0.49389693,0
MA2_7448,MA2,7448,378,0,0.49389693,0.49389693,0.49389693,0.49389693,0
MA1_3449,MA1,3449,403,0,0.49389693,0.49389693,0.49389693,0.49389693,0
MA2_107872,MA2,107872,99,0,0.49389693,0.49389696,0.49389693,0.49389693,0
MA1_23171,MA1,23171,98,0,0.49389693,0.4938969,0.49389693,0.49389693,0
MA2_16426,MA2,16426,671,0,0.49389693,0.49389693,0.49389693,0.49389693,0
MA2_33714,MA2,33714,671,0,0.49389693,0.49389693,0.49389693,0.49389693,0
MA2_46760,MA2,46760,671,0,0.49389693,0.49389693,0.49389693,0.49389693,0
MA2_47870,MA2,47870,671,0,0.49389693,0.49389693,0.49389693,0.49389693,0
MA2_42054,MA2,42054,645,0,0.49389693,0.4938969,0.49389693,0.49389693,0
MA2_49805,MA2,49805,671,0,0.49389693,0.49389693,0.49389693,0.49389693,0
MA2_63439,MA2,63439,243,0,0.49389693,0.49389693,0.49389693,0.49389693,0
MA2_27689,MA2,27689,671,0,0.49389693,0.49389693,0.49389693,0.49389693,0
MA1_16233,MA1,16233,89,0,0.49389693,0.4938969,0.49389693,0.49389693,0
MA1_7788,MA1,7788,671,0,0.49389693,0.49389693,0.49389693,0.49389693,0
MA2_99214,MA2,99214,302,0,0.49389693,0.49389693,0.49389693,0.49389693,0
MA2_107077,MA2,107077,671,0,0.49389693,0.49389693,0.49389693,0.49389693,0
MA1_29847,MA1,29847,378,0,0.49389693,0.49389693,0.49389693,0.49389693,0
MA2_24812,MA2,24812,671,0,0.49389693,0.49389693,0.49389693,0.49389693,0
MA2_112728,MA2,112728,453,0,0.49389693,0.49389693,0.49389693,0.49389693,0
MA1_37928,MA1,37928,635,0,0.49389693,0.49389693,0.49389693,0.49389693,0
MA2_2158,MA2,2158,671,0,0.49389693,0.49389693,0.49389693,0.49389693,0
MA2_41366,MA2,41366,635,0,0.49389693,0.49389693,0.49389693,0.49389693,0
MA2_104700,MA2,104700,635,0,0.49389693,0.49389693,0.49389693,0.49389693,0
MA2_66936,MA2,66936,476,0,0.49389693,0.49389693,0.49389693,0.49389693,0
MA2_117299,MA2,117299,671,0,0.49389693,0.49389693,0.49389693,0.49389693,0
MA1_2192,MA1,2192,671,0,0.49389693,0.49389693,0.49389693,0.49389693,0
MA2_111702,MA2,111702,456,0,0.49389693,0.49389693,0.49389693,0.49389693,0
MA1_33332,MA1,33332,671,0,0.49389693,0.49389693,0.49389693,0.49389693,0
MA2_66483,MA2,66483,308,0,0.49389693,0.49389693,0.49389693,0.49389693,0
MA1_21995,MA1,21995,671,0,0.49389693,0.49389693,0.49389693,0.49389693,0
MA1_35723,MA1,35723,671,0,0.49389693,0.49389693,0.49389693,0.49389693,0
MA1_41003,MA1,41003,327,0,0.49389693,0.49389696,0.49389693,0.49389693,0
MA2_68072,MA2,68072,671,0,0.49389693,0.49389693,0.49389693,0.49389693,0
MA2_45899,MA2,45899,671,0,0.49389693,0.49389693,0.49389693,0.49389693,0
MA2_109165,MA2,109165,635,0,0.49389693,0.49389693,0.49389693,0.49389693,0
MA2_42829,MA2,42829,671,0,0.49389693,0.49389693,0.49389693,0.49389693,0
MA2_57795,MA2,57795,364,0,0.49389693,0.49389693,0.49389693,0.49389693,0
MA2_24100,MA2,24100,671,0,0.49389693,0.49389693,0.49389693,0.49389693,0
MA1_31999,MA1,31999,657,0,0.49389693,0.49389696,0.49389693,0.49389693,0
MA2_72583,MA2,72583,456,0,0.49389693,0.49389693,0.49389693,0.49389693,0
MA2_86853,MA2,86853,671,0,0.49389693,0.49389693,0.49389693,0.49389693,0
MA2_10421,MA2,10421,671,0,0.49389693,0.49389693,0.49389693,0.49389693,0
MA2_23782,MA2,23782,671,0,0.49389693,0.49389693,0.49389693,0.49389693,0
MA1_26311,MA1,26311,189,29,0.49389693,0.49389693,0.49389693,0.49389693,1
MA2_31874,MA2,31874,635,0,0.49389693,0.49389693,0.49389693,0.49389693,0
MA1_12240,MA1,12240,352,30,0.49389693,0.49389693,0.49389693,0.49389693,1
MA2_10800,MA2,10800,671,0,0.49389693,0.49389693,0.49389693,0.49389693,0
MA1_42386,MA1,42386,671,0,0.49389693,0.49389693,0.49389693,0.49389693,0
MA2_23167,MA2,23167,530,0,0.49389693,0.49389693,0.49389693,0.49389693,0
MA2_84118,MA2,84118,671,0,0.49389693,0.49389693,0.49389693,0.49389693,0
MA2_79224,MA2,79224,635,0,0.49389693,0.49389693,0.49389693,0.49389693,0
MA2_1126,MA2,1126,459,0,0.68847096,0.67929584,0.5984193,0.6705362,0
MA2_12587,MA2,12587,458,0,0.49389693,0.49389693,0.49389693,0.49389693,0
MA2_37043,MA2,37043,671,0,0.49389693,0.49389693,0.49389693,0.49389693,0
MA2_49275,MA2,49275,634,0,0.49389693,0.49389693,0.49389693,0.49389693,0
MA2_39084,MA2,39084,671,0,0.49389693,0.49389693,0.49389693,0.49389693,0
MA2_64804,MA2,64804,635,0,0.49389693,0.49389693,0.49389693,0.49389693,0
MA2_81911,MA2,81911,671,0,0.49389693,0.49389693,0.49389693,0.49389693,0
MA2_115328,MA2,115328,671,0,0.49389693,0.49389693,0.49389693,0.49389693,0
MA2_64596,MA2,64596,671,0,0.49389693,0.49389693,0.49389693,0.49389693,0
MA2_86583,MA2,86583,671,0,0.49389693,0.49389693,0.49389693,0.49389693,0
MA2_35975,MA2,35975,671,0,0.49389693,0.49389693,0.49389693,0.49389693,0
MA2_103271,MA2,103271,671,0,0.49389693,0.49389693,0.49389693,0.49389693,0
MA2_66156,MA2,66156,293,0,0.49389693,0.49389696,0.49389693,0.49389693,0
MA2_51978,MA2,51978,671,0,0.49389693,0.49389693,0.49389693,0.49389693,0
MA2_52488,MA2,52488,671,0,0.49389693,0.49389693,0.49389693,0.49389693,0
MA2_15764,MA2,15764,635,0,0.49389693,0.49389693,0.49389693,0.49389693,0
MA1_14733,MA1,14733,22,0,0.49389693,0.49389693,0.49389693,0.49389693,0
MA2_31360,MA2,31360,483,0,0.49389693,0.49389693,0.49389693,0.49389693,0
MA2_108900,MA2,108900,635,0,0.49389693,0.49389693,0.49389693,0.49389693,0
MA2_21725,MA2,21725,293,0,0.49389693,0.49389696,0.49389693,0.49389693,0
MA2_82902,MA2,82902,657,0,0.49389693,0.49389696,0.49389693,0.49389693,0
MA1_19780,MA1,19780,671,0,0.49389693,0.49389693,0.49389693,0.49389693,0
MA2_117566,MA2,117566,530,0,0.49389693,0.49389693,0.49389693,0.49389693,0
MA1_16817,MA1,16817,403,0,0.49389693,0.49389693,0.49389693,0.49389693,0
MA1_29444,MA1,29444,385,13,0.49389693,0.49389693,0.49389693,0.49389693,1
MA2_51292,MA2,51292,671,0,0.49389693,0.49389693,0.49389693,0.49389693,0
MA2_77660,MA2,77660,659,0,0.49389693,0.49389696,0.49389693,0.49389693,0
MA2_75878,MA2,75878,635,0,0.49389693,0.49389693,0.49389693,0.49389693,0
MA2_57560,MA2,57560,671,0,0.49389693,0.49389693,0.49389693,0.49389693,0
MA1_37052,MA1,37052,382,0,0.49389693,0.49389693,0.49389693,0.49389693,0
MA2_103420,MA2,103420,671,0,0.49389693,0.49389693,0.49389693,0.49389693,0
MA2_107457,MA2,107457,671,0,0.49389693,0.49389693,0.49389693,0.49389693,0
MA2_83057,MA2,83057,635,0,0.49389693,0.49389693,0.49389693,0.49389693,0
MA2_25068,MA2,25068,658,0,0.49389693,0.49389696,0.49389693,0.49389693,0
MA2_11653,MA2,11653,636,0,0.49389693,0.4938969,0.49389693,0.49389693,0
MA2_79108,MA2,79108,635,0,0.49389693,0.49389693,0.49389693,0.49389693,0
MA2_82148,MA2,82148,363,0,0.49389693,0.49389696,0.49389693,0.49389693,0
MA2_76308,MA2,76308,657,0,0.49389693,0.49389696,0.49389693,0.49389693,0
MA2_56420,MA2,56420,283,0,0.49389693,0.4938969,0.49389693,0.49389693,0
MA2_49630,MA2,49630,671,0,0.49389693,0.49389693,0.49389693,0.49389693,0
MA2_50715,MA2,50715,671,0,0.49389693,0.49389693,0.49389693,0.49389693,0
MA2_30540,MA2,30540,272,0,0.49389693,0.49389693,0.49389693,0.49389693,0
MA1_18117,MA1,18117,452,0,0.49389693,0.49389693,0.49389693,0.49389693,0
MA2_8159,MA2,8159,418,0,0.49389693,0.49389693,0.49389693,0.49389693,0
MA1_5474,MA1,5474,393,0,0.49389693,0.49389696,0.49389693,0.49389693,0
MA1_2078,MA1,2078,29,0,0.49389693,0.49389693,0.49389693,0.49389693,0
MA2_35913,MA2,35913,671,0,0.49389693,0.49389693,0.49389693,0.49389693,0
MA2_69702,MA2,69702,384,0,0.68982553,0.6820705,0.6021254,0.6748684,0
MA2_12365,MA2,12365,635,0,0.49389693,0.49389693,0.49389693,0.49389693,0
MA2_107701,MA2,107701,671,0,0.49389693,0.49389693,0.49389693,0.49389693,0
MA2_39890,MA2,39890,635,0,0.49389693,0.49389693,0.49389693,0.49389693,0
MA2_42824,MA2,42824,671,0,0.49389693,0.49389693,0.49389693,0.49389693,0
MA1_21469,MA1,21469,339,0,0.49389693,0.49389693,0.49389693,0.49389693,0
MA2_57278,MA2,57278,635,0,0.49389693,0.49389693,0.49389693,0.49389693,0
MA2_2749,MA2,2749,671,0,0.49389693,0.49389693,0.49389693,0.49389693,0
MA1_20828,MA1,20828,671,0,0.49389693,0.49389693,0.49389693,0.49389693,0
MA1_18493,MA1,18493,671,0,0.49389693,0.49389693,0.49389693,0.49389693,0
MA2_89589,MA2,89589,671,0,0.49389693,0.49389693,0.49389693,0.49389693,0
MA2_56824,MA2,56824,466,0,0.49389693,0.49389693,0.49389693,0.49389693,0
MA2_86367,MA2,86367,468,0,0.49389693,0.49389693,0.49389693,0.49389693,0
MA2_55026,MA2,55026,671,0,0.49389693,0.49389693,0.49389693,0.49389693,0
MA1_24054,MA1,24054,404,0,0.49389693,0.49389693,0.49389693,0.49389693,0
MA2_31076,MA2,31076,671,0,0.49389693,0.49389693,0.49389693,0.49389693,0
MA2_101167,MA2,101167,327,0,0.49389693,0.49389696,0.49389693,0.49389693,0
MA2_22467,MA2,22467,671,0,0.49389693,0.49389693,0.49389693,0.49389693,0
MA2_120439,MA2,120439,635,0,0.49389693,0.49389693,0.49389693,0.49389693,0
MA2_7781,MA2,7781,327,0,0.49389693,0.49389696,0.49389693,0.49389693,0
MA2_89508,MA2,89508,595,0,0.49389693,0.49389693,0.49389693,0.49389693,0
MA2_37654,MA2,37654,671,0,0.49389693,0.49389693,0.49389693,0.49389693,0
MA1_11227,MA1,11227,663,0,0.49389693,0.49389693,0.49389693,0.49389693,0
MA2_77173,MA2,77173,635,0,0.49389693,0.49389693,0.49389693,0.49389693,0
MA2_91157,MA2,91157,635,0,0.49389693,0.49389693,0.49389693,0.49389693,0
MA2_101503,MA2,101503,671,0,0.49389693,0.49389693,0.49389693,0.49389693,0
MA1_33681,MA1,33681,441,0,0.49389693,0.49389693,0.49389693,0.49389693,0
MA2_117132,MA2,117132,635,0,0.49389693,0.49389693,0.49389693,0.49389693,0
MA1_17482,MA1,17482,523,0,0.49389693,0.49389696,0.49389693,0.49389693,0
MA2_28341,MA2,28341,665,0,0.49389693,0.49389693,0.49389693,0.49389693,0
MA2_44259,MA2,44259,671,0,0.49389693,0.49389693,0.49389693,0.49389693,0
MA2_48126,MA2,48126,671,0,0.49389693,0.49389693,0.49389693,0.49389693,0
MA2_62324,MA2,62324,671,0,0.49389693,0.49389693,0.49389693,0.49389693,0
MA1_22039,MA1,22039,98,0,0.49389693,0.4938969,0.49389693,0.49389693,0
MA2_99835,MA2,99835,293,0,0.49389693,0.49389696,0.49389693,0.49389693,0
MA2_117799,MA2,117799,543,0,0.49389693,0.49389693,0.49389693,0.49389693,0
MA2_13382,MA2,13382,460,0,0.49389693,0.4938969,0.49389693,0.49389693,0
MA1_30885,MA1,30885,671,0,0.49389693,0.49389693,0.49389693,0.49389693,0
MA2_40811,MA2,40811,668,0,0.49389693,0.49389693,0.49389693,0.49389693,0
MA2_69189,MA2,69189,671,0,0.49389693,0.49389693,0.49389693,0.49389693,0
MA2_101376,MA2,101376,671,0,0.49389693,0.49389693,0.49389693,0.49389693,0
MA2_67299,MA2,67299,635,0,0.49389693,0.49389693,0.49389693,0.49389693,0
MA2_60398,MA2,60398,307,0,0.49389693,0.49389693,0.49389693,0.49389693,0
MA2_748,MA2,748,604,0,0.49389693,0.49389693,0.49389693,0.49389693,0
MA2_87604,MA2,87604,466,0,0.49389693,0.49389693,0.49389693,0.49389693,0
MA2_10948,MA2,10948,635,0,0.49389693,0.49389693,0.49389693,0.49389693,0
MA2_86368,MA2,86368,468,0,0.49389693,0.49389693,0.49389693,0.49389693,0
MA2_96877,MA2,96877,671,0,0.49389693,0.49389693,0.49389693,0.49389693,0
MA2_46706,MA2,46706,292,0,0.49389693,0.49389696,0.49389693,0.49389693,0
MA2_50519,MA2,50519,671,0,0.49389693,0.49389693,0.49389693,0.49389693,0
MA2_101233,MA2,101233,457,0,0.49389693,0.49389693,0.49389693,0.49389693,0
MA2_63792,MA2,63792,460,0,0.49389693,0.4938969,0.49389693,0.49389693,0
MA2_67655,MA2,67655,635,0,0.49389693,0.49389693,0.49389693,0.49389693,0
MA1_25023,MA1,25023,671,0,0.49389693,0.49389693,0.49389693,0.49389693,0
MA2_114714,MA2,114714,327,0,0.49389693,0.49389696,0.49389693,0.49389693,0
MA2_12817,MA2,12817,635,0,0.49389693,0.49389693,0.49389693,0.49389693,0
MA2_108126,MA2,108126,671,0,0.49389693,0.49389693,0.49389693,0.49389693,0
MA1_11096,MA1,11096,350,10,0.49389693,0.49389693,0.49389693,0.49389693,1
MA2_102759,MA2,102759,476,0,0.49389693,0.49389693,0.49389693,0.49389693,0
MA1_25420,MA1,25420,194,0,0.49389693,0.49389693,0.49389693,0.49389693,0
MA1_32427,MA1,32427,210,0,0.49389693,0.49389693,0.49389693,0.49389693,0
MA1_24629,MA1,24629,289,0,0.49389693,0.4938969,0.49389693,0.49389693,0
MA2_24191,MA2,24191,671,0,0.49389693,0.49389693,0.49389693,0.49389693,0
MA2_69288,MA2,69288,671,0,0.49389693,0.49389693,0.49389693,0.49389693,0
MA2_80680,MA2,80680,671,0,0.49389693,0.49389693,0.49389693,0.49389693,0
MA2_63002,MA2,63002,671,0,0.49389693,0.49389693,0.49389693,0.49389693,0
MA2_13167,MA2,13167,671,0,0.49389693,0.49389693,0.49389693,0.49389693,0
MA2_5011,MA2,5011,659,0,0.49389693,0.49389696,0.49389693,0.49389693,0
MA2_1276,MA2,1276,671,0,0.49389693,0.49389693,0.49389693,0.49389693,0
MA1_19500,MA1,19500,271,0,0.49389693,0.49389693,0.49389693,0.49389693,0
MA2_54620,MA2,54620,459,0,0.49389693,0.49389693,0.49389693,0.49389693,0
MA2_117955,MA2,117955,671,0,0.49389693,0.49389693,0.49389693,0.49389693,0
MA1_36554,MA1,36554,671,0,0.49389693,0.49389693,0.49389693,0.49389693,0
MA2_115650,MA2,115650,671,0,0.49389693,0.49389693,0.49389693,0.49389693,0
MA2_91819,MA2,91819,635,0,0.49389693,0.49389693,0.49389693,0.49389693,0
MA1_40243,MA1,40243,120,0,0.49389693,0.49389693,0.49389693,0.49389693,0
MA1_7399,MA1,7399,253,0,0.49389693,0.49389693,0.49389693,0.49389693,0
MA2_25173,MA2,25173,671,0,0.49389693,0.49389693,0.49389693,0.49389693,0
MA2_62358,MA2,62358,671,0,0.49389693,0.49389693,0.49389693,0.49389693,0
MA2_70493,MA2,70493,671,0,0.49389693,0.49389693,0.49389693,0.49389693,0
MA2_25737,MA2,25737,671,0,0.49389693,0.49389693,0.49389693,0.49389693,0
MA2_54636,MA2,54636,671,0,0.49389693,0.49389693,0.49389693,0.49389693,0
MA2_51336,MA2,51336,671,0,0.49389693,0.49389693,0.49389693,0.49389693,0
MA2_107733,MA2,107733,161,30,0.49389693,0.4938969,0.49389693,0.49389693,1
MA1_28588,MA1,28588,671,0,0.49389693,0.49389693,0.49389693,0.49389693,0
MA2_105005,MA2,105005,620,0,0.49389693,0.49389693,0.49389693,0.49389693,0
MA2_24559,MA2,24559,635,0,0.49389693,0.49389693,0.49389693,0.49389693,0
MA2_90299,MA2,90299,671,0,0.49389693,0.49389693,0.49389693,0.49389693,0
MA2_42194,MA2,42194,634,0,0.49389693,0.49389693,0.49389693,0.49389693,0
MA2_116609,MA2,116609,364,0,0.49389693,0.49389693,0.49389693,0.49389693,0
MA2_29574,MA2,29574,635,0,0.49389693,0.49389693,0.49389693,0.49389693,0
MA2_52066,MA2,52066,642,0,0.49389693,0.4938969,0.49389693,0.49389693,0
MA1_23344,MA1,23344,407,0,0.49389693,0.49389693,0.49389693,0.49389693,0
MA1_19423,MA1,19423,635,0,0.49389693,0.49389693,0.49389693,0.49389693,0
MA1_32661,MA1,32661,671,0,0.49389693,0.49389693,0.49389693,0.49389693,0
MA2_39773,MA2,39773,657,0,0.49389693,0.49389696,0.49389693,0.49389693,0
MA2_85952,MA2,85952,657,0,0.49389693,0.49389696,0.49389693,0.49389693,0
MA1_18452,MA1,18452,538,0,0.49389693,0.49389693,0.49389693,0.49389693,0
MA1_18445,MA1,18445,538,0,0.49389693,0.49389693,0.49389693,0.49389693,0
MA1_11226,MA1,11226,663,0,0.49389693,0.49389693,0.49389693,0.49389693,0
MA1_37349,MA1,37349,281,0,0.49389693,0.49389693,0.49389693,0.49389693,0
MA2_62310,MA2,62310,264,0,0.49389693,0.49389696,0.49389693,0.49389693,0
MA2_23116,MA2,23116,193,0,0.49389693,0.49389693,0.49389693,0.49389693,0
MA2_67264,MA2,67264,378,0,0.49389693,0.49389693,0.49389693,0.49389693,0
MA2_79772,MA2,79772,520,0,0.49389693,0.49389696,0.49389693,0.49389693,0
MA2_46518,MA2,46518,635,0,0.49389693,0.49389693,0.49389693,0.49389693,0
MA1_33735,MA1,33735,671,0,0.49389693,0.49389693,0.49389693,0.49389693,0
MA2_5298,MA2,5298,635,0,0.49389693,0.49389693,0.49389693,0.49389693,0
MA2_9482,MA2,9482,336,0,0.49389693,0.49389693,0.49389693,0.49389693,0
MA2_510,MA2,510,468,0,0.49389693,0.49389693,0.49389693,0.49389693,0
MA2_34356,MA2,34356,671,0,0.49389693,0.49389693,0.49389693,0.49389693,0
MA2_16330,MA2,16330,671,0,0.49389693,0.49389693,0.49389693,0.49389693,0
MA2_77384,MA2,77384,671,0,0.49389693,0.49389693,0.49389693,0.49389693,0
MA1_14546,MA1,14546,671,0,0.49389693,0.49389693,0.49389693,0.49389693,0
MA2_105907,MA2,105907,671,0,0.49389693,0.49389693,0.49389693,0.49389693,0
MA1_24941,MA1,24941,635,0,0.49389693,0.49389693,0.49389693,0.49389693,0
MA2_69596,MA2,69596,671,0,0.49389693,0.49389693,0.49389693,0.49389693,0
MA2_76174,MA2,76174,671,0,0.49389693,0.49389693,0.49389693,0.49389693,0
MA1_18458,MA1,18458,671,0,0.49389693,0.49389693,0.49389693,0.49389693,0
MA2_65213,MA2,65213,671,0,0.49389693,0.49389693,0.49389693,0.49389693,0
MA2_94614,MA2,94614,590,0,0.49389693,0.49389696,0.49389693,0.49389693,0
MA2_91913,MA2,91913,671,0,0.49389693,0.49389693,0.49389693,0.49389693,0
MA2_80243,MA2,80243,671,0,0.49389693,0.49389693,0.49389693,0.49389693,0
MA2_82977,MA2,82977,671,0,0.49389693,0.49389693,0.49389693,0.49389693,0
MA1_22522,MA1,22522,386,30,0.49389693,0.49389693,0.49389693,0.49389693,1
MA2_34289,MA2,34289,671,0,0.49389693,0.49389693,0.49389693,0.49389693,0
MA2_102852,MA2,102852,328,0,0.49389693,0.49389696,0.49389693,0.49389693,0
MA1_19406,MA1,19406,671,0,0.49389693,0.49389693,0.49389693,0.49389693,0
MA2_44848,MA2,44848,328,0,0.49389693,0.49389696,0.49389693,0.49389693,0
MA2_95039,MA2,95039,671,0,0.49389693,0.49389693,0.49389693,0.49389693,0
MA2_116389,MA2,116389,635,0,0.49389693,0.49389693,0.49389693,0.49389693,0
MA2_102758,MA2,102758,476,0,0.49389693,0.49389693,0.49389693,0.49389693,0
MA2_105526,MA2,105526,671,0,0.49389693,0.49389693,0.49389693,0.49389693,0
MA2_108564,MA2,108564,671,0,0.49389693,0.49389693,0.49389693,0.49389693,0
MA1_27350,MA1,27350,523,0,0.49389693,0.49389696,0.49389693,0.49389693,0
MA2_76119,MA2,76119,635,0,0.49389693,0.49389693,0.49389693,0.49389693,0
MA1_6177,MA1,6177,671,0,0.49389693,0.49389693,0.49389693,0.49389693,0
MA1_24146,MA1,24146,635,0,0.49389693,0.49389693,0.49389693,0.49389693,0
MA1_38463,MA1,38463,546,0,0.49389693,0.49389693,0.49389693,0.49389693,0
MA1_38686,MA1,38686,403,0,0.49389693,0.49389693,0.49389693,0.49389693,0
MA2_93361,MA2,93361,607,0,0.49389693,0.49389693,0.49389693,0.49389693,0
MA2_9719,MA2,9719,635,0,0.49389693,0.49389693,0.49389693,0.49389693,0
MA1_24789,MA1,24789,634,0,0.49389693,0.49389693,0.49389693,0.49389693,0
MA2_2277,MA2,2277,635,0,0.49389693,0.49389693,0.49389693,0.49389693,0
MA2_23560,MA2,23560,438,0,0.49389693,0.49389693,0.49389693,0.49389693,0
MA2_61168,MA2,61168,635,0,0.49389693,0.49389693,0.49389693,0.49389693,0
MA2_93481,MA2,93481,671,0,0.49389693,0.49389693,0.49389693,0.49389693,0
MA1_9039,MA1,9039,281,0,0.49389693,0.49389693,0.49389693,0.49389693,0
MA2_103721,MA2,103721,635,0,0.49389693,0.49389693,0.49389693,0.49389693,0
MA1_43119,MA1,43119,118,0,0.49389693,0.49389693,0.49389693,0.49389693,0
MA2_48675,MA2,48675,398,0,0.49389693,0.49389693,0.49389693,0.49389693,0
MA1_11218,MA1,11218,663,0,0.49389693,0.49389693,0.49389693,0.49389693,0
MA1_3729,MA1,3729,671,0,0.49389693,0.49389693,0.49389693,0.49389693,0
MA2_54553,MA2,54553,635,0,0.49389693,0.49389693,0.49389693,0.49389693,0
MA1_7191,MA1,7191,671,0,0.49389693,0.49389693,0.49389693,0.49389693,0
MA1_3341,MA1,3341,671,0,0.49389693,0.49389693,0.49389693,0.49389693,0
MA1_32764,MA1,32764,403,0,0.49389693,0.49389693,0.49389693,0.49389693,0
MA2_106441,MA2,106441,635,0,0.49389693,0.49389693,0.49389693,0.49389693,0
MA1_23879,MA1,23879,671,0,0.49389693,0.49389693,0.49389693,0.49389693,0
MA2_6679,MA2,6679,636,0,0.49389693,0.4938969,0.49389693,0.49389693,0
MA2_81838,MA2,81838,327,0,0.49389693,0.49389696,0.49389693,0.49389693,0
MA2_91165,MA2,91165,635,0,0.49389693,0.49389693,0.49389693,0.49389693,0
MA2_694,MA2,694,659,0,0.49389693,0.49389696,0.49389693,0.49389693,0
MA2_90969,MA2,90969,671,0,0.49389693,0.49389693,0.49389693,0.49389693,0
MA2_81930,MA2,81930,671,0,0.49389693,0.49389693,0.49389693,0.49389693,0
MA2_94174,MA2,94174,671,0,0.49389693,0.49389693,0.49389693,0.49389693,0
MA2_99363,MA2,99363,671,0,0.49389693,0.49389693,0.49389693,0.49389693,0
MA2_55443,MA2,55443,671,0,0.49389693,0.49389693,0.49389693,0.49389693,0
MA2_32813,MA2,32813,384,0,0.49389693,0.49389693,0.49389693,0.49389693,0
MA2_62596,MA2,62596,671,0,0.49389693,0.49389693,0.49389693,0.49389693,0
MA2_61404,MA2,61404,671,0,0.49389693,0.49389693,0.49389693,0.49389693,0
MA2_7604,MA2,7604,671,0,0.49389693,0.49389693,0.49389693,0.49389693,0
MA1_37570,MA1,37570,635,0,0.49389693,0.49389693,0.49389693,0.49389693,0
MA1_42574,MA1,42574,657,0,0.49389693,0.49389696,0.49389693,0.49389693,0
MA2_6180,MA2,6180,671,0,0.49389693,0.49389693,0.49389693,0.49389693,0
MA2_19366,MA2,19366,635,0,0.49389693,0.49389693,0.49389693,0.49389693,0
MA1_34303,MA1,34303,671,0,0.49389693,0.49389693,0.49389693,0.49389693,0
MA2_47754,MA2,47754,671,0,0.49389693,0.49389693,0.49389693,0.49389693,0
MA2_86290,MA2,86290,457,0,0.49389693,0.49389693,0.49389693,0.49389693,0
MA2_19945,MA2,19945,249,0,0.49389693,0.49389693,0.49389693,0.49389693,0
MA1_30813,MA1,30813,671,0,0.49389693,0.49389693,0.49389693,0.49389693,0
MA2_26681,MA2,26681,657,0,0.49389693,0.49389696,0.49389693,0.49389693,0
MA2_80823,MA2,80823,601,0,0.49389693,0.49389693,0.49389693,0.49389693,0
MA2_23618,MA2,23618,117,0,0.49389693,0.49389693,0.49389693,0.49389693,0
MA2_80492,MA2,80492,253,0,0.49389693,0.49389693,0.49389693,0.49389693,0
MA1_24466,MA1,24466,89,0,0.49389693,0.4938969,0.49389693,0.49389693,0
MA1_18659,MA1,18659,271,0,0.49389693,0.49389693,0.49389693,0.49389693,0
MA2_51725,MA2,51725,671,0,0.49389693,0.49389693,0.49389693,0.49389693,0
MA2_14897,MA2,14897,671,0,0.49389693,0.49389693,0.49389693,0.49389693,0
MA2_5174,MA2,5174,327,0,0.49389693,0.49389696,0.49389693,0.49389693,0
MA2_62975,MA2,62975,499,0,0.49389693,0.49389693,0.49389693,0.49389693,0
MA2_87294,MA2,87294,635,0,0.49389693,0.49389693,0.49389693,0.49389693,0
MA2_119510,MA2,119510,671,0,0.49389693,0.49389693,0.49389693,0.49389693,0
MA2_114290,MA2,114290,590,0,0.49389693,0.49389696,0.49389693,0.49389693,0
MA2_53425,MA2,53425,279,0,0.49389693,0.49389693,0.49389693,0.49389693,0
MA2_30576,MA2,30576,635,0,0.49389693,0.49389693,0.49389693,0.49389693,0
MA2_6445,MA2,6445,671,0,0.49389693,0.49389693,0.49389693,0.49389693,0
MA2_115543,MA2,115543,671,0,0.49389693,0.49389693,0.49389693,0.49389693,0
MA2_34625,MA2,34625,567,0,0.49389693,0.4938969,0.49389693,0.49389693,0
MA2_91872,MA2,91872,671,0,0.49389693,0.49389693,0.49389693,0.49389693,0
MA2_19700,MA2,19700,671,0,0.49389693,0.49389693,0.49389693,0.49389693,0
MA2_46142,MA2,46142,458,0,0.49389693,0.49389693,0.49389693,0.49389693,0
MA2_61162,MA2,61162,537,0,0.49389693,0.49389693,0.49389693,0.49389693,0
MA2_113648,MA2,113648,635,0,0.49389693,0.49389693,0.49389693,0.49389693,0
MA1_28837,MA1,28837,635,0,0.49389693,0.49389693,0.49389693,0.49389693,0
MA1_7652,MA1,7652,282,0,0.49389693,0.49389693,0.49389693,0.49389693,0
MA2_41276,MA2,41276,671,0,0.49389693,0.49389693,0.49389693,0.49389693,0
MA2_79176,MA2,79176,671,0,0.49389693,0.49389693,0.49389693,0.49389693,0
MA2_89951,MA2,89951,635,0,0.49389693,0.49389693,0.49389693,0.49389693,0
MA2_86142,MA2,86142,671,0,0.49389693,0.49389693,0.49389693,0.49389693,0
MA2_105297,MA2,105297,620,0,0.49389693,0.49389693,0.49389693,0.49389693,0
MA2_2371,MA2,2371,67,0,0.49389693,0.49389693,0.49389693,0.49389693,0
MA1_35142,MA1,35142,671,0,0.49389693,0.49389693,0.49389693,0.49389693,0
MA2_66306,MA2,66306,459,0,0.49389693,0.49389693,0.49389693,0.49389693,0
MA1_35988,MA1,35988,671,0,0.49389693,0.49389693,0.49389693,0.49389693,0
MA2_36697,MA2,36697,671,0,0.49389693,0.49389693,0.49389693,0.49389693,0
MA2_44675,MA2,44675,671,0,0.49389693,0.49389693,0.49389693,0.49389693,0
MA2_119815,MA2,119815,635,0,0.49389693,0.49389693,0.49389693,0.49389693,0
MA2_88356,MA2,88356,671,0,0.49389693,0.49389693,0.49389693,0.49389693,0
MA2_12109,MA2,12109,671,0,0.49389693,0.49389693,0.49389693,0.49389693,0
MA2_13056,MA2,13056,112,0,0.49389693,0.49389693,0.49389693,0.49389693,0
MA2_47402,MA2,47402,460,0,0.49389693,0.4938969,0.49389693,0.49389693,0
MA2_96453,MA2,96453,671,0,0.49389693,0.49389693,0.49389693,0.49389693,0
MA1_9790,MA1,9790,11,0,0.49389693,0.49389693,0.49389693,0.49389693,0
MA1_3995,MA1,3995,671,0,0.49389693,0.49389693,0.49389693,0.49389693,0
MA2_114335,MA2,114335,119,0,0.49389693,0.49389693,0.49389693,0.49389693,0
MA2_35670,MA2,35670,635,0,0.49389693,0.49389693,0.49389693,0.49389693,0
MA2_3187,MA2,3187,671,0,0.49389693,0.49389693,0.49389693,0.49389693,0
MA2_78497,MA2,78497,457,0,0.49389693,0.49389693,0.49389693,0.49389693,0
MA2_52974,MA2,52974,671,0,0.49389693,0.49389693,0.49389693,0.49389693,0
MA2_24790,MA2,24790,671,0,0.49389693,0.49389693,0.49389693,0.49389693,0
MA2_51743,MA2,51743,671,0,0.49389693,0.49389693,0.49389693,0.49389693,0
MA2_72335,MA2,72335,671,0,0.49389693,0.49389693,0.49389693,0.49389693,0
MA2_41987,MA2,41987,671,0,0.49389693,0.49389693,0.49389693,0.49389693,0
MA2_38817,MA2,38817,404,0,0.49389693,0.49389693,0.49389693,0.49389693,0
MA2_48096,MA2,48096,671,0,0.49389693,0.49389693,0.49389693,0.49389693,0
MA1_15061,MA1,15061,671,0,0.49389693,0.49389693,0.49389693,0.49389693,0
MA2_60662,MA2,60662,671,0,0.49389693,0.49389693,0.49389693,0.49389693,0
MA2_61211,MA2,61211,643,0,0.49389693,0.4938969,0.49389693,0.49389693,0
MA2_88104,MA2,88104,277,0,0.49389693,0.49389693,0.49389693,0.49389693,0
MA1_20297,MA1,20297,671,0,0.49389693,0.49389693,0.49389693,0.49389693,0
MA2_23219,MA2,23219,671,0,0.49389693,0.49389693,0.49389693,0.49389693,0
MA2_65478,MA2,65478,547,0,0.49389693,0.49389693,0.49389693,0.49389693,0
MA2_14310,MA2,14310,671,0,0.49389693,0.49389693,0.49389693,0.49389693,0
MA2_39682,MA2,39682,635,0,0.49389693,0.49389693,0.49389693,0.49389693,0
MA2_109044,MA2,109044,635,0,0.49389693,0.49389693,0.49389693,0.49389693,0
MA1_5249,MA1,5249,668,0,0.49389693,0.49389693,0.49389693,0.49389693,0
MA2_9146,MA2,9146,671,0,0.49389693,0.49389693,0.49389693,0.49389693,0
MA1_32224,MA1,32224,403,0,0.49389693,0.49389693,0.49389693,0.49389693,0
MA2_5576,MA2,5576,671,0,0.49389693,0.49389693,0.49389693,0.49389693,0
MA2_3115,MA2,3115,620,0,0.49389693,0.49389693,0.49389693,0.49389693,0
MA2_59690,MA2,59690,327,0,0.49389693,0.49389696,0.49389693,0.49389693,0
MA1_40052,MA1,40052,644,0,0.49389693,0.4938969,0.49389693,0.49389693,0
MA2_6092,MA2,6092,671,0,0.49389693,0.49389693,0.49389693,0.49389693,0
MA1_839,MA1,839,635,0,0.49389693,0.49389693,0.49389693,0.49389693,0
MA2_8397,MA2,8397,671,0,0.49389693,0.49389693,0.49389693,0.49389693,0
MA2_10251,MA2,10251,253,0,0.49389693,0.49389693,0.49389693,0.49389693,0
MA2_102808,MA2,102808,671,0,0.49389693,0.49389693,0.49389693,0.49389693,0
MA2_89872,MA2,89872,671,0,0.49389693,0.49389693,0.49389693,0.49389693,0
MA1_23701,MA1,23701,671,0,0.49389693,0.49389693,0.49389693,0.49389693,0
MA2_97557,MA2,97557,671,0,0.49389693,0.49389693,0.49389693,0.49389693,0
MA2_110503,MA2,110503,634,0,0.49389693,0.49389693,0.49389693,0.49389693,0
MA2_55190,MA2,55190,671,0,0.49389693,0.49389693,0.49389693,0.49389693,0
MA2_95217,MA2,95217,671,0,0.49389693,0.49389693,0.49389693,0.49389693,0
MA2_48376,MA2,48376,635,0,0.49389693,0.49389693,0.49389693,0.49389693,0
MA2_111115,MA2,111115,635,0,0.49389693,0.49389693,0.49389693,0.49389693,0
MA2_100289,MA2,100289,453,0,0.49389693,0.49389693,0.49389693,0.49389693,0
MA2_53748,MA2,53748,671,0,0.49389693,0.49389693,0.49389693,0.49389693,0
MA2_3368,MA2,3368,460,0,0.49389693,0.4938969,0.49389693,0.49389693,0
MA2_105509,MA2,105509,251,0,0.49389693,0.49389693,0.49389693,0.49389693,0
MA2_37478,MA2,37478,671,0,0.49389693,0.49389693,0.49389693,0.49389693,0
MA1_14013,MA1,14013,382,0,0.49389693,0.49389693,0.49389693,0.49389693,0
MA2_120034,MA2,120034,671,0,0.49389693,0.49389693,0.49389693,0.49389693,0
MA1_28458,MA1,28458,635,0,0.49389693,0.49389693,0.49389693,0.49389693,0
MA2_72485,MA2,72485,671,0,0.49389693,0.49389693,0.49389693,0.49389693,0
MA2_113695,MA2,113695,671,0,0.49389693,0.49389693,0.49389693,0.49389693,0
MA2_24675,MA2,24675,635,0,0.49389693,0.49389693,0.49389693,0.49389693,0
MA2_74362,MA2,74362,671,0,0.49389693,0.49389693,0.49389693,0.49389693,0
MA1_527,MA1,527,671,0,0.49389693,0.49389693,0.49389693,0.49389693,0
MA2_21117,MA2,21117,457,0,0.49389693,0.49389693,0.49389693,0.49389693,0
MA2_6323,MA2,6323,378,0,0.49389693,0.49389693,0.49389693,0.49389693,0
MA2_104388,MA2,104388,309,0,0.49389693,0.49389693,0.49389693,0.49389693,0
MA2_62770,MA2,62770,671,0,0.49389693,0.49389693,0.49389693,0.49389693,0
MA1_6199,MA1,6199,671,0,0.49389693,0.49389693,0.49389693,0.49389693,0
MA2_108972,MA2,108972,671,0,0.49389693,0.49389693,0.49389693,0.49389693,0
MA1_20598,MA1,20598,671,0,0.49389693,0.49389693,0.49389693,0.49389693,0
MA2_18111,MA2,18111,671,0,0.49389693,0.49389693,0.49389693,0.49389693,0
MA2_10456,MA2,10456,671,0,0.49389693,0.49389693,0.49389693,0.49389693,0
MA2_87174,MA2,87174,635,0,0.49389693,0.49389693,0.49389693,0.49389693,0
MA1_5989,MA1,5989,536,0,0.49389693,0.49389693,0.49389693,0.49389693,0
MA2_83582,MA2,83582,635,0,0.49389693,0.49389693,0.49389693,0.49389693,0
MA2_29891,MA2,29891,533,0,0.49389693,0.49389693,0.49389693,0.49389693,0
MA2_110244,MA2,110244,671,0,0.49389693,0.49389693,0.49389693,0.49389693,0
MA2_18670,MA2,18670,671,0,0.49389693,0.49389693,0.49389693,0.49389693,0
MA2_104712,MA2,104712,468,0,0.49389693,0.49389693,0.49389693,0.49389693,0
MA2_98171,MA2,98171,635,0,0.49389693,0.49389693,0.49389693,0.49389693,0
MA1_18648,MA1,18648,92,0,0.49389693,0.49389693,0.49389693,0.49389693,0
MA2_19692,MA2,19692,635,0,0.49389693,0.49389693,0.49389693,0.49389693,0
MA2_16852,MA2,16852,635,0,0.49389693,0.49389693,0.49389693,0.49389693,0
MA2_108120,MA2,108120,635,0,0.49389693,0.49389693,0.49389693,0.49389693,0
MA2_47057,MA2,47057,671,0,0.49389693,0.49389693,0.49389693,0.49389693,0
MA2_51669,MA2,51669,635,0,0.49389693,0.49389693,0.49389693,0.49389693,0
MA2_108601,MA2,108601,671,0,0.49389693,0.49389693,0.49389693,0.49389693,0
MA2_54083,MA2,54083,635,0,0.49389693,0.49389693,0.49389693,0.49389693,0
MA2_56140,MA2,56140,671,0,0.49389693,0.49389693,0.49389693,0.49389693,0
MA2_112406,MA2,112406,627,0,0.49389693,0.49389693,0.49389693,0.49389693,0
MA2_32025,MA2,32025,364,0,0.49389693,0.49389693,0.49389693,0.49389693,0
MA2_100826,MA2,100826,635,0,0.49389693,0.49389693,0.49389693,0.49389693,0
MA2_26977,MA2,26977,671,0,0.49389693,0.49389693,0.49389693,0.49389693,0
MA1_42290,MA1,42290,404,0,0.49389693,0.49389693,0.49389693,0.49389693,0
MA2_27708,MA2,27708,459,0,0.49389693,0.49389693,0.49389693,0.49389693,0
MA2_46800,MA2,46800,458,0,0.49389693,0.49389693,0.49389693,0.49389693,0
MA1_42274,MA1,42274,658,0,0.49389693,0.49389696,0.49389693,0.49389693,0
MA2_83148,MA2,83148,490,0,0.49389693,0.49389693,0.49389693,0.49389693,0
MA2_35096,MA2,35096,671,0,0.49389693,0.49389693,0.49389693,0.49389693,0
MA2_56065,MA2,56065,671,0,0.49389693,0.49389693,0.49389693,0.49389693,0
MA2_61715,MA2,61715,671,0,0.49389693,0.49389693,0.49389693,0.49389693,0
MA2_98375,MA2,98375,645,0,0.49389693,0.4938969,0.49389693,0.49389693,0
MA1_37713,MA1,37713,671,0,0.49389693,0.49389693,0.49389693,0.49389693,0
MA2_96357,MA2,96357,327,0,0.49389693,0.49389696,0.49389693,0.49389693,0
MA2_108192,MA2,108192,411,0,0.49389693,0.49389693,0.49389693,0.49389693,0
MA2_51150,MA2,51150,336,0,0.49389693,0.49389693,0.49389693,0.49389693,0
MA2_113340,MA2,113340,383,0,0.49389693,0.49389693,0.49389693,0.49389693,0
MA1_34297,MA1,34297,437,0,0.49389693,0.49389693,0.49389693,0.49389693,0
MA2_10936,MA2,10936,545,0,0.49389693,0.49389693,0.49389693,0.49389693,0
MA2_20535,MA2,20535,671,0,0.49389693,0.49389693,0.49389693,0.49389693,0
MA2_36362,MA2,36362,671,0,0.49389693,0.49389693,0.49389693,0.49389693,0
MA1_41051,MA1,41051,378,0,0.49389693,0.49389693,0.49389693,0.49389693,0
MA2_60343,MA2,60343,671,0,0.49389693,0.49389693,0.49389693,0.49389693,0
MA2_79159,MA2,79159,443,0,0.49389693,0.49389693,0.49389693,0.49389693,0
MA2_34591,MA2,34591,671,0,0.49389693,0.49389693,0.49389693,0.49389693,0
MA1_41100,MA1,41100,658,0,0.49389693,0.49389696,0.49389693,0.49389693,0
MA2_72607,MA2,72607,671,0,0.49389693,0.49389693,0.49389693,0.49389693,0
MA2_26848,MA2,26848,657,0,0.49389693,0.49389696,0.49389693,0.49389693,0
MA2_92478,MA2,92478,671,0,0.49389693,0.49389693,0.49389693,0.49389693,0
MA2_13447,MA2,13447,671,0,0.49389693,0.49389693,0.49389693,0.49389693,0
MA2_24734,MA2,24734,671,0,0.49389693,0.49389693,0.49389693,0.49389693,0
MA1_24911,MA1,24911,635,0,0.49389693,0.49389693,0.49389693,0.49389693,0
MA2_105472,MA2,105472,635,0,0.49389693,0.49389693,0.49389693,0.49389693,0
MA1_31712,MA1,31712,671,0,0.49389693,0.49389693,0.49389693,0.49389693,0
MA1_24529,MA1,24529,635,0,0.49389693,0.49389693,0.49389693,0.49389693,0
MA2_1950,MA2,1950,635,0,0.49389693,0.49389693,0.49389693,0.49389693,0
MA2_10431,MA2,10431,671,0,0.49389693,0.49389693,0.49389693,0.49389693,0
MA2_104471,MA2,104471,671,0,0.49389693,0.49389693,0.49389693,0.49389693,0
MA1_16549,MA1,16549,382,0,0.6730572,0.6650873,0.5654436,0.65781444,0
MA2_87380,MA2,87380,559,0,0.49389693,0.49389693,0.49389693,0.49389693,0
MA1_27709,MA1,27709,523,0,0.49389693,0.49389696,0.49389693,0.49389693,0
MA2_82698,MA2,82698,671,0,0.49389693,0.49389693,0.49389693,0.49389693,0
MA2_86520,MA2,86520,196,29,0.49389693,0.4938969,0.49389693,0.49389693,1
MA1_15609,MA1,15609,253,0,0.49389693,0.49389693,0.49389693,0.49389693,0
MA2_91666,MA2,91666,671,0,0.49389693,0.49389693,0.49389693,0.49389693,0
MA2_92131,MA2,92131,293,0,0.49389693,0.49389696,0.49389693,0.49389693,0
MA2_52799,MA2,52799,372,0,0.49389693,0.49389693,0.49389693,0.49389693,0
MA2_96789,MA2,96789,559,0,0.49389693,0.49389693,0.49389693,0.49389693,0
MA2_111161,MA2,111161,657,0,0.49389693,0.49389696,0.49389693,0.49389693,0
MA2_10384,MA2,10384,645,0,0.49389693,0.4938969,0.49389693,0.49389693,0
MA2_11686,MA2,11686,457,0,0.49389693,0.49389693,0.49389693,0.49389693,0
MA2_60667,MA2,60667,671,0,0.49389693,0.49389693,0.49389693,0.49389693,0
MA1_10633,MA1,10633,671,0,0.49389693,0.49389693,0.49389693,0.49389693,0
MA2_17122,MA2,17122,441,0,0.49389693,0.49389693,0.49389693,0.49389693,0
MA2_92170,MA2,92170,671,0,0.49389693,0.49389693,0.49389693,0.49389693,0
MA2_20124,MA2,20124,657,0,0.49389693,0.49389696,0.49389693,0.49389693,0
MA1_15637,MA1,15637,671,0,0.49389693,0.49389693,0.49389693,0.49389693,0
MA2_77474,MA2,77474,671,0,0.49389693,0.49389693,0.49389693,0.49389693,0
MA2_117142,MA2,117142,659,0,0.49389693,0.49389696,0.49389693,0.49389693,0
MA2_99179,MA2,99179,125,0,0.49389693,0.49389693,0.49389693,0.49389693,0
MA2_62118,MA2,62118,635,0,0.49389693,0.49389693,0.49389693,0.49389693,0
MA2_6587,MA2,6587,327,0,0.49389693,0.49389696,0.49389693,0.49389693,0
MA2_69954,MA2,69954,335,0,0.49389693,0.49389693,0.49389693,0.49389693,0
MA2_117474,MA2,117474,671,0,0.49389693,0.49389693,0.49389693,0.49389693,0
MA2_41705,MA2,41705,118,0,0.49389693,0.49389693,0.49389693,0.49389693,0
MA2_25672,MA2,25672,635,0,0.49389693,0.49389693,0.49389693,0.49389693,0
MA2_10351,MA2,10351,245,0,0.49389693,0.49389693,0.49389693,0.49389693,0
MA2_79376,MA2,79376,460,0,0.49389693,0.4938969,0.49389693,0.49389693,0
MA1_31771,MA1,31771,671,0,0.49389693,0.49389693,0.49389693,0.49389693,0
MA2_15936,MA2,15936,665,0,0.49389693,0.49389693,0.49389693,0.49389693,0
MA2_11476,MA2,11476,671,0,0.49389693,0.49389693,0.49389693,0.49389693,0
MA2_19627,MA2,19627,671,0,0.49389693,0.49389693,0.49389693,0.49389693,0
MA2_21714,MA2,21714,364,0,0.49389693,0.49389693,0.49389693,0.49389693,0
MA1_21637,MA1,21637,671,0,0.49389693,0.49389693,0.49389693,0.49389693,0
MA2_7645,MA2,7645,419,0,0.49389693,0.49389693,0.49389693,0.49389693,0
MA1_10094,MA1,10094,671,0,0.49389693,0.49389693,0.49389693,0.49389693,0
MA1_10890,MA1,10890,403,0,0.6834021,0.6755947,0.59315133,0.6699198,0
MA2_117703,MA2,117703,671,0,0.49389693,0.49389693,0.49389693,0.49389693,0
MA2_59136,MA2,59136,657,0,0.49389693,0.49389696,0.49389693,0.49389693,0
MA2_77695,MA2,77695,453,0,0.49389693,0.49389693,0.49389693,0.49389693,0
MA1_8635,MA1,8635,671,0,0.49389693,0.49389693,0.49389693,0.49389693,0
MA2_83921,MA2,83921,668,0,0.49389693,0.49389693,0.49389693,0.49389693,0
MA2_107123,MA2,107123,671,0,0.49389693,0.49389693,0.49389693,0.49389693,0
MA2_23062,MA2,23062,671,0,0.49389693,0.49389693,0.49389693,0.49389693,0
MA1_23063,MA1,23063,452,0,0.49389693,0.49389693,0.49389693,0.49389693,0
MA2_89113,MA2,89113,671,0,0.49389693,0.49389693,0.49389693,0.49389693,0
MA2_41086,MA2,41086,671,0,0.49389693,0.49389693,0.49389693,0.49389693,0
MA1_6099,MA1,6099,671,0,0.49389693,0.49389693,0.49389693,0.49389693,0
MA2_9593,MA2,9593,671,0,0.49389693,0.49389693,0.49389693,0.49389693,0
MA2_110862,MA2,110862,459,0,0.49389693,0.49389693,0.49389693,0.49389693,0
MA2_92370,MA2,92370,671,0,0.49389693,0.49389693,0.49389693,0.49389693,0
MA1_29875,MA1,29875,671,0,0.49389693,0.49389693,0.49389693,0.49389693,0
MA2_76518,MA2,76518,459,0,0.49389693,0.49389693,0.49389693,0.49389693,0
MA2_85462,MA2,85462,671,0,0.49389693,0.49389693,0.49389693,0.49389693,0
MA2_87152,MA2,87152,671,0,0.49389693,0.49389693,0.49389693,0.49389693,0
MA2_44858,MA2,44858,671,0,0.49389693,0.49389693,0.49389693,0.49389693,0
MA2_32450,MA2,32450,49,0,0.49389693,0.4938969,0.49389693,0.49389693,0
MA2_100401,MA2,100401,671,0,0.49389693,0.49389693,0.49389693,0.49389693,0
MA2_1681,MA2,1681,671,0,0.49389693,0.49389693,0.49389693,0.49389693,0
MA1_20003,MA1,20003,382,0,0.49389693,0.49389693,0.49389693,0.49389693,0
MA2_21336,MA2,21336,587,0,0.49389693,0.49389696,0.49389693,0.49389693,0
MA2_6409,MA2,6409,671,0,0.49389693,0.49389693,0.49389693,0.49389693,0
MA1_28873,MA1,28873,671,0,0.49389693,0.49389693,0.49389693,0.49389693,0
MA2_34382,MA2,34382,307,0,0.49389693,0.49389693,0.49389693,0.49389693,0
MA1_9841,MA1,9841,657,0,0.49389693,0.49389696,0.49389693,0.49389693,0
MA2_88345,MA2,88345,671,0,0.49389693,0.49389693,0.49389693,0.49389693,0
MA1_9186,MA1,9186,634,0,0.49389693,0.49389693,0.49389693,0.49389693,0
MA2_117099,MA2,117099,663,0,0.49389693,0.49389693,0.49389693,0.49389693,0
MA2_101524,MA2,101524,327,0,0.49389693,0.49389696,0.49389693,0.49389693,0
MA2_84505,MA2,84505,434,0,0.49389693,0.49389693,0.49389693,0.49389693,0
MA2_65984,MA2,65984,635,0,0.49389693,0.49389693,0.49389693,0.49389693,0
MA2_91931,MA2,91931,635,0,0.49389693,0.49389693,0.49389693,0.49389693,0
MA2_26077,MA2,26077,671,0,0.49389693,0.49389693,0.49389693,0.49389693,0
MA2_65979,MA2,65979,635,0,0.49389693,0.49389693,0.49389693,0.49389693,0
MA2_37251,MA2,37251,635,0,0.49389693,0.49389693,0.49389693,0.49389693,0
MA2_38670,MA2,38670,635,0,0.49389693,0.49389693,0.49389693,0.49389693,0
MA2_12044,MA2,12044,635,0,0.49389693,0.49389693,0.49389693,0.49389693,0
MA1_6741,MA1,6741,671,0,0.49389693,0.49389693,0.49389693,0.49389693,0
MA2_23508,MA2,23508,671,0,0.49389693,0.49389693,0.49389693,0.49389693,0
MA1_11348,MA1,11348,523,0,0.49389693,0.49389696,0.49389693,0.49389693,0
MA2_45608,MA2,45608,671,0,0.49389693,0.49389693,0.49389693,0.49389693,0
MA1_27954,MA1,27954,671,0,0.49389693,0.49389693,0.49389693,0.49389693,0
MA2_26637,MA2,26637,635,0,0.49389693,0.49389693,0.49389693,0.49389693,0
MA2_118396,MA2,118396,308,0,0.49389693,0.49389693,0.49389693,0.49389693,0
MA2_113749,MA2,113749,514,0,0.49389693,0.49389693,0.49389693,0.49389693,0
MA2_11475,MA2,11475,671,0,0.49389693,0.49389693,0.49389693,0.49389693,0
MA2_8306,MA2,8306,671,0,0.49389693,0.49389693,0.49389693,0.49389693,0
MA1_25836,MA1,25836,253,0,0.49389693,0.49389693,0.49389693,0.49389693,0
MA2_28492,MA2,28492,671,0,0.49389693,0.49389693,0.49389693,0.49389693,0
MA1_24317,MA1,24317,671,0,0.49389693,0.49389693,0.49389693,0.49389693,0
MA1_24096,MA1,24096,671,0,0.49389693,0.49389693,0.49389693,0.49389693,0
MA1_33990,MA1,33990,635,0,0.49389693,0.49389693,0.49389693,0.49389693,0
MA2_100171,MA2,100171,393,0,0.49389693,0.49389696,0.49389693,0.49389693,0
MA1_3798,MA1,3798,468,0,0.49389693,0.49389693,0.49389693,0.49389693,0
MA2_26380,MA2,26380,671,0,0.49389693,0.49389693,0.49389693,0.49389693,0
MA2_26634,MA2,26634,635,0,0.49389693,0.49389693,0.49389693,0.49389693,0
MA2_83016,MA2,83016,671,0,0.49389693,0.49389693,0.49389693,0.49389693,0
MA2_79913,MA2,79913,327,0,0.49389693,0.49389696,0.49389693,0.49389693,0
MA1_19697,MA1,19697,635,0,0.49389693,0.49389693,0.49389693,0.49389693,0
MA2_85779,MA2,85779,635,0,0.49389693,0.49389693,0.49389693,0.49389693,0
MA1_31776,MA1,31776,441,0,0.49389693,0.49389693,0.49389693,0.49389693,0
MA2_59514,MA2,59514,457,0,0.49389693,0.49389693,0.49389693,0.49389693,0
MA1_15448,MA1,15448,635,0,0.49389693,0.49389693,0.49389693,0.49389693,0
MA2_81551,MA2,81551,635,0,0.49389693,0.49389693,0.49389693,0.49389693,0
MA2_104791,MA2,104791,671,0,0.49389693,0.49389693,0.49389693,0.49389693,0
MA2_25946,MA2,25946,671,0,0.49389693,0.49389693,0.49389693,0.49389693,0
MA1_18000,MA1,18000,657,0,0.49389693,0.49389696,0.49389693,0.49389693,0
MA2_59823,MA2,59823,379,0,0.49389693,0.49389693,0.49389693,0.49389693,0
MA2_60225,MA2,60225,665,0,0.49389693,0.49389693,0.49389693,0.49389693,0
MA2_116983,MA2,116983,384,0,0.49389693,0.49389693,0.49389693,0.49389693,0
MA2_106934,MA2,106934,671,0,0.49389693,0.49389693,0.49389693,0.49389693,0
MA2_28671,MA2,28671,671,0,0.49389693,0.49389693,0.49389693,0.49389693,0
MA1_7529,MA1,7529,567,0,0.49389693,0.4938969,0.49389693,0.49389693,0
MA2_96712,MA2,96712,671,0,0.49389693,0.49389693,0.49389693,0.49389693,0
MA2_115636,MA2,115636,125,0,0.49389693,0.49389693,0.49389693,0.49389693,0
MA2_111572,MA2,111572,671,0,0.49389693,0.49389693,0.49389693,0.49389693,0
MA2_104412,MA2,104412,668,0,0.49389693,0.49389693,0.49389693,0.49389693,0
MA2_120069,MA2,120069,671,0,0.49389693,0.49389693,0.49389693,0.49389693,0
MA1_6790,MA1,6790,671,0,0.49389693,0.49389693,0.49389693,0.49389693,0
MA2_111672,MA2,111672,452,0,0.49389693,0.49389693,0.49389693,0.49389693,0
MA2_26675,MA2,26675,657,0,0.49389693,0.49389696,0.49389693,0.49389693,0
MA2_61217,MA2,61217,635,0,0.49389693,0.49389693,0.49389693,0.49389693,0
MA2_70255,MA2,70255,671,0,0.49389693,0.49389693,0.49389693,0.49389693,0
MA2_52556,MA2,52556,620,0,0.49389693,0.49389693,0.49389693,0.49389693,0
MA2_92755,MA2,92755,357,0,0.49389693,0.4938969,0.49389693,0.49389693,0
MA2_48789,MA2,48789,671,0,0.49389693,0.49389693,0.49389693,0.49389693,0
MA2_33002,MA2,33002,657,0,0.49389693,0.49389696,0.49389693,0.49389693,0
MA2_17018,MA2,17018,671,0,0.49389693,0.49389693,0.49389693,0.49389693,0
MA2_40419,MA2,40419,641,0,0.49389693,0.4938969,0.49389693,0.49389693,0
MA1_12831,MA1,12831,302,0,0.49389693,0.49389693,0.49389693,0.49389693,0
MA2_64166,MA2,64166,458,0,0.49389693,0.49389693,0.49389693,0.49389693,0
MA2_86889,MA2,86889,635,0,0.49389693,0.49389693,0.49389693,0.49389693,0
MA1_35294,MA1,35294,8,0,0.49389693,0.49389693,0.49389693,0.49389693,0
MA2_120169,MA2,120169,668,0,0.49389693,0.49389693,0.49389693,0.49389693,0
MA1_23665,MA1,23665,671,0,0.49389693,0.49389693,0.49389693,0.49389693,0
MA2_38477,MA2,38477,671,0,0.49389693,0.49389693,0.49389693,0.49389693,0
MA2_106155,MA2,106155,661,0,0.49389693,0.49389693,0.49389693,0.49389693,0
MA2_1571,MA2,1571,635,0,0.49389693,0.49389693,0.49389693,0.49389693,0
MA2_120150,MA2,120150,249,0,0.49389693,0.49389693,0.49389693,0.49389693,0
MA2_45718,MA2,45718,671,0,0.49389693,0.49389693,0.49389693,0.49389693,0
MA2_27255,MA2,27255,671,0,0.49389693,0.49389693,0.49389693,0.49389693,0
MA2_101508,MA2,101508,671,0,0.49389693,0.49389693,0.49389693,0.49389693,0
MA1_24031,MA1,24031,18,0,0.49389693,0.4938969,0.49389693,0.49389693,0
MA2_115203,MA2,115203,671,0,0.49389693,0.49389693,0.49389693,0.49389693,0
MA1_35888,MA1,35888,671,0,0.49389693,0.49389693,0.49389693,0.49389693,0
MA2_110174,MA2,110174,384,0,0.49389693,0.49389693,0.49389693,0.49389693,0
MA2_118844,MA2,118844,671,0,0.49389693,0.49389693,0.49389693,0.49389693,0
MA2_1224,MA2,1224,671,0,0.49389693,0.49389693,0.49389693,0.49389693,0
MA2_9937,MA2,9937,671,0,0.49389693,0.49389693,0.49389693,0.49389693,0
MA1_10288,MA1,10288,635,0,0.49389693,0.49389693,0.49389693,0.49389693,0
MA2_49835,MA2,49835,635,0,0.49389693,0.49389693,0.49389693,0.49389693,0
MA2_74109,MA2,74109,671,0,0.49389693,0.49389693,0.49389693,0.49389693,0
MA2_105912,MA2,105912,671,0,0.49389693,0.49389693,0.49389693,0.49389693,0
MA2_23565,MA2,23565,671,0,0.49389693,0.49389693,0.49389693,0.49389693,0
MA2_38252,MA2,38252,671,0,0.49389693,0.49389693,0.49389693,0.49389693,0
MA2_87237,MA2,87237,518,0,0.49389693,0.49389693,0.49389693,0.49389693,0
MA2_13998,MA2,13998,635,0,0.49389693,0.49389693,0.49389693,0.49389693,0
MA2_60590,MA2,60590,671,0,0.49389693,0.49389693,0.49389693,0.49389693,0
MA2_151,MA2,151,635,0,0.49389693,0.49389693,0.49389693,0.49389693,0
MA2_120020,MA2,120020,665,0,0.49389693,0.49389693,0.49389693,0.49389693,0
MA1_30748,MA1,30748,671,0,0.49389693,0.49389693,0.49389693,0.49389693,0
MA2_47531,MA2,47531,249,0,0.49389693,0.49389693,0.49389693,0.49389693,0
MA1_3583,MA1,3583,451,0,0.49389693,0.49389693,0.49389693,0.49389693,0
MA2_119522,MA2,119522,236,0,0.49389693,0.49389693,0.49389693,0.49389693,0
MA1_11276,MA1,11276,671,0,0.49389693,0.49389693,0.49389693,0.49389693,0
MA2_115461,MA2,115461,333,0,0.49389693,0.49389693,0.49389693,0.49389693,0
MA2_98692,MA2,98692,671,0,0.49389693,0.49389693,0.49389693,0.49389693,0
MA2_52396,MA2,52396,671,0,0.49389693,0.49389693,0.49389693,0.49389693,0
MA2_94041,MA2,94041,671,0,0.49389693,0.49389693,0.49389693,0.49389693,0
MA2_109996,MA2,109996,671,0,0.49389693,0.49389693,0.49389693,0.49389693,0
MA2_40929,MA2,40929,671,0,0.49389693,0.49389693,0.49389693,0.49389693,0
MA1_960,MA1,960,671,0,0.49389693,0.49389693,0.49389693,0.49389693,0
MA1_41388,MA1,41388,635,0,0.49389693,0.49389693,0.49389693,0.49389693,0
MA2_39735,MA2,39735,671,0,0.49389693,0.49389693,0.49389693,0.49389693,0
MA1_24857,MA1,24857,410,0,0.49389693,0.49389693,0.49389693,0.49389693,0
MA2_25850,MA2,25850,460,0,0.49389693,0.4938969,0.49389693,0.49389693,0
MA2_49964,MA2,49964,634,0,0.49389693,0.49389693,0.49389693,0.49389693,0
MA2_115955,MA2,115955,635,0,0.49389693,0.49389693,0.49389693,0.49389693,0
MA2_67593,MA2,67593,666,0,0.49389693,0.49389693,0.49389693,0.49389693,0
MA2_5345,MA2,5345,635,0,0.49389693,0.49389693,0.49389693,0.49389693,0
MA2_69039,MA2,69039,671,0,0.49389693,0.49389693,0.49389693,0.49389693,0
MA2_115326,MA2,115326,671,0,0.49389693,0.49389693,0.49389693,0.49389693,0
MA2_94792,MA2,94792,634,0,0.49389693,0.49389693,0.49389693,0.49389693,0
MA2_2991,MA2,2991,419,0,0.49389693,0.49389693,0.49389693,0.49389693,0
MA1_35137,MA1,35137,671,0,0.49389693,0.49389693,0.49389693,0.49389693,0
MA1_38464,MA1,38464,546,0,0.49389693,0.49389693,0.49389693,0.49389693,0
MA1_41969,MA1,41969,118,0,0.49389693,0.49389693,0.49389693,0.49389693,0
MA1_41167,MA1,41167,325,30,0.49389693,0.49389696,0.49389693,0.49389693,1
MA2_84613,MA2,84613,671,0,0.49389693,0.49389693,0.49389693,0.49389693,0
MA2_10234,MA2,10234,671,0,0.49389693,0.49389693,0.49389693,0.49389693,0
MA2_54731,MA2,54731,620,0,0.49389693,0.49389693,0.49389693,0.49389693,0
MA1_17344,MA1,17344,253,0,0.49389693,0.49389693,0.49389693,0.49389693,0
MA2_81441,MA2,81441,458,0,0.49389693,0.49389693,0.49389693,0.49389693,0
MA2_17834,MA2,17834,671,0,0.49389693,0.49389693,0.49389693,0.49389693,0
MA1_6465,MA1,6465,671,0,0.49389693,0.49389693,0.49389693,0.49389693,0
MA2_105047,MA2,105047,671,0,0.49389693,0.49389693,0.49389693,0.49389693,0
MA2_80907,MA2,80907,457,0,0.49389693,0.49389693,0.49389693,0.49389693,0
MA2_53169,MA2,53169,657,0,0.49389693,0.49389696,0.49389693,0.49389693,0
MA2_17422,MA2,17422,671,0,0.49389693,0.49389693,0.49389693,0.49389693,0
MA2_64698,MA2,64698,671,0,0.49389693,0.49389693,0.49389693,0.49389693,0
MA1_17942,MA1,17942,635,0,0.49389693,0.49389693,0.49389693,0.49389693,0
MA2_22418,MA2,22418,668,0,0.49389693,0.49389693,0.49389693,0.49389693,0
MA2_77049,MA2,77049,671,0,0.49389693,0.49389693,0.49389693,0.49389693,0
MA2_47331,MA2,47331,438,0,0.49389693,0.49389693,0.49389693,0.49389693,0
MA1_33000,MA1,33000,441,0,0.49389693,0.49389693,0.49389693,0.49389693,0
MA2_46342,MA2,46342,302,0,0.49389693,0.49389693,0.49389693,0.49389693,0
MA1_4271,MA1,4271,671,0,0.49389693,0.49389693,0.49389693,0.49389693,0
MA2_18304,MA2,18304,635,0,0.49389693,0.49389693,0.49389693,0.49389693,0
MA2_107456,MA2,107456,671,0,0.49389693,0.49389693,0.49389693,0.49389693,0
MA2_55554,MA2,55554,307,0,0.49389693,0.49389693,0.49389693,0.49389693,0
MA2_25781,MA2,25781,635,0,0.49389693,0.49389693,0.49389693,0.49389693,0
MA2_88948,MA2,88948,457,0,0.49389693,0.49389693,0.49389693,0.49389693,0
MA2_105394,MA2,105394,671,0,0.49389693,0.49389693,0.49389693,0.49389693,0
MA2_56350,MA2,56350,671,0,0.49389693,0.49389693,0.49389693,0.49389693,0
MA1_33146,MA1,33146,379,0,0.49389693,0.49389693,0.49389693,0.49389693,0
MA1_32999,MA1,32999,183,29,0.49389693,0.49389693,0.49389693,0.49389693,1
MA2_28229,MA2,28229,393,0,0.49389693,0.49389696,0.49389693,0.49389693,0
MA1_12706,MA1,12706,671,0,0.49389693,0.49389693,0.49389693,0.49389693,0
MA2_80366,MA2,80366,635,0,0.49389693,0.49389693,0.49389693,0.49389693,0
MA2_29761,MA2,29761,671,0,0.49389693,0.49389693,0.49389693,0.49389693,0
MA2_63341,MA2,63341,635,0,0.49389693,0.49389693,0.49389693,0.49389693,0
MA2_54709,MA2,54709,635,0,0.49389693,0.49389693,0.49389693,0.49389693,0
MA2_94640,MA2,94640,459,0,0.49389693,0.49389693,0.49389693,0.49389693,0
MA2_76983,MA2,76983,635,0,0.49389693,0.49389693,0.49389693,0.49389693,0
MA2_8515,MA2,8515,335,0,0.49389693,0.49389693,0.49389693,0.49389693,0
MA2_40685,MA2,40685,516,0,0.49389693,0.49389693,0.49389693,0.49389693,0
MA2_96957,MA2,96957,657,0,0.49389693,0.49389696,0.49389693,0.49389693,0
MA2_84146,MA2,84146,433,0,0.49389693,0.49389693,0.49389693,0.49389693,0
MA2_67225,MA2,67225,312,0,0.49389693,0.49389693,0.49389693,0.49389693,0
MA2_52499,MA2,52499,671,0,0.49389693,0.49389693,0.49389693,0.49389693,0
MA2_8721,MA2,8721,671,0,0.49389693,0.49389693,0.49389693,0.49389693,0
MA2_30229,MA2,30229,671,0,0.49389693,0.49389693,0.49389693,0.49389693,0
MA2_71333,MA2,71333,202,0,0.49389693,0.49389693,0.49389693,0.49389693,0
MA1_28335,MA1,28335,635,0,0.49389693,0.49389693,0.49389693,0.49389693,0
MA2_9383,MA2,9383,640,0,0.49389693,0.4938969,0.49389693,0.49389693,0
MA2_58094,MA2,58094,399,0,0.49389693,0.49389693,0.49389693,0.49389693,0
MA2_87646,MA2,87646,467,0,0.49389693,0.49389693,0.49389693,0.49389693,0
MA2_65257,MA2,65257,635,0,0.49389693,0.49389693,0.49389693,0.49389693,0
MA2_107139,MA2,107139,635,0,0.49389693,0.49389693,0.49389693,0.49389693,0
MA2_77135,MA2,77135,398,0,0.49389693,0.49389693,0.49389693,0.49389693,0
MA2_81977,MA2,81977,635,0,0.49389693,0.49389693,0.49389693,0.49389693,0
MA1_28564,MA1,28564,523,0,0.49389693,0.49389696,0.49389693,0.49389693,0
MA2_42198,MA2,42198,634,0,0.49389693,0.49389693,0.49389693,0.49389693,0
MA2_89424,MA2,89424,635,0,0.49389693,0.49389693,0.49389693,0.49389693,0
MA2_12002,MA2,12002,657,0,0.49389693,0.49389696,0.49389693,0.49389693,0
MA2_82218,MA2,82218,671,0,0.49389693,0.49389693,0.49389693,0.49389693,0
MA2_30980,MA2,30980,458,0,0.49389693,0.49389693,0.49389693,0.49389693,0
MA1_448,MA1,448,529,0,0.49389693,0.49389693,0.49389693,0.49389693,0
MA2_36956,MA2,36956,671,0,0.49389693,0.49389693,0.49389693,0.49389693,0
MA1_5666,MA1,5666,671,0,0.49389693,0.49389693,0.49389693,0.49389693,0
MA2_11473,MA2,11473,671,0,0.49389693,0.49389693,0.49389693,0.49389693,0
MA2_4698,MA2,4698,635,0,0.49389693,0.49389693,0.49389693,0.49389693,0
MA2_26908,MA2,26908,590,0,0.49389693,0.49389696,0.49389693,0.49389693,0
MA2_36895,MA2,36895,384,0,0.49389693,0.49389693,0.49389693,0.49389693,0
MA2_104505,MA2,104505,635,0,0.49389693,0.49389693,0.49389693,0.49389693,0
MA2_27267,MA2,27267,671,0,0.49389693,0.49389693,0.49389693,0.49389693,0
MA1_16402,MA1,16402,260,0,0.49389693,0.49389696,0.49389693,0.49389693,0
MA1_20844,MA1,20844,441,0,0.49389693,0.49389693,0.49389693,0.49389693,0
MA2_119879,MA2,119879,671,0,0.49389693,0.49389693,0.49389693,0.49389693,0
MA2_82784,MA2,82784,671,0,0.49389693,0.49389693,0.49389693,0.49389693,0
MA2_84561,MA2,84561,635,0,0.49389693,0.49389693,0.49389693,0.49389693,0
MA2_3374,MA2,3374,411,0,0.49389693,0.49389693,0.49389693,0.49389693,0
MA2_103340,MA2,103340,671,0,0.49389693,0.49389693,0.49389693,0.49389693,0
MA2_116145,MA2,116145,254,29,0.49389693,0.49389693,0.49389693,0.49389693,1
MA2_38464,MA2,38464,312,0,0.49389693,0.49389693,0.49389693,0.49389693,0
MA2_82342,MA2,82342,669,0,0.49389693,0.49389693,0.49389693,0.49389693,0
MA2_13967,MA2,13967,635,0,0.49389693,0.49389693,0.49389693,0.49389693,0
MA1_8586,MA1,8586,671,0,0.49389693,0.49389693,0.49389693,0.49389693,0
MA2_92031,MA2,92031,620,0,0.49389693,0.49389693,0.49389693,0.49389693,0
MA2_118158,MA2,118158,671,0,0.49389693,0.49389693,0.49389693,0.49389693,0
MA2_34679,MA2,34679,635,0,0.49389693,0.49389693,0.49389693,0.49389693,0
MA2_73301,MA2,73301,251,0,0.49389693,0.49389693,0.49389693,0.49389693,0
MA2_26769,MA2,26769,302,0,0.49389693,0.49389693,0.49389693,0.49389693,0
MA2_112411,MA2,112411,671,0,0.49389693,0.49389693,0.49389693,0.49389693,0
MA2_37904,MA2,37904,459,0,0.49389693,0.49389693,0.49389693,0.49389693,0
MA1_41878,MA1,41878,441,0,0.49389693,0.49389693,0.49389693,0.49389693,0
MA1_39096,MA1,39096,529,0,0.49389693,0.49389693,0.49389693,0.49389693,0
MA2_89498,MA2,89498,671,0,0.49389693,0.49389693,0.49389693,0.49389693,0
MA2_54870,MA2,54870,671,0,0.49389693,0.49389693,0.49389693,0.49389693,0
MA2_69599,MA2,69599,457,0,0.49389693,0.49389693,0.49389693,0.49389693,0
MA1_25743,MA1,25743,671,0,0.49389693,0.49389693,0.49389693,0.49389693,0
MA2_111607,MA2,111607,413,0,0.49389693,0.49389693,0.49389693,0.49389693,0
MA2_112633,MA2,112633,671,0,0.49389693,0.49389693,0.49389693,0.49389693,0
MA2_22213,MA2,22213,671,0,0.49389693,0.49389693,0.49389693,0.49389693,0
MA1_26472,MA1,26472,603,0,0.49389693,0.49389693,0.49389693,0.49389693,0
MA2_10163,MA2,10163,635,0,0.49389693,0.49389693,0.49389693,0.49389693,0
MA1_35136,MA1,35136,671,0,0.49389693,0.49389693,0.49389693,0.49389693,0
MA1_2846,MA1,2846,671,0,0.49389693,0.49389693,0.49389693,0.49389693,0
MA2_114374,MA2,114374,671,0,0.49389693,0.49389693,0.49389693,0.49389693,0
MA2_107169,MA2,107169,671,0,0.49389693,0.49389693,0.49389693,0.49389693,0
MA2_119788,MA2,119788,635,0,0.49389693,0.49389693,0.49389693,0.49389693,0
MA1_2477,MA1,2477,671,0,0.49389693,0.49389693,0.49389693,0.49389693,0
MA2_47257,MA2,47257,671,0,0.49389693,0.49389693,0.49389693,0.49389693,0
MA2_54798,MA2,54798,671,0,0.49389693,0.49389693,0.49389693,0.49389693,0
MA2_96581,MA2,96581,458,0,0.49389693,0.49389693,0.49389693,0.49389693,0
MA2_18982,MA2,18982,663,0,0.49389693,0.49389693,0.49389693,0.49389693,0
MA2_26734,MA2,26734,363,0,0.49389693,0.49389696,0.49389693,0.49389693,0
MA2_112995,MA2,112995,671,0,0.49389693,0.49389693,0.49389693,0.49389693,0
MA2_6052,MA2,6052,361,0,0.49389693,0.49389696,0.49389693,0.49389693,0
MA2_42053,MA2,42053,671,0,0.49389693,0.49389693,0.49389693,0.49389693,0
MA2_33773,MA2,33773,635,0,0.49389693,0.49389693,0.49389693,0.49389693,0
MA2_40317,MA2,40317,671,0,0.49389693,0.49389693,0.49389693,0.49389693,0
MA2_105922,MA2,105922,460,0,0.49389693,0.4938969,0.49389693,0.49389693,0
MA2_33294,MA2,33294,671,0,0.49389693,0.49389693,0.49389693,0.49389693,0
MA1_41925,MA1,41925,666,0,0.49389693,0.49389693,0.49389693,0.49389693,0
MA2_38070,MA2,38070,179,0,0.49389693,0.4938969,0.49389693,0.49389693,0
MA2_4629,MA2,4629,671,0,0.49389693,0.49389693,0.49389693,0.49389693,0
MA1_6794,MA1,6794,671,0,0.49389693,0.49389693,0.49389693,0.49389693,0
MA1_7155,MA1,7155,671,0,0.49389693,0.49389693,0.49389693,0.49389693,0
MA2_22605,MA2,22605,671,0,0.49389693,0.49389693,0.49389693,0.49389693,0
MA2_87350,MA2,87350,671,0,0.49389693,0.49389693,0.49389693,0.49389693,0
MA1_24171,MA1,24171,671,0,0.49389693,0.49389693,0.49389693,0.49389693,0
MA1_2412,MA1,2412,671,0,0.49389693,0.49389693,0.49389693,0.49389693,0
MA2_91412,MA2,91412,540,0,0.49389693,0.49389693,0.49389693,0.49389693,0
MA2_76281,MA2,76281,671,0,0.49389693,0.49389693,0.49389693,0.49389693,0
MA2_49781,MA2,49781,635,0,0.49389693,0.49389693,0.49389693,0.49389693,0
MA2_42674,MA2,42674,635,0,0.49389693,0.49389693,0.49389693,0.49389693,0
MA2_53957,MA2,53957,434,0,0.49389693,0.49389693,0.49389693,0.49389693,0
MA2_81592,MA2,81592,671,0,0.49389693,0.49389693,0.49389693,0.49389693,0
MA1_41855,MA1,41855,274,0,0.49389693,0.49389693,0.49389693,0.49389693,0
MA2_104512,MA2,104512,635,0,0.49389693,0.49389693,0.49389693,0.49389693,0
MA1_38039,MA1,38039,671,0,0.49389693,0.49389693,0.49389693,0.49389693,0
MA2_65343,MA2,65343,671,0,0.49389693,0.49389693,0.49389693,0.49389693,0
MA2_30073,MA2,30073,635,0,0.49389693,0.49389693,0.49389693,0.49389693,0
MA2_56905,MA2,56905,384,0,0.49389693,0.49389693,0.49389693,0.49389693,0
MA2_2462,MA2,2462,321,0,0.49389693,0.4938969,0.49389693,0.49389693,0
MA2_4488,MA2,4488,671,0,0.49389693,0.49389693,0.49389693,0.49389693,0
MA2_17515,MA2,17515,665,0,0.49389693,0.49389693,0.49389693,0.49389693,0
MA2_45879,MA2,45879,671,0,0.49389693,0.49389693,0.49389693,0.49389693,0
MA2_96153,MA2,96153,671,0,0.49389693,0.49389693,0.49389693,0.49389693,0
MA2_53321,MA2,53321,671,0,0.49389693,0.49389693,0.49389693,0.49389693,0
MA2_93188,MA2,93188,327,0,0.49389693,0.49389696,0.49389693,0.49389693,0
MA2_84688,MA2,84688,501,0,0.49389693,0.49389693,0.49389693,0.49389693,0
MA2_119954,MA2,119954,671,0,0.49389693,0.49389693,0.49389693,0.49389693,0
MA2_104250,MA2,104250,671,0,0.49389693,0.49389693,0.49389693,0.49389693,0
MA2_90459,MA2,90459,438,0,0.49389693,0.49389693,0.49389693,0.49389693,0
MA2_31435,MA2,31435,671,0,0.49389693,0.49389693,0.49389693,0.49389693,0
MA2_26911,MA2,26911,532,0,0.49389693,0.49389693,0.49389693,0.49389693,0
MA2_32717,MA2,32717,391,0,0.49389693,0.4938969,0.49389693,0.49389693,0
MA2_7605,MA2,7605,671,0,0.49389693,0.49389693,0.49389693,0.49389693,0
MA1_12740,MA1,12740,671,0,0.49389693,0.49389693,0.49389693,0.49389693,0
MA2_77730,MA2,77730,336,0,0.49389693,0.49389693,0.49389693,0.49389693,0
MA2_52450,MA2,52450,671,0,0.49389693,0.49389693,0.49389693,0.49389693,0
MA2_80300,MA2,80300,671,0,0.49389693,0.49389693,0.49389693,0.49389693,0
MA2_10941,MA2,10941,635,0,0.49389693,0.49389693,0.49389693,0.49389693,0
MA2_73365,MA2,73365,671,0,0.49389693,0.49389693,0.49389693,0.49389693,0
MA1_2869,MA1,2869,6,0,0.49389693,0.49389693,0.49389693,0.49389693,0
MA2_89557,MA2,89557,312,0,0.49389693,0.49389693,0.49389693,0.49389693,0
MA2_88870,MA2,88870,603,0,0.49389693,0.49389693,0.49389693,0.49389693,0
MA2_5951,MA2,5951,364,0,0.49389693,0.49389693,0.49389693,0.49389693,0
MA2_37169,MA2,37169,292,0,0.49389693,0.49389696,0.49389693,0.49389693,0
MA1_39205,MA1,39205,671,0,0.49389693,0.49389693,0.49389693,0.49389693,0
MA1_2779,MA1,2779,404,0,0.49389693,0.49389693,0.49389693,0.49389693,0
MA2_81585,MA2,81585,671,0,0.49389693,0.49389693,0.49389693,0.49389693,0
MA2_118907,MA2,118907,671,0,0.49389693,0.49389693,0.49389693,0.49389693,0
MA2_58204,MA2,58204,663,0,0.49389693,0.49389693,0.49389693,0.49389693,0
MA2_50581,MA2,50581,635,0,0.49389693,0.49389693,0.49389693,0.49389693,0
MA2_82833,MA2,82833,635,0,0.49389693,0.49389693,0.49389693,0.49389693,0
MA1_10111,MA1,10111,671,0,0.49389693,0.49389693,0.49389693,0.49389693,0
MA2_60223,MA2,60223,671,0,0.49389693,0.49389693,0.49389693,0.49389693,0
MA2_76266,MA2,76266,546,0,0.49389693,0.49389693,0.49389693,0.49389693,0
MA1_40375,MA1,40375,408,0,0.49389693,0.49389693,0.49389693,0.49389693,0
MA2_27718,MA2,27718,363,0,0.49389693,0.49389696,0.49389693,0.49389693,0
MA2_67474,MA2,67474,671,0,0.49389693,0.49389693,0.49389693,0.49389693,0
MA2_88580,MA2,88580,312,0,0.49389693,0.49389693,0.49389693,0.49389693,0
MA2_32290,MA2,32290,671,0,0.49389693,0.49389693,0.49389693,0.49389693,0
MA2_22950,MA2,22950,501,0,0.49389693,0.49389693,0.49389693,0.49389693,0
MA2_107500,MA2,107500,635,0,0.49389693,0.49389693,0.49389693,0.49389693,0
MA2_120770,MA2,120770,137,0,0.49389693,0.49389693,0.49389693,0.49389693,0
MA2_22998,MA2,22998,670,0,0.49389693,0.49389693,0.49389693,0.49389693,0
MA2_65412,MA2,65412,671,0,0.49389693,0.49389693,0.49389693,0.49389693,0
MA2_39988,MA2,39988,638,0,0.49389693,0.4938969,0.49389693,0.49389693,0
MA2_28626,MA2,28626,671,0,0.49389693,0.49389693,0.49389693,0.49389693,0
MA1_17728,MA1,17728,372,0,0.49389693,0.49389693,0.49389693,0.49389693,0
MA1_36312,MA1,36312,635,0,0.49389693,0.49389693,0.49389693,0.49389693,0
MA2_48274,MA2,48274,469,0,0.49389693,0.49389693,0.49389693,0.49389693,0
MA1_10662,MA1,10662,671,0,0.49389693,0.49389693,0.49389693,0.49389693,0
MA2_14419,MA2,14419,364,0,0.49389693,0.49389693,0.49389693,0.49389693,0
MA2_7247,MA2,7247,671,0,0.49389693,0.49389693,0.49389693,0.49389693,0
MA2_1922,MA2,1922,671,0,0.49389693,0.49389693,0.49389693,0.49389693,0
MA1_25300,MA1,25300,671,0,0.49389693,0.49389693,0.49389693,0.49389693,0
MA2_16784,MA2,16784,671,0,0.49389693,0.49389693,0.49389693,0.49389693,0
MA2_8847,MA2,8847,529,0,0.49389693,0.49389693,0.49389693,0.49389693,0
MA2_82968,MA2,82968,671,0,0.49389693,0.49389693,0.49389693,0.49389693,0
MA2_113622,MA2,113622,671,0,0.49389693,0.49389693,0.49389693,0.49389693,0
MA2_38466,MA2,38466,671,0,0.49389693,0.49389693,0.49389693,0.49389693,0
MA2_19256,MA2,19256,460,0,0.49389693,0.4938969,0.49389693,0.49389693,0
MA2_1966,MA2,1966,459,0,0.49389693,0.49389693,0.49389693,0.49389693,0
MA2_3707,MA2,3707,671,0,0.49389693,0.49389693,0.49389693,0.49389693,0
MA2_62865,MA2,62865,635,0,0.49389693,0.49389693,0.49389693,0.49389693,0
MA2_86057,MA2,86057,453,0,0.49389693,0.49389693,0.49389693,0.49389693,0
MA2_22852,MA2,22852,457,0,0.49389693,0.49389693,0.49389693,0.49389693,0
MA2_4747,MA2,4747,671,0,0.49389693,0.49389693,0.49389693,0.49389693,0
MA2_108123,MA2,108123,635,0,0.49389693,0.49389693,0.49389693,0.49389693,0
MA1_35391,MA1,35391,279,0,0.49389693,0.49389693,0.49389693,0.49389693,0
MA2_25908,MA2,25908,458,0,0.49389693,0.49389693,0.49389693,0.49389693,0
MA1_18769,MA1,18769,386,0,0.49389693,0.49389693,0.49389693,0.49389693,0
MA2_46832,MA2,46832,671,0,0.49389693,0.49389693,0.49389693,0.49389693,0
MA2_118989,MA2,118989,671,0,0.49389693,0.49389693,0.49389693,0.49389693,0
MA1_31297,MA1,31297,452,0,0.49389693,0.49389693,0.49389693,0.49389693,0
MA2_96210,MA2,96210,659,0,0.49389693,0.49389696,0.49389693,0.49389693,0
MA2_97352,MA2,97352,671,0,0.49389693,0.49389693,0.49389693,0.49389693,0
MA2_35345,MA2,35345,336,0,0.49389693,0.49389693,0.49389693,0.49389693,0
MA2_34657,MA2,34657,671,0,0.49389693,0.49389693,0.49389693,0.49389693,0
MA2_13217,MA2,13217,15,15,0.49389693,0.49389693,0.49389693,0.49389693,1
MA1_11505,MA1,11505,529,0,0.49389693,0.49389693,0.49389693,0.49389693,0
MA1_2154,MA1,2154,302,0,0.49389693,0.49389693,0.49389693,0.49389693,0
MA2_105172,MA2,105172,671,0,0.49389693,0.49389693,0.49389693,0.49389693,0
MA2_114360,MA2,114360,658,0,0.49389693,0.49389696,0.49389693,0.49389693,0
MA1_29029,MA1,29029,393,0,0.49389693,0.49389696,0.49389693,0.49389693,0
MA2_45543,MA2,45543,635,0,0.49389693,0.49389693,0.49389693,0.49389693,0
MA2_61042,MA2,61042,659,0,0.49389693,0.49389696,0.49389693,0.49389693,0
MA2_97510,MA2,97510,671,0,0.49389693,0.49389693,0.49389693,0.49389693,0
MA2_20164,MA2,20164,671,0,0.49389693,0.49389693,0.49389693,0.49389693,0
MA2_19295,MA2,19295,635,0,0.49389693,0.49389693,0.49389693,0.49389693,0
MA2_4139,MA2,4139,635,0,0.49389693,0.49389693,0.49389693,0.49389693,0
MA2_65774,MA2,65774,671,0,0.49389693,0.49389693,0.49389693,0.49389693,0
MA2_74402,MA2,74402,308,0,0.49389693,0.49389693,0.49389693,0.49389693,0
MA2_100651,MA2,100651,382,0,0.49389693,0.49389693,0.49389693,0.49389693,0
MA2_68384,MA2,68384,671,0,0.49389693,0.49389693,0.49389693,0.49389693,0
MA2_111697,MA2,111697,671,0,0.49389693,0.49389693,0.49389693,0.49389693,0
MA2_5730,MA2,5730,554,0,0.49389693,0.49389693,0.49389693,0.49389693,0
MA1_35781,MA1,35781,671,0,0.49389693,0.49389693,0.49389693,0.49389693,0
MA2_92972,MA2,92972,635,0,0.49389693,0.49389693,0.49389693,0.49389693,0
MA2_63106,MA2,63106,635,0,0.49389693,0.49389693,0.49389693,0.49389693,0
MA2_68385,MA2,68385,671,0,0.49389693,0.49389693,0.49389693,0.49389693,0
MA1_747,MA1,747,671,0,0.49389693,0.49389693,0.49389693,0.49389693,0
MA1_21674,MA1,21674,635,0,0.49389693,0.49389693,0.49389693,0.49389693,0
MA2_79563,MA2,79563,251,0,0.49389693,0.49389693,0.49389693,0.49389693,0
MA2_38922,MA2,38922,634,0,0.49389693,0.49389693,0.49389693,0.49389693,0
MA2_45633,MA2,45633,634,0,0.49389693,0.49389693,0.49389693,0.49389693,0
MA2_108986,MA2,108986,634,0,0.49389693,0.49389693,0.49389693,0.49389693,0
MA2_88180,MA2,88180,670,0,0.49389693,0.49389693,0.49389693,0.49389693,0
MA2_47070,MA2,47070,634,0,0.49389693,0.49389693,0.49389693,0.49389693,0
MA2_11745,MA2,11745,634,0,0.49389693,0.49389693,0.49389693,0.49389693,0
MA1_30863,MA1,30863,670,0,0.49389693,0.49389693,0.49389693,0.49389693,0
MA1_15716,MA1,15716,326,0,0.49389693,0.49389696,0.49389693,0.49389693,0
MA2_84246,MA2,84246,670,0,0.49389693,0.49389693,0.49389693,0.49389693,0
MA1_35918,MA1,35918,277,0,0.49389693,0.49389693,0.49389693,0.49389693,0
MA2_8701,MA2,8701,658,0,0.49389693,0.49389696,0.49389693,0.49389693,0
MA2_59128,MA2,59128,634,0,0.49389693,0.49389693,0.49389693,0.49389693,0
MA2_6138,MA2,6138,633,0,0.49389693,0.49389693,0.49389693,0.49389693,0
MA2_49174,MA2,49174,670,0,0.49389693,0.49389693,0.49389693,0.49389693,0
MA2_110269,MA2,110269,670,0,0.49389693,0.49389693,0.49389693,0.49389693,0
MA2_49073,MA2,49073,634,0,0.49389693,0.49389693,0.49389693,0.49389693,0
MA2_35172,MA2,35172,670,0,0.49389693,0.49389693,0.49389693,0.49389693,0
MA2_60057,MA2,60057,670,0,0.49389693,0.49389693,0.49389693,0.49389693,0
MA2_96329,MA2,96329,670,0,0.49389693,0.49389693,0.49389693,0.49389693,0
MA2_37230,MA2,37230,535,0,0.49389693,0.49389693,0.49389693,0.49389693,0
MA2_68099,MA2,68099,634,0,0.49389693,0.49389693,0.49389693,0.49389693,0
MA2_103460,MA2,103460,669,0,0.49389693,0.49389693,0.49389693,0.49389693,0
MA1_39647,MA1,39647,668,0,0.49389693,0.49371722,0.38117597,0.49389693,0
MA2_91400,MA2,91400,371,0,0.49389693,0.49389693,0.49389693,0.49389693,0
MA2_3306,MA2,3306,660,0,0.49389693,0.49389696,0.49389693,0.49389693,0
MA2_17086,MA2,17086,379,0,0.49389693,0.49389693,0.49389693,0.49389693,0
MA2_42535,MA2,42535,621,0,0.49389693,0.49389693,0.49389693,0.49389693,0
MA2_62478,MA2,62478,621,0,0.49389693,0.49389693,0.49389693,0.49389693,0
MA2_63010,MA2,63010,621,0,0.49389693,0.49389693,0.49389693,0.49389693,0
MA2_3684,MA2,3684,655,0,0.49389693,0.49389696,0.49389693,0.49389693,0
MA1_977,MA1,977,655,0,0.49389693,0.49389696,0.49389693,0.49389693,0
MA2_22776,MA2,22776,597,0,0.49389693,0.49389693,0.49389693,0.49389693,0
MA1_14743,MA1,14743,3,0,0.49389693,0.461525,0.4014846,0.49389693,0
MA1_8496,MA1,8496,636,0,0.49389693,0.4938969,0.49389693,0.49389693,0
MA2_101988,MA2,101988,415,0,0.49389693,0.49389693,0.49389693,0.49389693,0
MA2_52722,MA2,52722,597,0,0.49389693,0.025646536,0.49389693,0.0,0
MA1_42894,MA1,42894,615,0,0.49389693,0.49368277,0.37127808,0.49389693,0
MA2_49745,MA2,49745,614,0,0.49389693,0.49389693,0.49389693,0.49389693,0
MA2_55094,MA2,55094,58,0,0.49389693,0.49389693,0.49389693,0.49389693,0
MA2_2094,MA2,2094,566,0,0.49389693,0.4938969,0.49389693,0.49389693,0
MA1_10232,MA1,10232,420,0,0.49389693,0.49389693,0.49389693,0.49389693,0
MA1_11561,MA1,11561,562,0,0.49389693,0.49389693,0.49389693,0.49389693,0
MA2_76099,MA2,76099,520,0,0.49389693,0.49389696,0.49389693,0.49389693,0
MA2_65565,MA2,65565,421,0,0.49389693,0.49389693,0.49389693,0.49389693,0
MA2_13800,MA2,13800,451,0,0.49389693,0.49389693,0.49389693,0.49389693,0
MA2_97405,MA2,97405,376,0,0.49389693,0.49389693,0.49389693,0.49389693,0
MA2_120312,MA2,120312,444,0,0.49389693,0.49389693,0.49389693,0.49389693,0
MA2_41947,MA2,41947,444,0,0.49389693,0.49389693,0.49389693,0.49389693,0
MA2_98626,MA2,98626,444,0,0.49389693,0.49389693,0.49389693,0.49389693,0
MA2_52792,MA2,52792,444,0,0.49389693,0.49389693,0.49389693,0.49389693,0
MA2_100017,MA2,100017,444,0,0.49389693,0.49389693,0.49389693,0.49389693,0
MA2_13085,MA2,13085,444,0,0.49389693,0.49389693,0.49389693,0.49389693,0
MA2_45836,MA2,45836,444,0,0.49389693,0.49389693,0.49389693,0.49389693,0
MA2_101436,MA2,101436,444,0,0.49389693,0.49389693,0.49389693,0.49389693,0
MA2_11840,MA2,11840,443,0,0.49389693,0.49389693,0.49389693,0.49389693,0
MA2_32868,MA2,32868,168,0,0.49389693,0.49389693,0.49389693,0.49389693,0
MA2_41176,MA2,41176,443,0,0.49389693,0.49389693,0.49389693,0.49389693,0
MA2_118292,MA2,118292,169,0,0.49389693,0.49389693,0.49389693,0.49389693,0
MA2_78757,MA2,78757,170,0,0.49389693,0.49389693,0.49389693,0.49389693,0
MA2_10896,MA2,10896,169,0,0.49389693,0.49389693,0.49389693,0.49389693,0
MA2_103034,MA2,103034,169,0,0.49389693,0.49389693,0.49389693,0.49389693,0
MA1_34749,MA1,34749,96,0,0.49389693,0.49389693,0.49389693,0.49389693,0
MA2_89709,MA2,89709,416,0,0.49389693,0.49389693,0.49389693,0.49389693,0
MA2_62708,MA2,62708,390,0,0.49389693,0.4938969,0.49389693,0.49389693,0
MA2_10933,MA2,10933,388,0,0.49389693,0.49389693,0.49389693,0.49389693,0
MA2_42430,MA2,42430,244,0,0.49389693,0.49389693,0.49389693,0.49389693,0
MA1_32417,MA1,32417,11,0,0.49389693,0.49389693,0.49389693,0.49389693,0
MA1_8878,MA1,8878,369,0,0.49389693,0.49389693,0.49389693,0.49389693,0
MA2_31718,MA2,31718,353,0,0.49389693,0.49389693,0.49389693,0.49389693,0
MA1_7226,MA1,7226,305,0,0.49389693,0.49389693,0.49389693,0.49389693,0
MA1_4374,MA1,4374,305,0,0.49389693,0.49389693,0.49389693,0.49389693,0
MA1_14850,MA1,14850,282,0,0.49389693,0.49389693,0.49389693,0.49389693,0
MA1_15948,MA1,15948,282,0,0.49389693,0.49389693,0.49389693,0.49389693,0
MA1_30006,MA1,30006,277,0,0.49389693,0.49389693,0.49389693,0.49389693,0
MA1_2278,MA1,2278,277,0,0.49389693,0.49389693,0.49389693,0.49389693,0
MA1_5048,MA1,5048,277,0,0.49389693,0.49389693,0.49389693,0.49389693,0
MA1_20514,MA1,20514,262,0,0.49389693,0.49389696,0.49389693,0.49389693,0
MA1_26675,MA1,26675,248,0,0.49389693,0.49389693,0.49389693,0.49389693,0
MA1_8867,MA1,8867,214,0,0.49389693,0.49389696,0.49389693,0.49389693,0
MA2_77344,MA2,77344,200,0,0.49389693,0.49389693,0.49389693,0.49389693,0
MA2_4963,MA2,4963,181,0,0.49389693,0.49389696,0.49389693,0.49389693,0
MA2_116560,MA2,116560,96,0,0.49389693,0.49389693,0.49389693,0.49389693,0
MA1_36433,MA1,36433,82,0,0.49389693,0.49389696,0.49389693,0.49389693,0
